member_id,plan_id,plan_type,valuation_date,status,age,gender,service_years,retirement_age_assumption,salary_current,salary_5y_avg,salary_growth_assumption,contribution_rate_employee,contribution_rate_employer,accrual_rate,benefit_formula,termination_rate,mortality_table,mortality_improvement_scale,discount_rate_base,inflation_assumption,expected_return_on_assets,asset_allocation_equity,asset_allocation_fixed_income,asset_allocation_alts,asset_allocation_cash,assets_market_value_member,liability_pv_member,funded_ratio_member,liability_duration,benefit_payments_next_year_member,probability_retirement_next_year,probability_mortality_next_year,scenario_id,shock_interest_rate_bps,shock_equity_return,shock_inflation_bps,surplus_change_scenario_member,VaR_95_member,CTE_99_member,country,currency
M00001,P003,DC,12/31/2025,Active,49,F,17,61,805947.6944,730115.026,0.050649324,0.114419159,0.1772201,,account_balance,0.020860233,IALM_2012-14_Ultimate,None,0.05847777,0.058088335,0.094961908,0.320357146,0.368273543,0.092873641,0.218495671,7826683.772,7826683.772,1,15.68701662,0,0,0.0062,baseline,0,0,0,0,884757.3859,1503818.633,IN,INR
M00002,P006,DC,12/31/2025,Deferred,50,M,20,62,1512975.735,1334113.562,0.064926371,0.075391129,0.179441078,,account_balance,0.089809757,VBT-2015,None,0.072185155,0.036401696,0.098833881,0.253893973,0.121474,0.553478076,0.071153951,17450084.28,17450084.28,1,12.30293517,0,0,0.0065,rate_down_100bps,-100,0,50,-2040885.979,2409095.453,4094730.022,IN,INR
M00003,P005,DB,12/31/2025,Active,50,M,17,67,794836.5896,737390.9146,0.038221539,0.062722358,0.114365807,0.015217526,career_average,0.060096215,RP-2010,MP-2021,0.06694178,0.040727061,0.0715408,0.391317208,0.552449129,0.047088263,0.0091454,1737352.242,2093501.769,0.829878564,10.97444504,0,0,0.0065,rate_up_100bps,100,0,-50,181760.2645,243442.9213,413778.9714,IN,INR
M00004,P004,Hybrid,12/31/2025,Active,45,M,14,65,653481.0547,614022.5083,0.031630931,0.063977172,0.071602845,0.062281408,cash_balance,0.043721962,RP-2014,MP-2021,0.078907363,0.042873248,0.06746518,0.463646998,0.349091832,0.092932906,0.094328264,710859.6037,763126.9964,0.931508919,17.18980867,0,0,0.005,baseline,0,0,0,0,111933.9289,190253.6566,IN,INR
M00005,P001,DB,12/31/2025,Active,42,F,13,60,1780840.367,1594280.4,0.05689086,0.058525423,0.069644457,0.013603455,flat,0.017722926,RP-2010,None,0.064521693,0.051372393,0.093275687,0.308891525,0.264076613,0.304045131,0.12298673,2609765.287,3438880.588,0.758899654,12.1971908,0,0,0.0041,baseline,0,0,0,0,315483.4866,536226.0356,IN,INR
M00006,P001,DB,12/31/2025,Active,42,F,21,62,1021506.173,937564.5305,0.043806299,0.017773615,0.062366208,0.018316047,final_average,0.092940304,RP-2010,MP-2021,0.056188826,0.051037096,0.083297214,0.270649035,0.614032424,0.112888956,0.002429585,5509717.41,6213648.79,0.886712075,17.23036594,0,0,0.0041,rate_down_100bps,-100,0,50,-901477.1678,606026.5257,1030060.891,IN,INR
M00007,P001,DB,12/31/2025,Active,42,M,17,65,1004066.807,945137.5701,0.030703597,0.003359319,0.095861587,0.016530766,final_average,0.072535397,RP-2014,MP-2021,0.059440997,0.058851734,0.09537473,0.392369015,0.54057749,0.044595821,0.022457674,3738785.118,4688338.703,0.797464807,17.65151793,0,0,0.0041,baseline,0,0,0,0,523275.8508,889409.896,IN,INR
M00008,P006,DC,12/31/2025,Active,55,M,14,65,869188.9812,803529.1433,0.04005496,0.117005831,0.168496857,,account_balance,0.12608536,RP-2014,MP-2021,0.071831328,0.035655363,0.073900716,0.520237454,0.468794215,0.006925498,0.004042833,5290403.439,5290403.439,1,12.65797633,0,0,0.008,equity_down_20,0,-0.2,0,-550453.2036,938027.2916,1594361.281,IN,INR
M00009,P004,Hybrid,12/31/2025,Active,50,M,8,66,757926.6168,697558.7529,0.042373071,0.042752215,0.094837592,0.10723443,cash_balance,0.07268788,IAM-2012,MP-2021,0.067994193,0.043521886,0.083250164,0.720870334,0.241791785,0.036309887,0.001027994,766361.5082,713162.892,1.074595323,15.46470093,0,0,0.0065,high_inflation,150,-0.05,300,123912.905,182755.5743,310628.9275,IN,INR
M00010,P004,Hybrid,12/31/2025,Active,20,F,16,63,909290.0063,817459.6427,0.054673535,0.006180424,0.078718172,0.057648514,cash_balance,0.042161185,RP-2014,MP-2020,0.051704344,0.036111975,0.083088477,0.244067457,0.440900143,0.14185846,0.17317394,1060325.026,986598.9512,1.074727501,12.56899267,0,0,0.0005,baseline,0,0,0,0,101336.1836,172240.7108,IN,INR
M00011,P001,DB,12/31/2025,Active,51,M,5,67,230474.4222,214361.1663,0.036903432,0.081496734,0.130408102,0.017564405,final_average,0.010652721,IALM_2012-14_Ultimate,MI-2012,0.05839782,0.050176879,0.067529274,0.441057397,0.396358315,0.153876053,0.008708235,296394.589,280652.577,1.056090745,14.90800342,0,0,0.0068,equity_down_20,0,-0.2,0,-26145.40516,45445.5027,77243.54136,IN,INR
M00012,P006,DC,12/31/2025,Active,46,F,13,64,427555.3128,390387.0817,0.046522174,0.116339109,0.100074763,,account_balance,0.014608937,IAM-2012,MP-2020,0.061869459,0.036390926,0.099677268,0.121590167,0.56075897,0.243681253,0.073969609,2036798.162,2036798.162,1,15.9467824,0,0,0.0053,equity_down_20,0,-0.2,0,-49530.92594,170153.5146,289209.2565,IN,INR
M00013,P005,DB,12/31/2025,Active,44,M,10,65,1174723.312,1066932.771,0.049299018,0.091363275,0.098665271,0.02319755,final_average,0.055110006,IALM_2012-14_Ultimate,MI-2012,0.079014382,0.056036795,0.086562372,0.438272246,0.258786913,0.286681929,0.016258912,4367840.187,3649686.863,1.196771216,14.7460748,0,0,0.0047,baseline,0,0,0,0,685712.3806,1165502.624,IN,INR
M00014,P002,DB,12/31/2025,Active,40,F,3,64,1676551.925,1525415.858,0.048369496,0.015441011,0.09907485,0.013338001,final_average,0.035054763,IAM-2012,MP-2021,0.079217078,0.059482216,0.086565814,0.184775315,0.419023366,0.025709508,0.37049181,716168.3375,708412.4765,1.010948228,11.60609004,0,0,0.0035,rate_up_100bps,100,0,-50,67214.42652,52962.12343,90019.51192,IN,INR
M00015,P002,DB,12/31/2025,Active,55,F,14,61,1818641.669,1591571.501,0.068957631,0.005693496,0.076046077,0.011390676,career_average,0.051746453,IAM-2012,None,0.077919505,0.039505206,0.071874786,0.242316667,0.578796407,0.105441993,0.073444933,2510736.413,2988194.925,0.840218418,11.77349064,0,0,0.008,rate_up_100bps,100,0,-50,279154.5891,251748.5841,427896.0737,IN,INR
M00016,P002,DB,12/31/2025,Active,53,M,7,67,640081.43,601211.3927,0.03182017,0.04823161,0.080522507,0.01754644,final_average,0.066604516,IALM_2012-14_Ultimate,MP-2021,0.082738459,0.052180857,0.08601529,0.306891143,0.524612275,0.08082859,0.087667992,1420522.85,1237277.264,1.148103898,16.755322,0,0,0.0074,rate_down_100bps,-100,0,50,-170048.6033,162785.4804,276685.8378,IN,INR
M00017,P002,DB,12/31/2025,Active,36,M,13,61,1073859.469,941398.387,0.068038727,0.018912934,0.126015763,0.016695816,final_average,0.055081154,VBT-2015,MP-2021,0.084955189,0.045984022,0.093319042,0.490758294,0.455608649,0.047784352,0.005848706,2426865.215,2876190.477,0.843777641,14.07645158,0,0,0.0023,rate_up_100bps,100,0,-50,349580.5209,407397.7392,692452.3276,IN,INR
M00018,P003,DC,12/31/2025,Active,48,M,6,62,366933.6067,330751.5479,0.053277489,0.080054166,0.172287066,,account_balance,0.173333333,VBT-2015,MP-2021,0.052844329,0.040778374,0.0925401,0.308600588,0.282965122,0.242719972,0.165714318,653060.6453,653060.6453,1,17.11417,0,0,0.0059,baseline,0,0,0,0,75572.82417,128450.8306,IN,INR
M00019,P003,DC,12/31/2025,Active,34,M,17,66,840602.974,745558.4017,0.061829109,0.071828641,0.139379162,,account_balance,0.073737724,RP-2010,None,0.069722292,0.035736795,0.096789001,0.40416872,0.393245568,0.178938657,0.023647055,5870658.077,5870658.077,1,12.76948417,0,0,0.0017,baseline,0,0,0,0,839231.6097,1426438.651,IN,INR
M00020,P002,DB,12/31/2025,Active,30,F,26,64,1426395.952,1300672.04,0.047215705,0.041261968,0.137561196,0.013204274,final_average,0.003614997,VBT-2015,None,0.055958371,0.051576243,0.065947125,0.418655507,0.370070854,0.036430326,0.174843313,4417559.134,5076839.125,0.870139673,11.36940458,0,0,0.0005,high_inflation,150,-0.05,300,650727.0555,630424.5305,1071530.083,IN,INR
M00021,P004,Hybrid,12/31/2025,Active,38,M,5,66,976886.9319,889189.8765,0.048153515,0.092674777,0.108074317,0.089224304,cash_balance,0.123939088,RP-2010,MP-2021,0.064162405,0.034762292,0.067313097,0.463301977,0.379189362,0.142697718,0.014810943,446468.409,440008.3019,1.014681785,14.47388721,0,0,0.0029,rate_up_100bps,100,0,-50,55221.50176,71194.59571,121009.173,IN,INR
M00022,P001,DB,12/31/2025,Active,53,F,6,64,848065.7894,747462.1342,0.06517306,0.038441821,0.122742926,0.02456288,final_average,0.104225403,VBT-2015,MP-2021,0.076527882,0.038419125,0.088406749,0.191672836,0.754526264,0.033185895,0.020615004,1514643.363,1873814.984,0.808320659,17.01010453,0,0,0.0074,baseline,0,0,0,0,148138.6178,251790.6233,IN,INR
M00023,P002,DB,12/31/2025,Active,54,M,4,63,978738.6927,861558.682,0.06583738,0.009310928,0.103553703,0.021037048,final_average,0.079634419,RP-2010,None,0.074066349,0.057588346,0.092309546,0.247336101,0.575961512,0.123135257,0.053567131,1003533.7,979615.5059,1.0244159,13.51219817,0,0,0.0077,rate_up_100bps,100,0,-50,103467.7491,102561.3794,174323.1714,IN,INR
M00024,P003,DC,12/31/2025,Active,49,M,9,67,1753775.409,1622875.685,0.039547555,0.067988111,0.085185321,,account_balance,0.085901251,RP-2010,MI-2012,0.055142385,0.045250937,0.086972403,0.274075362,0.579282259,0.078421637,0.068220742,3256076.016,3256076.016,1,11.50036463,0,0,0.0062,equity_down_20,0,-0.2,0,-178482.0425,351304.4086,597110.7152,IN,INR
M00025,P003,DC,12/31/2025,Active,51,M,13,60,881944.3647,818600.2228,0.037969675,0.064615379,0.171158406,,account_balance,0.027951176,RP-2014,MP-2020,0.080283263,0.055622538,0.065714327,0.40877417,0.468643289,0.073228485,0.049354056,3794686.958,3794686.958,1,10.99376038,0,0,0.0068,baseline,0,0,0,0,542465.353,922026.217,IN,INR
M00026,P005,DB,12/31/2025,Active,49,M,16,66,1017327.751,923011.0009,0.049849407,0.018515169,0.063918596,0.012232838,career_average,0.075330189,RP-2010,MP-2021,0.08148067,0.053026321,0.083797936,0.059803157,0.73761055,0.157544246,0.045042047,2088273.477,2356262.79,0.8862651,13.04276375,0,0,0.0062,rate_down_100bps,-100,0,50,-230305.1615,170357.3142,289555.6538,IN,INR
M00027,P002,DB,12/31/2025,Active,38,M,12,62,1950756.041,1716641.163,0.066011081,0.046656171,0.048498114,0.016659367,career_average,0.051110251,IALM_2012-14_Ultimate,MP-2021,0.055567355,0.041287168,0.089935258,0.302775898,0.566936703,0.028612118,0.101675281,5909013.673,5727291.506,1.031729163,16.68898901,0,0,0.0029,baseline,0,0,0,0,676024.4355,1149036.062,IN,INR
M00028,P003,DC,12/31/2025,Active,48,M,16,66,888469.1006,816886.692,0.042894204,0.091232489,0.116075429,,account_balance,0.019722296,IALM_2012-14_Ultimate,MP-2021,0.074626362,0.036540734,0.065479221,0.100503104,0.523045145,0.320563797,0.055887954,4500466.881,4500466.881,1,11.57105338,0,0,0.0059,rate_up_100bps,100,0,-50,403054.0575,396540.3651,673998.0917,IN,INR
M00029,P004,Hybrid,12/31/2025,Active,52,M,10,62,471448.2272,422707.4383,0.056080585,0.087261797,0.103755073,0.066892206,cash_balance,0.034833328,RP-2010,MP-2021,0.087809172,0.032997323,0.062233369,0.289067761,0.505023956,0.142727433,0.06318085,392876.4295,374332.7277,1.049538019,13.9835306,0,0,0.0071,rate_up_100bps,100,0,-50,42424.3311,43614.81083,74131.92162,IN,INR
M00030,P001,DB,12/31/2025,Active,52,M,7,64,1822616.399,1627257.518,0.058326068,0.004926073,0.052222013,0.008144821,flat,0.046541315,IALM_2012-14_Ultimate,MP-2021,0.053757634,0.058818835,0.070191921,0.16360988,0.462221441,0.359663541,0.014505138,908398.4913,979479.2544,0.927430047,10.55745849,0,0,0.0071,equity_down_20,0,-0.2,0,-29724.59365,90928.05136,154550.0496,IN,INR
M00031,P004,Hybrid,12/31/2025,Active,56,M,6,66,1555049.078,1380997.873,0.061146987,0.016090336,0.139057685,0.065190034,cash_balance,0.020630618,VBT-2015,MP-2021,0.056584271,0.039741039,0.063630072,0.29819901,0.397520599,0.079918008,0.224362382,562473.3642,603022.8202,0.932756349,15.68754389,0,0,0.0083,high_inflation,150,-0.05,300,116743.1482,60126.75048,102197.2002,IN,INR
M00032,P001,DB,12/31/2025,Active,51,M,10,64,363124.3141,327766.1498,0.052556978,0.027529014,0.079322928,0.011553048,career_average,0.122325903,IALM_2012-14_Ultimate,MP-2020,0.080620982,0.050193442,0.065941575,0.14385273,0.724349285,0.129862926,0.001935059,446977.0218,497285.7494,0.898833361,13.13243709,0,0,0.0068,baseline,0,0,0,0,39999.66463,67987.27193,IN,INR
M00033,P001,DB,12/31/2025,Active,48,M,6,65,928584.5024,848548.1983,0.046098207,0.059486585,0.131995545,0.016844243,career_average,0.084914023,RP-2014,MI-2012,0.063477028,0.051908947,0.068134959,0.14687579,0.73036624,0.119313506,0.003444463,870864.2026,955981.5301,0.910963418,11.14731392,0,0,0.0059,baseline,0,0,0,0,78311.50861,133105.7617,IN,INR
M00034,P006,DC,12/31/2025,Active,55,F,13,66,974838.2043,853565.1157,0.06868064,0.117719365,0.124600382,,account_balance,0.044991361,IALM_2012-14_Ultimate,None,0.088222864,0.035930491,0.081227672,0.527068586,0.406185269,0.029931661,0.036814483,4467147.626,4467147.626,1,15.79463899,0,0,0.008,high_inflation,150,-0.05,300,804543.3845,795503.7275,1352114.542,IN,INR
M00035,P006,DC,12/31/2025,Active,44,M,6,65,1822815.523,1639411.87,0.05445323,0.067932432,0.136162274,,account_balance,0.015952593,VBT-2015,MP-2020,0.074974522,0.050814087,0.066234343,0.353201926,0.54009821,0.088205505,0.018494359,2433487.198,2433487.198,1,15.55238071,0,0,0.0047,rate_up_100bps,100,0,-50,312749.0896,313987.8499,533683.9079,IN,INR
M00036,P005,DB,12/31/2025,Active,35,F,8,67,978257.5357,872055.8958,0.059142608,0.071667187,0.037106808,0.011319733,flat,0.0258627,VBT-2015,MP-2021,0.069328013,0.030279333,0.084187287,0.541167864,0.313237251,0.041991355,0.10360353,809972.9,734596.5673,1.102609155,9.302044586,0,0,0.002,rate_up_100bps,100,0,-50,55646.81599,146529.429,249055.4914,IN,INR
M00037,P002,DB,12/31/2025,Active,42,M,19,63,1060937.148,973768.3214,0.043799314,0.010045602,0.060932123,0.010881356,flat,0.041277206,RP-2010,MP-2021,0.06350654,0.042546086,0.071626412,0.204781767,0.660581921,0.079733397,0.054902914,2465231.987,2612162.51,0.943751385,12.97501674,0,0,0.0041,rate_down_100bps,-100,0,50,-257504.139,234374.1857,398364.8774,IN,INR
M00038,P001,DB,12/31/2025,Active,37,F,20,62,1075873.796,963335.1152,0.056797967,0.06245575,0.088837658,0.018680984,final_average,0.053165661,IAM-2012,None,0.059564989,0.040512212,0.072422198,0.47029663,0.444947267,0.06917871,0.015577393,5527229.483,5160272.827,1.071111871,14.33723904,0,0,0.0026,rate_down_100bps,-100,0,50,-616874.3676,892195.1238,1516460.527,IN,INR
M00039,P004,Hybrid,12/31/2025,Active,37,M,20,60,798315.6248,737645.1501,0.040311906,0.011301263,0.14353643,0.095487627,cash_balance,0.034312047,VBT-2015,MP-2021,0.076000832,0.057984412,0.098695941,0.616106142,0.350318113,0.021246721,0.012329024,2375901.59,2295665.65,1.034951056,11.30375373,0,0,0.0026,baseline,0,0,0,0,488650.8855,830557.9792,IN,INR
M00040,P003,DC,12/31/2025,Active,43,F,10,62,1765163.112,1632608.219,0.039803877,0.090405852,0.135231346,,account_balance,0.019892625,RP-2010,MP-2021,0.073681158,0.059580754,0.092206102,0.085759516,0.44075069,0.359022288,0.114467506,5725529.665,5725529.665,1,9.506626292,0,0,0.0044,rate_up_100bps,100,0,-50,418128.151,502894.3573,854767.552,IN,INR
M00041,P001,DB,12/31/2025,Active,36,M,7,62,689332.7683,615140.4158,0.058588888,0.017787063,0.106769266,0.019370642,final_average,0.088570611,RP-2010,MP-2021,0.064316513,0.038638128,0.076965697,0.41145941,0.292758655,0.284987155,0.01079478,954026.6863,963864.2407,0.989793631,11.55578776,0,0,0.0023,baseline,0,0,0,0,142545.8739,242284.6586,IN,INR
M00042,P003,DC,12/31/2025,Active,41,F,14,64,791391.7155,716646.9505,0.050855789,0.116847383,0.075991647,,account_balance,0.081192063,IALM_2012-14_Ultimate,MP-2021,0.08671107,0.048300101,0.077898173,0.320458805,0.252452737,0.151678396,0.275410063,3270938.526,3270938.526,1,16.8041653,0,0,0.0038,rate_down_100bps,-100,0,50,-508366.0477,367941.3803,625388.5103,IN,INR
M00043,P001,DB,12/31/2025,Active,25,M,6,62,981982.3445,878378.497,0.057331064,0.061639552,0.035615022,0.018821905,final_average,0.151326983,IALM_2012-14_Ultimate,MP-2021,0.080472156,0.052356582,0.064591706,0.707165549,0.133616305,0.126185941,0.033032206,1141772.886,1195711.86,0.954889656,12.05396718,0,0,0.0005,baseline,0,0,0,0,267584.8386,454812.8929,IN,INR
M00044,P006,DC,12/31/2025,Active,46,M,16,60,539218.5252,497793.2248,0.04077754,0.1197906,0.107485544,,account_balance,0.082162907,RP-2010,MP-2021,0.060402695,0.035733048,0.093781664,0.321358828,0.377017055,0.226296583,0.075327534,3708240.773,3708240.773,1,16.08020001,0,0,0.0053,equity_down_20,0,-0.2,0,-238335.1817,447453.3143,760534.6303,IN,INR
M00045,P002,DB,12/31/2025,Active,44,F,7,60,2179125.366,1961747.368,0.053948934,0.017602815,0.037909638,0.011498818,flat,0.09339273,RP-2014,MP-2020,0.087734639,0.050598315,0.06015956,0.348793404,0.543286432,0.083781147,0.024139016,2226267.833,2419095.488,0.920289358,15.31999735,0,0,0.0047,high_inflation,150,-0.05,300,426370.0869,284381.5817,483362.2507,IN,INR
M00046,P004,Hybrid,12/31/2025,Active,36,M,9,66,984230.0902,896551.4338,0.047757346,0.099017281,0.136043991,0.067722574,cash_balance,0.114454921,RP-2010,MP-2021,0.080221564,0.037731016,0.065779224,0.543447805,0.253225737,0.201765314,0.001561143,698279.2955,688794.5542,1.013770058,17.62740855,0,0,0.0023,baseline,0,0,0,0,129093.6729,219420.0057,IN,INR
M00047,P002,DB,12/31/2025,Active,51,M,16,64,1426983.425,1284807.054,0.053878411,0.042183673,0.120364435,0.012700676,career_average,0.101727169,IALM_2012-14_Ultimate,MP-2021,0.085884277,0.035065767,0.081362569,0.379782342,0.146426656,0.470738348,0.003052654,4317523.402,4398849.047,0.981512063,16.84823216,0,0,0.0068,baseline,0,0,0,0,675189.3704,1147616.705,IN,INR
M00048,P003,DC,12/31/2025,Active,53,M,3,63,639940.7762,589805.0646,0.041635189,0.078933489,0.176679801,,account_balance,0.127680556,VBT-2015,MP-2021,0.055448799,0.055520284,0.067537133,0.278006612,0.597944622,0.118239389,0.005809377,498870.3232,498870.3232,1,17.47427299,0,0,0.0074,rate_down_100bps,-100,0,50,-72259.1208,55537.29411,94396.51935,IN,INR
M00049,P003,DC,12/31/2025,Active,28,M,7,66,1356312.89,1210267.328,0.058618039,0.095846029,0.077716222,,account_balance,0.168888889,RP-2014,MP-2021,0.05131987,0.045074375,0.085311205,0.180555876,0.358955292,0.42697986,0.033508972,1958279.283,1958279.283,1,9.209654512,0,0,0.0005,rate_down_100bps,-100,0,50,-145204.0208,213518.1208,362915.9062,IN,INR
M00050,P002,DB,12/31/2025,Active,36,F,13,61,1409107.997,1248824.147,0.062237175,0.058389371,0.043443379,0.010454736,career_average,0.021427535,IAM-2012,MP-2021,0.069716731,0.038908915,0.060145618,0.543324844,0.40658563,0.006761895,0.043327632,1746419.506,1981702.877,0.881272125,11.6756437,0,0,0.0023,equity_down_20,0,-0.2,0,-189774.621,319960.3258,543835.3016,IN,INR
M00051,P006,DC,12/31/2025,Active,36,M,15,68,1503627.616,1389128.417,0.040396659,0.050088799,0.139797723,,account_balance,0.024016955,VBT-2015,MP-2021,0.067926115,0.042140889,0.063936483,0.208161327,0.732850095,0.046370841,0.012617737,6297897.018,6297897.018,1,16.85476226,0,0,0.0023,baseline,0,0,0,0,629978.5949,1070772.128,IN,INR
M00052,P005,DB,12/31/2025,Active,35,F,14,64,2320399.503,2137010.394,0.042024822,0.05719511,0.128727889,0.013226679,final_average,0.137777778,IALM_2012-14_Ultimate,MP-2021,0.084792158,0.042395125,0.090587339,0.508058328,0.355170614,0.050868792,0.085902265,4839009.067,4888859.695,0.98980322,12.35441245,0,0,0.002,rate_up_100bps,100,0,-50,518056.1994,827898.1074,1407175.142,IN,INR
M00053,P006,DC,12/31/2025,Active,52,M,9,62,765889.6512,686232.7723,0.056446171,0.08175327,0.092043881,,account_balance,0.105828034,VBT-2015,None,0.056885817,0.053101032,0.083060859,0.28905228,0.64537248,0.019894014,0.045681226,1537072.987,1537072.987,1,9.474685781,0,0,0.0071,high_inflation,150,-0.05,300,121835.6857,176040.984,299216.1649,IN,INR
M00054,P006,DC,12/31/2025,Active,42,M,17,65,905288.0217,809022.1808,0.057823407,0.056152172,0.157648627,,account_balance,0.122329593,VBT-2015,MP-2021,0.050943289,0.056602743,0.060778326,0.225082131,0.61746827,0.083952302,0.073497297,4855434.453,4855434.453,1,17.35755609,0,0,0.0041,rate_up_100bps,100,0,-50,692880.9228,472600.824,803277.7531,IN,INR
M00055,P004,Hybrid,12/31/2025,Active,41,F,6,65,673092.436,601130.4894,0.058163987,0.04358411,0.061649543,0.055972248,cash_balance,0.054548294,IALM_2012-14_Ultimate,MP-2021,0.071169912,0.044269885,0.068232568,0.474965785,0.430986878,0.092607166,0.001440171,234997.9185,231637.8281,1.014505793,13.06797277,0,0,0.0038,baseline,0,0,0,0,38299.65499,65097.77225,IN,INR
M00056,P006,DC,12/31/2025,Active,24,F,5,63,942882.8259,843441.0574,0.05730794,0.058198052,0.1528564,,account_balance,0.052110981,VBT-2015,MI-2012,0.057102644,0.039686585,0.069558533,0.339642981,0.350466409,0.126342178,0.183548432,1053005.529,1053005.529,1,9.466281665,0,0,0.0005,baseline,0,0,0,0,125983.0029,214132.8122,IN,INR
M00057,P001,DB,12/31/2025,Active,50,F,13,66,1327559.144,1214030.055,0.045712309,0.069742546,0.146132659,0.013082678,career_average,0.142222222,RP-2010,MP-2020,0.051980359,0.05181794,0.093962423,0.311163894,0.598955323,0.0441424,0.045738383,2373868.519,2385680.508,0.995048797,11.55427834,0,0,0.0065,rate_down_100bps,-100,0,50,-204556.1068,281396.2207,478288.0444,IN,INR
M00058,P002,DB,12/31/2025,Active,32,M,5,62,1295757.731,1184762.761,0.045794147,0.036761597,0.140462757,0.014131241,career_average,0.025788425,RP-2014,MI-2012,0.050888258,0.057159338,0.0833015,0.394147497,0.489525428,0.107089728,0.009237347,1058053.202,1398136.084,0.756759813,16.70197152,0,0,0.0011,rate_down_100bps,-100,0,50,-207619.0932,148115.4924,251751.3172,IN,INR
M00059,P001,DB,12/31/2025,Active,45,M,26,63,2060251.285,1904112.422,0.040192705,0.086388603,0.073156618,0.021371556,final_average,0.084444444,IALM_2012-14_Ultimate,MP-2021,0.055697346,0.033422552,0.08165699,0.231399952,0.427130692,0.20781439,0.133654966,20397878.8,17041831.8,1.196929945,16.10698323,0,0,0.005,baseline,0,0,0,0,1962953.313,3336423.99,IN,INR
M00060,P002,DB,12/31/2025,Active,47,M,7,61,1227621.007,1143182.728,0.036273348,0.002928138,0.123579541,0.016396757,career_average,0.062954912,RP-2014,MP-2021,0.065034263,0.053904355,0.063468002,0.417073957,0.387306782,0.194799881,0.00081938,2572340.973,2358554.002,1.090643238,17.97521819,0,0,0.0056,rate_down_100bps,-100,0,50,-374140.9728,379527.8372,645081.9652,IN,INR
M00061,P003,DC,12/31/2025,Active,58,M,17,62,984858.0863,880331.2214,0.057703095,0.079141802,0.120346567,,account_balance,0.01861613,RP-2010,MP-2021,0.085358733,0.046715155,0.086277789,0.343735694,0.47459159,0.040855708,0.140817009,6032679.486,6032679.486,1,12.96029277,0,0,0.0089,rate_up_100bps,100,0,-50,638699.9761,740171.4524,1258066.493,IN,INR
M00062,P002,DB,12/31/2025,Active,31,M,4,62,602421.5671,563752.3024,0.033727551,0.051099185,0.061311176,0.011336107,career_average,0.175055271,IALM_2012-14_Ultimate,None,0.080422984,0.056028153,0.066235562,0.197798746,0.417712329,0.133251296,0.251237629,257585.6138,299667.9821,0.859570021,11.72271142,0,0,0.0008,rate_down_100bps,-100,0,50,-29749.37844,20995.35112,35685.71535,IN,INR
M00063,P005,DB,12/31/2025,Active,20,F,23,67,1454022.14,1275926.74,0.067511691,0.060703224,0.129635478,0.013132394,career_average,0.097777778,RP-2010,MP-2021,0.071206729,0.045423148,0.080869654,0.545555,0.331840886,0.068801902,0.053802212,4293049.477,3930308.49,1.092293261,10.19833266,0,0,0.0005,baseline,0,0,0,0,785449.4632,1335025.349,IN,INR
M00064,P002,DB,12/31/2025,Active,46,F,11,61,917654.8553,812003.1679,0.063067452,0.027607191,0.062147475,0.023980339,final_average,0.041012459,IAM-2012,MP-2021,0.067213791,0.055877274,0.083705417,0.576065752,0.299443908,0.117655039,0.0068353,2741243.665,2502322.572,1.095479734,11.68254756,0,0,0.0053,high_inflation,150,-0.05,300,297982.0533,529655.4389,900253.2567,IN,INR
M00065,P002,DB,12/31/2025,Retired,62,M,7,63,1468965.247,1296830.481,0.06430023,0.042747997,0.071193855,0.019955469,final_average,0.028950189,IAM-2012,None,0.068231963,0.04663452,0.093675045,0.213251436,0.398233895,0.335790173,0.052724496,1995689.643,1955844.372,1.020372414,10.79670186,181152.0219,0,0.0101,baseline,0,0,0,0,207990.4489,353520.5441,IN,INR
M00066,P003,DC,12/31/2025,Active,56,M,9,64,813297.9184,715348.9195,0.066266753,0.067259148,0.173990997,,account_balance,0.04667818,IAM-2012,None,0.085385777,0.034346468,0.092257883,0.240578488,0.233487011,0.517228214,0.008706287,2310422.27,2310422.27,1,15.01219341,0,0,0.0083,rate_up_100bps,100,0,-50,319872.3804,303189.1825,515329.4555,IN,INR
M00067,P001,DB,12/31/2025,Active,46,F,6,66,1690134.193,1543732.497,0.046344199,0.068690998,0.090849576,0.013231457,final_average,0.117325061,RP-2014,MI-2012,0.078985245,0.030148373,0.067604225,0.028040377,0.42354648,0.500483574,0.047929569,2008624.184,1948089.105,1.031074081,15.8956335,0,0,0.0053,equity_down_20,0,-0.2,0,-11264.5158,216278.0667,367606.9754,IN,INR
M00068,P005,DB,12/31/2025,Active,39,M,9,68,1171555.177,1035111.735,0.063868029,0.077354418,0.131197307,0.0197618,final_average,0.073499205,IAM-2012,MI-2012,0.056880501,0.048600412,0.09664767,0.564870085,0.353927052,0.009896603,0.07130626,2458175.786,2988434.579,0.822563024,16.23257887,0,0,0.0032,baseline,0,0,0,0,464867.1286,790132.8216,IN,INR
M00069,P001,DB,12/31/2025,Active,52,M,5,65,1538800.01,1432822.412,0.036322452,0.073782733,0.093366256,0.01707866,final_average,0.13231736,IAM-2012,MP-2020,0.087589276,0.047763343,0.060110181,0.50826263,0.212609856,0.012026815,0.267100699,1770175.352,1929455.684,0.917448048,15.76952583,0,0,0.0071,baseline,0,0,0,0,298458.5468,507288.8126,IN,INR
M00070,P006,DC,12/31/2025,Active,34,M,7,68,1171289.359,1102199.076,0.030865672,0.114459377,0.179810036,,account_balance,0.10929398,RP-2010,MP-2021,0.080916602,0.036306716,0.073205025,0.120245237,0.7278399,0.092706046,0.059208818,2907318.732,2907318.732,1,13.41306398,0,0,0.0017,rate_down_100bps,-100,0,50,-284157.3928,244311.0052,415254.4502,IN,INR
M00071,P005,DB,12/31/2025,Active,49,M,17,65,649266.5582,576326.279,0.061395656,0.099945052,0.060213112,0.010237481,career_average,0.124444444,VBT-2015,MP-2020,0.051366243,0.055518948,0.062654659,0.505806959,0.365093453,0.114787566,0.014312021,1275407.282,1257004.092,1.014640518,12.53216841,0,0,0.0062,rate_up_100bps,100,0,-50,134247.7272,219074.8829,372360.7129,IN,INR
M00072,P002,DB,12/31/2025,Active,49,F,12,67,835328.3448,782822.7075,0.032991866,0.084866531,0.097543424,0.022552844,final_average,0.015183159,VBT-2015,MP-2021,0.070090281,0.056032808,0.088838598,0.131561767,0.842883982,0.012819111,0.01273514,1646564.321,2097690.563,0.784941473,9.901373403,0,0,0.0062,rate_down_100bps,-100,0,50,-138307.0409,154469.7911,262551.6936,IN,INR
M00073,P001,DB,12/31/2025,Active,55,M,5,65,553387.0186,483764.6197,0.069540987,0.026002337,0.099982495,0.010886097,flat,0.093883442,IAM-2012,MP-2021,0.076111272,0.054125356,0.080008996,0.200546544,0.59989236,0.015944484,0.183616612,445246.252,374114.0776,1.190134985,14.20782959,0,0,0.008,baseline,0,0,0,0,39519.50075,67171.13926,IN,INR
M00074,P005,DB,12/31/2025,Retired,72,M,9,61,1069915.933,957649.0267,0.056991857,0.019510581,0.099228708,0.011591441,career_average,0.034756961,VBT-2015,MP-2021,0.05243956,0.058097601,0.066997724,0.188794477,0.412435886,0.39145276,0.007316877,1039586.086,1306302.088,0.795823642,13.0754701,99904.78952,0,0.0131,high_inflation,150,-0.05,300,214237.1072,111416.5821,189374.3244,IN,INR
M00075,P004,Hybrid,12/31/2025,Active,48,M,21,63,509820.8769,453620.6551,0.060137988,0.031402125,0.039240419,0.065499895,cash_balance,0.088105499,IAM-2012,MP-2021,0.064122407,0.045199898,0.063405233,0.170318942,0.618840667,0.161313541,0.04952685,916691.8601,964037.2949,0.950888378,11.18929718,0,0,0.0059,baseline,0,0,0,0,81401.44755,138357.7188,IN,INR
M00076,P005,DB,12/31/2025,Active,39,F,8,65,1123820.159,1039370.371,0.039832154,0.045234485,0.120443507,0.017226062,career_average,0.063197321,IAM-2012,MP-2021,0.075932098,0.051069194,0.069043369,0.413551998,0.369879743,0.015471048,0.201097211,2698023.507,2323696.865,1.161090996,16.22307397,0,0,0.0032,baseline,0,0,0,0,380268.0633,646340.1246,IN,INR
M00077,P005,DB,12/31/2025,Active,44,F,5,63,193147.2777,172892.4036,0.056954616,0.085079938,0.139131384,0.012771214,final_average,0.117616237,RP-2014,MI-2012,0.082643507,0.057134005,0.096830058,0.630074056,0.304713567,0.045464198,0.019748179,128677.786,170016.1334,0.756856325,15.3996915,0,0,0.0047,equity_down_20,0,-0.2,0,-16215.30691,26978.21848,45854.77135,IN,INR
M00078,P001,DB,12/31/2025,Active,26,M,15,63,1417591.492,1331741.681,0.031728797,0.077836226,0.091262274,0.015397951,final_average,0.019429936,IALM_2012-14_Ultimate,None,0.089085516,0.043687442,0.08710619,0.282338015,0.313060855,0.209267155,0.195333975,4590615.345,4341173.321,1.057459586,14.11344205,0,0,0.0005,rate_down_100bps,-100,0,50,-540831.8829,487987.934,829431.1633,IN,INR
M00079,P002,DB,12/31/2025,Active,37,M,2,64,599198.8716,529767.5557,0.063513029,0.085124612,0.116259514,0.014079935,career_average,0.094792685,VBT-2015,MP-2020,0.054865218,0.048552832,0.069689627,0.231854964,0.356452849,0.076578403,0.335113784,149059.8033,161185.6763,0.924770778,10.80464381,0,0,0.0026,baseline,0,0,0,0,12749.05571,21669.51961,IN,INR
M00080,P001,DB,12/31/2025,Active,40,M,9,67,640969.8738,596293.7229,0.036784964,0.027195711,0.139681859,0.019593819,final_average,0.064420472,IAM-2012,MP-2021,0.075296096,0.0453837,0.095749785,0.075486702,0.792157931,0.040983962,0.091371405,1593940.181,1485833.989,1.072757921,14.13020451,0,0,0.0035,high_inflation,150,-0.05,300,214212.081,131415.9281,223367.1338,IN,INR
M00081,P006,DC,12/31/2025,Active,39,M,22,60,1825460.175,1631127.049,0.057894323,0.054799976,0.10648351,,account_balance,0.029962645,VBT-2015,None,0.085711587,0.059497566,0.065459787,0.681401446,0.158144405,0.113493823,0.046960326,11625404.29,11625404.29,1,10.83685878,0,0,0.0032,equity_down_20,0,-0.2,0,-1584313.458,2625471.191,4462503.008,IN,INR
M00082,P004,Hybrid,12/31/2025,Active,46,F,9,65,1136998.659,1053285.8,0.03897922,0.028324906,0.110919087,0.112315618,cash_balance,0.058482132,RP-2014,MP-2021,0.078676714,0.043128879,0.087537677,0.489771596,0.246067473,0.076299954,0.187860977,1357645.108,1336296.406,1.015976022,15.59055969,0,0,0.0053,rate_up_100bps,100,0,-50,191632.4737,222217.4965,377702.2008,IN,INR
M00083,P002,DB,12/31/2025,Active,36,M,18,65,1441004.284,1351091.777,0.032738127,0.010902316,0.11656853,0.021031414,final_average,0.095007287,RP-2014,MP-2020,0.075295985,0.039510955,0.076993818,0.369575505,0.456347653,0.172549594,0.001527248,5497484.415,5396916.803,1.018634271,10.55163845,0,0,0.0023,rate_down_100bps,-100,0,50,-444024.9432,737014.0335,1252699.84,IN,INR
M00084,P001,DB,12/31/2025,Active,55,M,5,67,626309.0964,568882.6579,0.049259747,0.068419774,0.061260294,0.00949345,flat,0.172049394,IAM-2012,MI-2012,0.058576879,0.048888939,0.070732646,0.323959682,0.176205273,0.479067394,0.020767651,481691.2172,422760.6077,1.139394751,15.65588901,0,0,0.008,rate_up_100bps,100,0,-50,61943.10489,69145.00409,117525.4902,IN,INR
M00085,P002,DB,12/31/2025,Active,44,F,9,67,1517922.459,1412158.776,0.036771448,0.014299755,0.099921345,0.015584198,career_average,0.14855006,VBT-2015,MP-2021,0.082611893,0.038420871,0.070492297,0.183976579,0.606414956,0.090473467,0.119134998,2066116.04,2746553.438,0.752257725,13.86684196,0,0,0.0047,baseline,0,0,0,0,179750.6213,305521.4208,IN,INR
M00086,P002,DB,12/31/2025,Active,44,M,9,65,925548.0279,825013.8776,0.05917776,0.066769776,0.131061014,0.015010952,final_average,0.16,VBT-2015,MI-2012,0.072499655,0.055727007,0.080032134,0.261224725,0.405448116,0.315407893,0.017919266,1617441.34,1982809.726,0.815731998,17.78971725,0,0,0.0047,rate_up_100bps,100,0,-50,319946.8166,183450.8654,311810.7111,IN,INR
M00087,P005,DB,12/31/2025,Active,41,F,14,64,1038129.187,960727.4807,0.039502634,0.06479643,0.065539528,0.014019203,career_average,0.021267422,VBT-2015,MP-2021,0.054456649,0.056767114,0.097259736,0.340689597,0.591943977,0.058182675,0.009183751,2748417.949,2489407.992,1.1040448,13.2021455,0,0,0.0038,baseline,0,0,0,0,348831.1681,592906.9581,IN,INR
M00088,P004,Hybrid,12/31/2025,Active,46,M,11,62,1925379.408,1767526.238,0.043698902,0.081024844,0.13766046,0.086955538,cash_balance,0.117517667,RP-2014,MI-2012,0.08742407,0.040352112,0.089692969,0.551646272,0.26762938,0.119347714,0.061376635,2319008.729,2298892.088,1.008750581,11.15743178,0,0,0.0053,baseline,0,0,0,0,428816.1289,728857.0798,IN,INR
M00089,P006,DC,12/31/2025,Deferred,52,M,23,64,583440.1225,526488.6957,0.05269757,0.063268798,0.143871915,,account_balance,0.082193328,RP-2010,MP-2021,0.089535629,0.040751093,0.086484751,0.266437982,0.44207238,0.169074201,0.122415437,6511096.885,6511096.885,1,16.55690307,0,0,0.0071,rate_up_100bps,100,0,-50,934117.1949,673692.5606,1145072.583,IN,INR
M00090,P003,DC,12/31/2025,Active,35,F,8,65,1484912.184,1369199.344,0.041398731,0.045221951,0.108841948,,account_balance,0.037266073,RP-2010,MP-2021,0.071506899,0.032598789,0.095020835,0.239432822,0.581016491,0.151005879,0.028544808,2426314.449,2426314.449,1,14.22353216,0,0,0.002,rate_up_100bps,100,0,-50,274621.1805,247229.66,420215.2762,IN,INR
M00091,P001,DB,12/31/2025,Active,37,M,11,66,1171077.215,1072145.208,0.045119525,0.099927653,0.104781955,0.020775045,final_average,0.084487073,VBT-2015,MP-2020,0.081059164,0.037676675,0.082813436,0.482479374,0.150954356,0.237078037,0.129488233,3953377.505,3388868.358,1.166577479,13.83140917,0,0,0.0026,baseline,0,0,0,0,656947.5711,1116611.191,IN,INR
M00092,P004,Hybrid,12/31/2025,Active,41,F,9,65,894579.7368,792244.2647,0.062624871,0.085104245,0.078223189,0.068649286,cash_balance,0.015346053,VBT-2015,MP-2021,0.073332508,0.032036989,0.067677431,0.221148483,0.599114462,0.175377401,0.004359654,580894.0457,605257.9285,0.959746281,9.947297141,0,0,0.0038,equity_down_20,0,-0.2,0,-25692.76734,58057.10885,98679.43851,IN,INR
M00093,P005,DB,12/31/2025,Active,31,M,11,62,601775.1024,559417.01,0.037168394,0.075181208,0.130564272,0.016795907,final_average,0.151111111,IALM_2012-14_Ultimate,MP-2021,0.06688823,0.052716972,0.099086672,0.666155665,0.148485729,0.158901191,0.026457415,1280965.104,1284339.539,0.99737263,12.42647759,0,0,0.0008,baseline,0,0,0,0,284224.9407,483096.0086,IN,INR
M00094,P003,DC,12/31/2025,Active,36,M,10,64,890071.1575,833646.4461,0.033288064,0.09262908,0.061357042,,account_balance,0.069264464,IAM-2012,MP-2020,0.066364321,0.035409569,0.08138976,0.466589806,0.357004084,0.13395939,0.042446719,1898343.291,1898343.291,1,9.041809362,0,0,0.0023,equity_down_20,0,-0.2,0,-177149.5257,303177.1796,515309.0542,IN,INR
M00095,P005,DB,12/31/2025,Active,39,F,6,63,681288.6737,626110.097,0.043134311,0.042178148,0.138145603,0.010722022,career_average,0.101639937,RP-2014,MP-2020,0.088572572,0.032368083,0.072611719,0.29767801,0.49477119,0.182035759,0.02551504,454264.4784,440644.2956,1.0309097,10.93980288,0,0,0.0032,high_inflation,150,-0.05,300,48690.42545,52324.56923,88935.86357,IN,INR
M00096,P003,DC,12/31/2025,Active,53,M,17,60,1679630.196,1532290.087,0.046975071,0.07128551,0.170385723,,account_balance,0.084558772,IALM_2012-14_Ultimate,MI-2012,0.06475146,0.034929698,0.091126825,0.099692723,0.709104337,0.130715779,0.060487161,13211567.61,13211567.61,1,13.72621703,0,0,0.0074,high_inflation,150,-0.05,300,1951689.316,1076639.183,1829959.365,IN,INR
M00097,P003,DC,12/31/2025,Active,47,F,7,62,1026115.885,927699.6681,0.051706371,0.062286814,0.073323114,,account_balance,0.081181806,VBT-2015,MP-2021,0.069618167,0.041319998,0.078559826,0.144682719,0.42329202,0.431164907,0.000860354,1147497.542,1147497.542,1,13.25995134,0,0,0.0056,rate_up_100bps,100,0,-50,127871.2881,121739.3849,206919.9514,IN,INR
M00098,P003,DC,12/31/2025,Active,46,M,7,61,726042.1638,664989.7041,0.044896948,0.086243209,0.130880548,,account_balance,0.060893827,RP-2010,MP-2021,0.059939631,0.042674801,0.060498468,0.344618596,0.399497159,0.199815933,0.056068311,1241382.063,1241382.063,1,14.10648817,0,0,0.0053,equity_down_20,0,-0.2,0,-85560.6688,156858.4488,266611.6856,IN,INR
M00099,P001,DB,12/31/2025,Active,53,M,3,66,515596.0344,457499.5155,0.061596468,0.079627838,0.047635901,0.014606462,final_average,0.100635901,RP-2010,None,0.060131282,0.05695736,0.072797853,0.671811814,0.201488743,0.122406696,0.004292746,279515.4388,337056.0033,0.829284855,16.81299728,0,0,0.0074,baseline,0,0,0,0,62396.3867,106054.8919,IN,INR
M00100,P001,DB,12/31/2025,Active,43,M,8,62,799409.9588,751224.6098,0.03157278,0.044876389,0.118407498,0.014698735,final_average,0.023344671,IALM_2012-14_Ultimate,MP-2021,0.064249084,0.038388323,0.078287757,0.06717435,0.257428864,0.321552578,0.353844208,816061.5697,1001828.412,0.814572196,11.3410587,0,0,0.0044,baseline,0,0,0,0,58829.46208,99992.20425,IN,INR
M00101,P001,DB,12/31/2025,Active,48,M,7,63,1717372.056,1565836.759,0.047270702,0.012125271,0.046664667,0.015857345,career_average,0.064256629,RP-2010,MP-2021,0.086991105,0.051531811,0.074904817,0.379811134,0.406498766,0.202380917,0.011309182,2267064.468,2623389.973,0.864173642,15.09342652,0,0,0.0059,baseline,0,0,0,0,311011.444,528624.9224,IN,INR
M00102,P004,Hybrid,12/31/2025,Active,43,M,2,67,1035240.733,947474.5726,0.045290237,0.055906773,0.130663964,0.096221241,cash_balance,0.137147227,RP-2010,MP-2020,0.065861522,0.056847311,0.082069805,0.256085545,0.503131665,0.205880166,0.034902624,180069.8122,190254.8357,0.946466415,13.95988725,0,0,0.0044,equity_down_20,0,-0.2,0,-9222.655208,19070.78683,32414.54102,IN,INR
M00103,P002,DB,12/31/2025,Active,47,M,9,63,907922.1942,814330.0667,0.05590314,0.026504353,0.101574406,0.012681649,final_average,0.16,IAM-2012,MP-2020,0.07209158,0.055701018,0.067334387,0.188151625,0.405079382,0.3686116,0.038157392,1476370.923,1522863.267,0.969470441,16.38483938,0,0,0.0056,rate_up_100bps,100,0,-50,219616.3292,152897.6799,259879.5823,IN,INR
M00104,P003,DC,12/31/2025,Active,38,M,23,60,2114670.717,1851701.242,0.06865105,0.110388542,0.079286329,,account_balance,0.027362229,VBT-2015,MP-2020,0.071830139,0.035969073,0.082897436,0.47631369,0.37777693,0.124406975,0.021502405,20186582.08,20186582.08,1,11.40598601,0,0,0.0029,baseline,0,0,0,0,3289276.689,5590770.591,IN,INR
M00105,P006,DC,12/31/2025,Active,20,M,4,63,817048.9191,740501.9672,0.050415016,0.115532073,0.160396473,,account_balance,0.085130285,IALM_2012-14_Ultimate,MP-2021,0.07332605,0.0383916,0.099460932,0.379812829,0.397494879,0.002230308,0.220461984,987967.0097,987967.0097,1,17.91258742,0,0,0.0005,rate_down_100bps,-100,0,50,-157334.8629,129446.9092,220020.4001,IN,INR
M00106,P002,DB,12/31/2025,Active,43,F,10,61,684371.5204,598343.5233,0.069475074,0.038279059,0.038984644,0.009176535,flat,0.130229261,RP-2014,MI-2012,0.082801737,0.031633428,0.090152481,0.345460447,0.474587984,0.032535324,0.147416245,788517.3877,822234.6543,0.958993134,14.97498673,0,0,0.0044,equity_down_20,0,-0.2,0,-54480.31379,97084.01817,165013.3221,IN,INR
M00107,P003,DC,12/31/2025,Active,58,M,9,61,1180962.482,1087490.981,0.042089976,0.099192697,0.099860795,,account_balance,0.079339686,RP-2014,None,0.086048056,0.044498721,0.087381971,0.192319323,0.56562611,0.237361952,0.004692615,2840256.418,2840256.418,1,9.364629168,0,0,0.0089,rate_up_100bps,100,0,-50,185653.3215,274133.8517,465944.2245,IN,INR
M00108,P005,DB,12/31/2025,Active,53,F,15,61,1189215.486,1118266.972,0.031234725,0.054272237,0.102140511,0.017303125,career_average,0.040559464,VBT-2015,None,0.058349875,0.042158381,0.068024402,0.165475482,0.783924981,0.024784978,0.025814558,2903535.759,2624305.637,1.106401525,9.041762861,0,0,0.0074,baseline,0,0,0,0,275065.0693,467527.0114,IN,INR
M00109,P002,DB,12/31/2025,Active,54,M,16,64,756112.1847,703625.5494,0.036626527,0.000980053,0.092197757,0.011744397,career_average,0.063294445,RP-2014,None,0.084417891,0.046359113,0.083270958,0.493825159,0.216858249,0.284375509,0.004941084,1800832.875,2222671.678,0.810210925,16.81059187,0,0,0.0077,baseline,0,0,0,0,311941.2652,530205.3358,IN,INR
M00110,P001,DB,12/31/2025,Deferred,56,M,32,62,687660.5331,628742.2946,0.045804995,0.046984382,0.050227816,0.012392676,final_average,0.013186731,RP-2010,MP-2021,0.071908285,0.043736325,0.092787006,0.192348242,0.447596009,0.345132781,0.014922969,2593161.492,2831149.678,0.915939384,11.3546845,0,0,0.0083,baseline,0,0,0,0,266957.1909,453746.0826,IN,INR
M00111,P002,DB,12/31/2025,Active,45,F,12,63,1888288.905,1736954.932,0.042653356,0.029145165,0.045523107,0.014903944,career_average,0.146666667,IAM-2012,MP-2020,0.086978781,0.052073981,0.069625538,0.297898157,0.49383624,0.095210871,0.113054732,4066307.224,3458642.537,1.175694563,11.13357596,0,0,0.005,baseline,0,0,0,0,451673.367,767707.4372,IN,INR
M00112,P001,DB,12/31/2025,Active,46,M,6,66,810297.1742,758057.6537,0.033882165,0.047755066,0.097678894,0.01008797,career_average,0.173333333,IALM_2012-14_Ultimate,None,0.086646263,0.050095091,0.063471395,0.33443443,0.589235279,0.005092429,0.071237862,702307.2254,639988.9771,1.09737394,13.9481051,0,0,0.0053,rate_down_100bps,-100,0,50,-68575.12543,87411.28572,148572.6169,IN,INR
M00113,P006,DC,12/31/2025,Active,38,M,7,63,512295.4931,467060.3674,0.047306404,0.090499658,0.076561753,,account_balance,0.164893699,IALM_2012-14_Ultimate,MP-2021,0.065577332,0.042858094,0.086470588,0.352517115,0.518300665,0.128972877,0.000209342,730146.6704,730146.6704,1,10.52452428,0,0,0.0029,rate_down_100bps,-100,0,50,-57922.68835,94401.11623,160453.2042,IN,INR
M00114,P005,DB,12/31/2025,Active,41,M,8,67,1073882.726,986169.23,0.043524631,0.093197922,0.134848236,0.015909688,career_average,0.075182246,RP-2010,None,0.07607507,0.0311353,0.086943526,0.289912212,0.405220234,0.227460589,0.077406964,1372182.18,1455750.7,0.942594209,11.59802176,0,0,0.0038,high_inflation,150,-0.05,300,191664.107,154727.5981,262989.887,IN,INR
M00115,P004,Hybrid,12/31/2025,Active,50,M,7,64,1472638.381,1374976.7,0.034904769,0.00411773,0.12684995,0.059862063,cash_balance,0.127260085,VBT-2015,MI-2012,0.084856448,0.040314105,0.092175563,0.455801333,0.535141741,0.008792899,0.000264028,693485.0389,696755.4319,0.995306254,13.64484586,0,0,0.0065,rate_down_100bps,-100,0,50,-76515.56519,110262.8102,187413.2628,IN,INR
M00116,P006,DC,12/31/2025,Deferred,56,M,26,63,903675.9917,832543.21,0.041844685,0.109064343,0.098963143,,account_balance,0.033216533,IAM-2012,MP-2020,0.065388355,0.039725453,0.08518259,0.52966932,0.444001234,0.011242846,0.0150866,13032792.5,13032792.5,1,17.8369073,0,0,0.0083,baseline,0,0,0,0,2342004.184,3980695.257,IN,INR
M00117,P005,DB,12/31/2025,Active,43,F,16,65,1253822.25,1104495.01,0.065457442,0.08510266,0.031919658,0.020300824,final_average,0.08333455,RP-2014,MP-2021,0.051753015,0.03268074,0.093922766,0.329032613,0.555386577,0.097105661,0.018475149,3580421.969,3723407.426,0.961598224,10.37870487,0,0,0.0044,baseline,0,0,0,0,439836.0393,747587.5781,IN,INR
M00118,P002,DB,12/31/2025,Active,39,M,3,61,614582.7416,565948.1043,0.042081955,0.095923858,0.035716913,0.013496225,final_average,0.090961707,IALM_2012-14_Ultimate,MP-2020,0.064392314,0.039127042,0.070643877,0.585490861,0.218453314,0.045503751,0.150552074,198279.7402,214880.7,0.922743365,9.377503221,0,0,0.0032,baseline,0,0,0,0,38476.83374,65398.92228,IN,INR
M00119,P006,DC,12/31/2025,Active,44,F,14,61,1306309.783,1165780.225,0.058558217,0.049392325,0.179678343,,account_balance,0.032414112,IALM_2012-14_Ultimate,MP-2020,0.064616167,0.059620963,0.06141132,0.378756895,0.35124188,0.268267976,0.001733249,5674142.087,5674142.087,1,15.37233809,0,0,0.0047,high_inflation,150,-0.05,300,1051441.711,793043.2316,1347932.447,IN,INR
M00120,P003,DC,12/31/2025,Active,50,F,5,65,640595.2097,576110.0369,0.054481883,0.073352557,0.067356459,,account_balance,0.047256697,VBT-2015,MP-2020,0.082269824,0.054637544,0.089311624,0.376719582,0.571097018,0.005467132,0.046716268,501969.9465,501969.9465,1,14.5459506,0,0,0.0065,equity_down_20,0,-0.2,0,-37820.3817,68349.67874,116173.6789,IN,INR
M00121,P005,DB,12/31/2025,Active,30,M,16,64,1129547.799,1030241.105,0.047087246,0.004358958,0.071077944,0.022158932,final_average,0.036394381,IAM-2012,None,0.062384939,0.054049149,0.075437582,0.255233906,0.353958116,0.112334151,0.278473826,3495952.753,4317299.779,0.80975446,11.81964756,0,0,0.0005,rate_down_100bps,-100,0,50,-448418.5754,327660.3915,556923.0727,IN,INR
M00122,P006,DC,12/31/2025,Active,21,M,20,66,1390885.663,1287038.246,0.039561025,0.054649877,0.063087855,,account_balance,0.041475155,RP-2014,MP-2021,0.085759348,0.055299133,0.068385192,0.352160353,0.349745603,0.289662142,0.008431902,5872401.14,5872401.14,1,11.51457591,0,0,0.0005,high_inflation,150,-0.05,300,756833.302,785340.7323,1334840.54,IN,INR
M00123,P002,DB,12/31/2025,Active,38,F,9,67,1029328.068,943018.5873,0.044760588,0.012545809,0.046113356,0.014237205,final_average,0.05337355,IALM_2012-14_Ultimate,MP-2021,0.071945662,0.055951532,0.062065525,0.449909783,0.25445002,0.288584152,0.007056045,1676393.463,2031297.176,0.82528223,16.81070671,0,0,0.0029,baseline,0,0,0,0,269195.258,457550.1163,IN,INR
M00124,P001,DB,12/31/2025,Active,32,F,7,63,564699.1981,508623.1958,0.053684289,0.083789667,0.110920296,0.014897117,career_average,0.168888889,IALM_2012-14_Ultimate,None,0.073446167,0.039760669,0.090215046,0.346067299,0.443195868,0.198187011,0.012549822,554851.7856,630735.681,0.879689864,11.89189228,0,0,0.0011,rate_down_100bps,-100,0,50,-62711.00682,71071.49206,120799.9342,IN,INR
M00125,P002,DB,12/31/2025,Active,39,M,23,64,575828.2862,528283.3599,0.044030129,0.011387,0.107601203,0.013834766,career_average,0.045378005,RP-2014,MP-2020,0.082280302,0.039667826,0.093052928,0.204971411,0.385268129,0.192830298,0.216930162,2203580.769,2410022.558,0.914340308,14.3368756,0,0,0.0032,baseline,0,0,0,0,190264.7356,323392.2194,IN,INR
M00126,P003,DC,12/31/2025,Active,43,M,7,64,2016561.67,1869469.293,0.038595857,0.111211411,0.172773954,,account_balance,0.03680975,IAM-2012,None,0.055383009,0.040093461,0.075560915,0.499041518,0.426606776,0.046990462,0.027361243,4795510.839,4795510.839,1,12.82826435,0,0,0.0044,high_inflation,150,-0.05,300,649678.4541,814047.9635,1383634.107,IN,INR
M00127,P005,DB,12/31/2025,Active,39,M,6,68,696857.6057,650953.5146,0.03465851,0.052109607,0.086089474,0.019823006,final_average,0.090084319,IAM-2012,None,0.050717665,0.054556349,0.095403722,0.212674981,0.511104174,0.233365809,0.042855036,918773.1888,1064319.867,0.86324912,13.74679419,0,0,0.0032,baseline,0,0,0,0,89848.40237,152714.9745,IN,INR
M00128,P006,DC,12/31/2025,Active,59,M,6,66,1389293.341,1224444.883,0.065190678,0.103459176,0.119553319,,account_balance,0.020987512,IAM-2012,MP-2021,0.052264587,0.05391939,0.076622264,0.355442193,0.498878622,0.094644328,0.051034858,2044606.594,2044606.594,1,16.99340047,0,0,0.0092,high_inflation,150,-0.05,300,408334.5184,262230.9648,445712.9347,IN,INR
M00129,P001,DB,12/31/2025,Active,47,M,10,67,1038480.503,946230.5993,0.047612519,0.065498069,0.089221936,0.009560813,flat,0.064927989,IALM_2012-14_Ultimate,MP-2021,0.051226541,0.030507084,0.098061921,0.361172343,0.537676471,0.094836212,0.006314975,1190260.225,1178705.179,1.009803169,13.02906866,0,0,0.0056,rate_down_100bps,-100,0,50,-121575.5611,156492.3113,265989.3631,IN,INR
M00130,P003,DC,12/31/2025,Active,47,F,12,62,626673.915,563027.7987,0.055008333,0.105394513,0.060015017,,account_balance,0.146666667,RP-2010,MP-2020,0.077995795,0.058475321,0.099328354,0.382791212,0.258807337,0.12540114,0.23300031,1972587.089,1972587.089,1,16.42898322,0,0,0.0056,high_inflation,150,-0.05,300,410070.5517,258253.9804,438953.27,IN,INR
M00131,P003,DC,12/31/2025,Active,50,M,18,65,774721.6691,703209.0898,0.049616414,0.062125185,0.167920135,,account_balance,0.054162835,IALM_2012-14_Ultimate,MI-2012,0.059798843,0.038566979,0.092705056,0.275626352,0.503928395,0.21134434,0.009100914,6466912.078,6466912.078,1,14.41976157,0,0,0.0065,rate_down_100bps,-100,0,50,-769570.2715,721210.8096,1225839.163,IN,INR
M00132,P002,DB,12/31/2025,Active,33,F,14,62,2115760.449,1865720.872,0.064902661,0.012824821,0.112297852,0.01274384,final_average,0.061698842,VBT-2015,None,0.084296884,0.048784205,0.070249314,0.155216618,0.651296756,0.095578168,0.097908458,4163138.993,4084886.881,1.019156494,12.27170783,0,0,0.0014,rate_down_100bps,-100,0,50,-365713.4373,350758.4578,596182.7648,IN,INR
M00133,P001,DB,12/31/2025,Active,54,M,14,62,4734285.73,4278822.018,0.051877394,0.075651472,0.103933708,0.014392337,career_average,0.03936638,VBT-2015,MP-2020,0.085315001,0.049197448,0.074652984,0.27152773,0.607556071,0.076854828,0.044061372,6128222.185,7952259.394,0.770626545,9.223737763,0,0,0.0077,rate_down_100bps,-100,0,50,-547333.6232,665889.9762,1131810.561,IN,INR
M00134,P002,DB,12/31/2025,Active,43,M,21,67,853592.7199,775368.6953,0.049231257,0.069075666,0.132430831,0.016739006,final_average,0.076781138,IALM_2012-14_Ultimate,MP-2020,0.064243479,0.033401525,0.081306202,0.381897396,0.279126826,0.182798502,0.156177275,4263442.098,4090243.029,1.042344445,15.00693103,0,0,0.0044,equity_down_20,0,-0.2,0,-325639.4873,569678.74,968280.7033,IN,INR
M00135,P006,DC,12/31/2025,Active,51,M,5,60,827471.3736,726837.1755,0.06698404,0.046802596,0.132585418,,account_balance,0.110572371,IALM_2012-14_Ultimate,None,0.057793014,0.050872483,0.07314722,0.65490687,0.247590649,0.050492232,0.04701025,777765.7605,777765.7605,1,15.26886395,0,0,0.0068,baseline,0,0,0,0,168834.3156,286967.0192,IN,INR
M00136,P002,DB,12/31/2025,Active,33,F,4,67,471072.2878,420213.3802,0.058787584,0.004084044,0.076666372,0.016309263,final_average,0.159116778,RP-2014,MP-2020,0.069952479,0.046007369,0.092757192,0.351661272,0.594912048,0.0442788,0.00914788,472235.2226,491703.8999,0.960405689,17.93657255,0,0,0.0014,high_inflation,150,-0.05,300,102918.5164,61408.55269,104375.8744,IN,INR
M00137,P003,DC,12/31/2025,Active,28,F,15,62,468615.5899,437912.8124,0.034461996,0.10569137,0.076615752,,account_balance,0.133333333,IAM-2012,MP-2021,0.082632335,0.048327162,0.097101926,0.326543861,0.544008745,0.022967096,0.106480297,2399578.034,2399578.034,1,15.39933024,0,0,0.0005,high_inflation,150,-0.05,300,417195.6873,288433.5377,490249.3443,IN,INR
M00138,P004,Hybrid,12/31/2025,Active,52,F,10,66,669466.6602,622416.1254,0.037108178,0.064188758,0.128143248,0.116588492,cash_balance,0.022383312,RP-2014,MP-2021,0.077395679,0.043407762,0.099431508,0.560692942,0.172739587,0.176890196,0.089677275,918045.7691,930366.2586,0.986757377,16.37765593,0,0,0.0071,baseline,0,0,0,0,173071.8827,294169.5952,IN,INR
M00139,P003,DC,12/31/2025,Active,48,M,18,63,805926.9889,715266.7662,0.061484915,0.042290536,0.15365084,,account_balance,0.026504483,VBT-2015,MP-2021,0.05102969,0.054130878,0.073451913,0.146145226,0.517472945,0.319529371,0.016852458,4774303.832,4774303.832,1,10.50582632,0,0,0.0059,high_inflation,150,-0.05,300,532190.0373,450381.9981,765512.5026,IN,INR
M00140,P006,DC,12/31/2025,Active,35,M,10,63,973400.7852,860737.1865,0.063434053,0.115132739,0.063862818,,account_balance,0.073259189,VBT-2015,MP-2020,0.050286022,0.049054819,0.070809763,0.304855789,0.447992886,0.154436562,0.092714763,2169074.291,2169074.291,1,15.86644126,0,0,0.002,baseline,0,0,0,0,246802.5521,419489.3225,IN,INR
M00141,P006,DC,12/31/2025,Active,35,M,7,62,1343193.035,1214131.69,0.051807633,0.043467099,0.14277393,,account_balance,0.028834532,RP-2010,MP-2021,0.054552141,0.035787837,0.066442715,0.193506092,0.578859545,0.227500132,0.000134231,1982533.61,1982533.61,1,12.16786149,0,0,0.002,equity_down_20,0,-0.2,0,-76726.46622,191538.2668,325556.8353,IN,INR
M00142,P002,DB,12/31/2025,Active,55,M,15,64,1087502.458,982316.9562,0.052178209,0.038152055,0.140552542,0.010060553,career_average,0.077077098,IAM-2012,None,0.063470952,0.052581759,0.061898501,0.21878229,0.228222837,0.354575445,0.198419428,3043098.406,2641631.799,1.151976747,17.81999341,0,0,0.008,baseline,0,0,0,0,313278.5689,532478.3456,IN,INR
M00143,P003,DC,12/31/2025,Active,32,F,11,63,1353248.846,1215190.758,0.055277319,0.095471002,0.088382417,,account_balance,0.081566268,IAM-2012,MP-2021,0.071475288,0.045076872,0.067080591,0.199897319,0.483859127,0.130713283,0.185530272,3512315.888,3512315.888,1,13.06560599,0,0,0.0011,equity_down_20,0,-0.2,0,-140420.5059,299701.9375,509402.1989,IN,INR
M00144,P002,DB,12/31/2025,Retired,60,M,10,65,746927.2078,680638.6796,0.047564631,0.072291418,0.122969054,0.0121347,final_average,0.034296837,VBT-2015,MP-2021,0.082703398,0.031118242,0.071380331,0.593567764,0.217579022,0.171247975,0.017605239,906489.9938,1088874.765,0.832501609,13.18354662,82593.46261,0,0.0095,high_inflation,150,-0.05,300,173632.8161,180707.265,307147.4242,IN,INR
M00145,P002,DB,12/31/2025,Active,35,F,35,60,953737.1694,853312.0049,0.057207965,0.070772166,0.07781911,0.013755374,career_average,0.035055289,RP-2014,MP-2021,0.05571171,0.041845319,0.075642498,0.384596184,0.472630869,0.136566582,0.006206364,5160380.858,5536876.288,0.932002196,13.4777223,0,0,0.002,baseline,0,0,0,0,709683.5055,1206246.25,IN,INR
M00146,P001,DB,12/31/2025,Deferred,50,M,20,61,835808.7019,781233.5359,0.03433925,0.020065002,0.149005955,0.013135083,flat,0.072286274,IALM_2012-14_Ultimate,MP-2021,0.056099161,0.042051818,0.064388434,0.564791363,0.266734049,0.030221371,0.138253217,2339047.204,2415572.513,0.968320011,11.76999802,0,0,0.0065,baseline,0,0,0,0,439227.8098,746553.7727,IN,INR
M00147,P004,Hybrid,12/31/2025,Active,41,F,16,61,556807.9601,487748.6518,0.06845117,0.015848932,0.057306171,0.086253906,cash_balance,0.050144828,IAM-2012,MP-2021,0.084545216,0.054043006,0.092809391,0.099734404,0.837940877,0.054459249,0.00786547,1035346.9,1037725.209,0.997708151,12.41658503,0,0,0.0038,baseline,0,0,0,0,92791.1762,157716.7955,IN,INR
M00148,P003,DC,12/31/2025,Active,50,F,11,63,405021.1716,360463.1889,0.060006193,0.048569001,0.130515081,,account_balance,0.049442091,IALM_2012-14_Ultimate,MP-2021,0.086960997,0.037019001,0.084761527,0.243595733,0.568549873,0.117046087,0.070808308,1110833.829,1110833.829,1,12.53094231,0,0,0.0065,baseline,0,0,0,0,111676.5617,189816.2107,IN,INR
M00149,P001,DB,12/31/2025,Active,39,M,11,66,728604.0792,654309.7205,0.055246968,0.091197574,0.036171893,0.015638429,career_average,0.006019409,VBT-2015,MI-2012,0.072051576,0.043576056,0.082505379,0.371282807,0.597102263,0.031365154,0.000249775,1616879.909,1532646.398,1.05495952,13.61672864,0,0,0.0032,baseline,0,0,0,0,219518.896,373115.4001,IN,INR
M00150,P002,DB,12/31/2025,Active,42,F,9,66,322404.2412,296565.9252,0.042652882,0.023306983,0.142856804,0.018893358,final_average,0.138510216,RP-2010,MI-2012,0.081395704,0.031632204,0.081811024,0.38177073,0.325511071,0.167385868,0.125332332,418614.9611,517976.3632,0.808173868,10.27157493,0,0,0.0041,rate_down_100bps,-100,0,50,-46391.14004,56013.48624,95205.90124,IN,INR
M00151,P006,DC,12/31/2025,Active,44,M,12,62,591374.8797,550523.7171,0.036438219,0.086990895,0.074287529,,account_balance,0.01523537,VBT-2015,None,0.063706845,0.056443194,0.071598352,0.458885334,0.43106902,0.073319787,0.036725859,1613339.532,1613339.532,1,14.37789297,0,0,0.0047,equity_down_20,0,-0.2,0,-148067.5701,254135.4309,431952.9877,IN,INR
M00152,P002,DB,12/31/2025,Active,34,M,8,64,1258368.071,1149301.687,0.046373719,0.028050451,0.11098229,0.017866012,final_average,0.147310035,IALM_2012-14_Ultimate,MP-2021,0.087850675,0.043314744,0.097501716,0.219213816,0.37209873,0.191981466,0.216705987,2473341.469,2275297.477,1.087040923,13.85117227,0,0,0.0017,equity_down_20,0,-0.2,0,-108438.1246,221211.3168,375992.001,IN,INR
M00153,P001,DB,12/31/2025,Active,51,F,5,65,1067759.372,956675.7194,0.05646307,0.04136246,0.112492887,0.014903798,final_average,0.055854082,VBT-2015,None,0.086195218,0.0556978,0.069269371,0.508145449,0.418268878,0.06777857,0.005807103,1080390.315,1271844.252,0.849467467,17.84030314,0,0,0.0068,rate_down_100bps,-100,0,50,-204306.1878,186605.71,317172.9879,IN,INR
M00154,P003,DC,12/31/2025,Active,39,F,10,63,994138.5084,892596.5277,0.05534839,0.096064199,0.103706045,,account_balance,0.100689639,IAM-2012,MP-2021,0.083984198,0.050317106,0.086747101,0.392374542,0.595677052,9.77E-05,0.011850737,2702890.461,2702890.461,1,16.86991922,0,0,0.0032,baseline,0,0,0,0,383403.2504,651668.9898,IN,INR
M00155,P006,DC,12/31/2025,Active,42,M,13,63,1674854.462,1532817.613,0.045305646,0.084011174,0.080588993,,account_balance,0.084205212,IALM_2012-14_Ultimate,MP-2021,0.050519264,0.039595594,0.070124294,0.330883495,0.589887846,0.066691732,0.012536927,5095497.095,5095497.095,1,13.16250226,0,0,0.0041,baseline,0,0,0,0,632617.7541,1075257.897,IN,INR
M00156,P002,DB,12/31/2025,Active,34,M,18,64,709408.4217,637936.222,0.054531456,0.018259875,0.097442542,0.012133317,final_average,0.08205479,IALM_2012-14_Ultimate,None,0.070931923,0.051381205,0.099584787,0.067881543,0.268813082,0.130679055,0.532626319,2508349.487,2129266.298,1.178034654,15.28272051,0,0,0.0017,equity_down_20,0,-0.2,0,-34054.1267,110620.9612,188022.0107,IN,INR
M00157,P004,Hybrid,12/31/2025,Active,20,F,6,62,1338257.893,1185335.027,0.062549932,0.068641234,0.115238223,0.114186072,cash_balance,0.040299147,RP-2010,MP-2020,0.051066472,0.044065498,0.096466536,0.249295101,0.43960117,0.298988849,0.01211488,786281.103,897151.6687,0.876419373,14.90052829,0,0,0.0005,baseline,0,0,0,0,86465.85552,146965.673,IN,INR
M00158,P005,DB,12/31/2025,Active,42,F,11,60,684743.0903,644120.3699,0.031051391,0.035256214,0.120116496,0.015516939,career_average,0.065338782,IAM-2012,MP-2021,0.077097822,0.040237039,0.070582262,0.481509011,0.434842101,0.061808262,0.021840627,1458930.561,1221862.613,1.194021771,11.1136475,0,0,0.0041,rate_down_100bps,-100,0,50,-104073.2821,240111.7907,408117.0619,IN,INR
M00159,P002,DB,12/31/2025,Retired,68,M,14,62,1115545.372,1015650.027,0.048024842,0.098052717,0.052311354,0.020961041,final_average,0.027517145,RP-2014,None,0.057337745,0.050037838,0.099498817,0.093162963,0.724014053,0.156870498,0.025952485,4174815.153,3575574.068,1.167592972,11.99667301,298047.1391,0,0.0119,rate_down_100bps,-100,0,50,-277818.6869,349417.5281,593903.5919,IN,INR
M00160,P005,DB,12/31/2025,Active,52,F,14,64,1055048.029,938382.9996,0.060342209,0.029891916,0.043160045,0.010696122,flat,0.010150195,RP-2010,MP-2021,0.075579198,0.053230084,0.085038376,0.29653253,0.418748753,0.185181625,0.099537092,1503160.023,1306936.88,1.150139724,9.300795254,0,0,0.0071,baseline,0,0,0,0,168494.4272,286389.3121,IN,INR
M00161,P003,DC,12/31/2025,Active,44,M,25,61,1080985.666,977047.7716,0.051845779,0.08362097,0.141887738,,account_balance,0.056916518,IAM-2012,MP-2021,0.053918344,0.050658371,0.089142159,0.362766101,0.468303164,0.100240407,0.068690328,16016818.03,16016818.03,1,9.861475948,0,0,0.0047,rate_down_100bps,-100,0,50,-1204458.33,2074390.233,3525832.883,IN,INR
M00162,P004,Hybrid,12/31/2025,Active,41,M,9,62,827349.8805,741844.3759,0.056059044,0.051563997,0.074886419,0.099876791,cash_balance,0.132455854,RP-2014,None,0.080264646,0.043885807,0.071316638,0.091302829,0.514277919,0.181428215,0.212991037,720916.7181,840640.6517,0.857580128,11.78683293,0,0,0.0038,baseline,0,0,0,0,49809.72323,84661.38976,IN,INR
M00163,P004,Hybrid,12/31/2025,Active,44,M,6,63,1136762.478,1029768.257,0.050667056,0.015073108,0.089760029,0.07516703,cash_balance,0.075510508,IALM_2012-14_Ultimate,MP-2021,0.07905792,0.037779253,0.068638756,0.286008977,0.65121699,0.01285978,0.049914253,486884.9287,540763.8561,0.900365147,16.0029048,0,0,0.0047,baseline,0,0,0,0,55497.71817,94329.25229,IN,INR
M00164,P003,DC,12/31/2025,Active,49,M,11,61,1177468.88,1029071.998,0.069674982,0.114526693,0.096738427,,account_balance,0.080233805,RP-2010,MP-2020,0.050184395,0.054311876,0.094322762,0.118619332,0.671313619,0.191417555,0.018649494,3926143.116,3926143.116,1,15.44139849,0,0,0.0062,baseline,0,0,0,0,336392.3896,571764.8154,IN,INR
M00165,P001,DB,12/31/2025,Active,32,F,9,62,517211.0904,485459.3369,0.032184861,0.069826923,0.144964142,0.016864229,career_average,0.099453443,IALM_2012-14_Ultimate,MP-2021,0.081682127,0.040399422,0.071007664,0.336612174,0.561981575,0.046162771,0.055243481,1309740.653,1302561.188,1.005511806,17.67812818,0,0,0.0011,baseline,0,0,0,0,162666.7383,276484.0123,IN,INR
M00166,P005,DB,12/31/2025,Active,55,M,8,67,1442406.174,1309198.032,0.049641793,0.073225928,0.069694538,0.008038243,flat,0.033564161,IALM_2012-14_Ultimate,MP-2021,0.056551493,0.048388661,0.096701175,0.232300503,0.530822555,0.111043124,0.125833818,1112640.167,1035430.591,1.074567601,12.2988503,0,0,0.008,rate_up_100bps,100,0,-50,97815.33357,105968.5309,180114.2932,IN,INR
M00167,P002,DB,12/31/2025,Active,51,F,8,60,564580.1469,528412.3829,0.033656662,0.046069901,0.121304886,0.013741017,final_average,0.113883255,IALM_2012-14_Ultimate,None,0.054371605,0.03346046,0.074665824,0.421495662,0.220404091,0.30076921,0.057331038,758646.0217,702032.3948,1.080642471,12.08579758,0,0,0.0068,equity_down_20,0,-0.2,0,-63953.20136,115625.9175,196528.9151,IN,INR
M00168,P002,DB,12/31/2025,Active,51,M,13,65,663438.9048,617665.459,0.036391422,0.067688552,0.093762914,0.018440845,final_average,0.142222222,IAM-2012,MP-2021,0.070009888,0.052208344,0.060365895,0.308076988,0.625506965,0.064329103,0.002086944,1132913.658,1469861.055,0.770762416,9.9265604,0,0,0.0068,baseline,0,0,0,0,135221.1422,229834.8411,IN,INR
M00169,P001,DB,12/31/2025,Active,48,F,7,63,1097873.984,1004737.703,0.045321534,0.053823945,0.056410792,0.021404804,final_average,0.036490699,RP-2014,MP-2020,0.073603649,0.058587385,0.083686521,0.520461164,0.247180019,0.133120372,0.099238446,2567188.333,2422040.296,1.059928002,16.08864101,0,0,0.0059,rate_up_100bps,100,0,-50,357945.4854,449138.3594,763398.6947,IN,INR
M00170,P004,Hybrid,12/31/2025,Active,44,F,16,65,1288592.478,1200080.301,0.036221604,0.062980111,0.103836651,0.06888388,cash_balance,0.034137361,IAM-2012,MP-2021,0.054124232,0.043478649,0.074145056,0.204095372,0.718742797,0.047515371,0.02964646,1706616.295,1752013.615,0.974088489,10.48885288,0,0,0.0047,baseline,0,0,0,0,167469.8945,284647.9179,IN,INR
M00171,P004,Hybrid,12/31/2025,Active,51,F,16,64,1087088.905,952088.6961,0.068547487,0.059670397,0.146061141,0.109772396,cash_balance,0.120243799,IALM_2012-14_Ultimate,MP-2021,0.062189943,0.046450731,0.099038944,0.189526072,0.190934553,0.301482572,0.318056802,2141755.714,2306935.879,0.928398459,17.58038173,0,0,0.0068,rate_down_100bps,-100,0,50,-385121.3752,189303.8857,321759.0665,IN,INR
M00172,P001,DB,12/31/2025,Active,50,M,13,62,1139958.234,999656.6837,0.067871591,0.066582276,0.044916996,0.016774059,final_average,0.013831004,RP-2010,MP-2021,0.066311796,0.056984698,0.075468673,0.011385148,0.410947481,0.568534875,0.009132497,2737037.312,2581436.926,1.060276656,11.84211106,0,0,0.0065,baseline,0,0,0,0,326781.0325,555428.4297,IN,INR
M00173,P003,DC,12/31/2025,Active,40,M,5,66,590361.6372,542224.9721,0.043444386,0.07859995,0.121608262,,account_balance,0.177777778,IALM_2012-14_Ultimate,MP-2020,0.087744641,0.053858946,0.072578737,0.343906824,0.277168155,0.253344111,0.12558091,646702.239,646702.239,1,14.82537485,0,0,0.0035,baseline,0,0,0,0,81943.90447,139279.7306,IN,INR
M00174,P002,DB,12/31/2025,Active,38,F,12,64,777894.656,698120.3996,0.055589908,0.026870662,0.036193002,0.014842681,career_average,0.020763427,RP-2014,MP-2021,0.06005289,0.058868402,0.082655787,0.519765608,0.223377239,0.07542425,0.181432903,1400518.948,1623185.386,0.862821314,13.05401804,0,0,0.0029,baseline,0,0,0,0,242409.7802,412022.9455,IN,INR
M00175,P004,Hybrid,12/31/2025,Active,45,F,19,66,391340.204,354046.0221,0.051350133,0.043996315,0.068545956,0.055462038,cash_balance,0.07123747,IAM-2012,MP-2021,0.060419522,0.037981948,0.089195507,0.428762566,0.200145746,0.35411595,0.016975737,547052.6238,540963.546,1.011255986,11.01742328,0,0,0.005,baseline,0,0,0,0,86799.52975,147532.8177,IN,INR
M00176,P001,DB,12/31/2025,Active,59,M,17,63,651183.4059,576692.7739,0.062623479,0.044612801,0.104472321,0.014784519,career_average,0.032911867,RP-2014,None,0.076375809,0.044099791,0.098660664,0.398375782,0.411571676,0.157491786,0.032560756,1947724.594,1899345.675,1.025471361,13.10398441,0,0,0.0092,equity_down_20,0,-0.2,0,-155185.2615,274035.6598,465777.3281,IN,INR
M00177,P004,Hybrid,12/31/2025,Active,32,F,15,68,538353.9169,483595.6906,0.055097824,0.077441171,0.130926832,0.110890168,cash_balance,0.130682486,IAM-2012,None,0.0790861,0.043669294,0.062784593,0.39231184,0.390953763,0.205946202,0.010788196,1174309.333,1176920.737,0.997781155,11.93359092,0,0,0.0011,equity_down_20,0,-0.2,0,-92139.09094,165243.9215,280864.4405,IN,INR
M00178,P003,DC,12/31/2025,Active,29,M,11,65,990529.0356,933650.3096,0.030010098,0.108390217,0.165320132,,account_balance,0.071524197,RP-2014,MP-2020,0.050432886,0.044193056,0.076780345,0.478441275,0.326560226,0.118965106,0.076033394,4222477.131,4222477.131,1,14.62909147,0,0,0.0005,baseline,0,0,0,0,685667.6026,1165426.515,IN,INR
M00179,P006,DC,12/31/2025,Active,46,M,11,67,2842680.586,2527461.938,0.060526975,0.070978366,0.069572376,,account_balance,0.07753294,RP-2014,MP-2021,0.055361234,0.057393773,0.086547104,0.423469142,0.424169793,0.132506969,0.019854096,6168470.956,6168470.956,1,13.96068653,0,0,0.0053,baseline,0,0,0,0,911754.5069,1549705.533,IN,INR
M00180,P001,DB,12/31/2025,Active,45,F,21,64,1386168.971,1233978.968,0.059873925,0.025146597,0.139106731,0.01436735,career_average,0.106666667,IAM-2012,MI-2012,0.064307641,0.03616545,0.060198756,0.66513224,0.320492949,0.001655964,0.012718847,3590868.377,3627895.756,0.989793704,9.744309955,0,0,0.005,baseline,0,0,0,0,793953.0236,1349478.817,IN,INR
M00181,P002,DB,12/31/2025,Active,46,M,13,64,358546.2283,324971.2225,0.050388908,0.02147335,0.06632576,0.013938855,flat,0.083180715,IAM-2012,MP-2021,0.07528044,0.056846922,0.079561314,0.467689065,0.312331654,0.192740975,0.027238307,495850.2007,568211.8881,0.87265017,9.649281397,0,0,0.0053,equity_down_20,0,-0.2,0,-46380.7433,80067.1072,136089.7457,IN,INR
M00182,P001,DB,12/31/2025,Active,46,F,13,65,497356.9059,437581.1566,0.066116759,0.073166002,0.120478009,0.013953489,flat,0.061162069,IAM-2012,MP-2021,0.055364761,0.047133804,0.092261268,0.25175214,0.482630985,0.148308012,0.117308863,1179958.08,1403921.507,0.840472971,17.68715799,0,0,0.0053,baseline,0,0,0,0,117937.9018,200458.5857,IN,INR
M00183,P006,DC,12/31/2025,Active,42,M,41,66,548820.6772,482659.4537,0.066337848,0.050190083,0.146919288,,account_balance,0.021439717,VBT-2015,MP-2021,0.064277965,0.046105276,0.062034866,0.374123259,0.532143098,0.034193766,0.059539876,13396052,13396052,1,11.71346111,0,0,0.0041,rate_down_100bps,-100,0,50,-1212710.511,1795042.706,3051026.995,IN,INR
M00184,P006,DC,12/31/2025,Active,59,M,9,67,446938.086,404648.4777,0.050956467,0.049225002,0.093400125,,account_balance,0.136323051,RP-2014,MI-2012,0.053208105,0.042494995,0.073621875,0.12201677,0.590886391,0.278342004,0.008754834,715068.3348,715068.3348,1,9.814881906,0,0,0.0092,baseline,0,0,0,0,64084.33981,108923.8992,IN,INR
M00185,P002,DB,12/31/2025,Active,28,M,2,63,867078.705,780034.8713,0.054319529,0.041621968,0.125691939,0.013754884,career_average,0.04706478,VBT-2015,MP-2021,0.072844553,0.046189322,0.076036733,0.338206668,0.567911256,0.070260221,0.023621855,210538.6924,228245.1755,0.922423407,10.63654705,0,0,0.0005,rate_up_100bps,100,0,-50,18299.04081,26393.39353,44860.74669,IN,INR
M00186,P004,Hybrid,12/31/2025,Active,36,M,10,66,1091365.269,953488.6144,0.069860883,0.08897356,0.138176359,0.064842174,cash_balance,0.040044541,VBT-2015,MP-2020,0.067054613,0.054098707,0.088651391,0.510280337,0.37463689,0.10490098,0.010181793,838751.6499,767588.7001,1.092709741,10.39034411,0,0,0.0023,baseline,0,0,0,0,145228.9305,246845.0393,IN,INR
M00187,P005,DB,12/31/2025,Active,43,F,10,62,550266.7235,506847.3153,0.041952809,0.098352031,0.055709742,0.013057844,flat,0.052940634,IALM_2012-14_Ultimate,None,0.081523249,0.044767023,0.071828759,0.359534701,0.503851639,0.125008964,0.011604695,795908.1972,720677.6213,1.104388667,10.88911038,0,0,0.0044,rate_down_100bps,-100,0,50,-58424.39915,103998.9293,176766.5692,IN,INR
M00188,P003,DC,12/31/2025,Active,28,M,12,64,890581.7225,818687.0319,0.04298469,0.056305494,0.162511252,,account_balance,0.085237797,VBT-2015,MI-2012,0.072955538,0.053280681,0.06985071,0.094406807,0.818047514,0.082259677,0.005286002,3223434.063,3223434.063,1,9.42190117,0,0,0.0005,baseline,0,0,0,0,283727.2384,482250.066,IN,INR
M00189,P003,DC,12/31/2025,Active,42,M,14,62,1087178.03,1010375.339,0.037310956,0.107753873,0.070485608,,account_balance,0.048509795,VBT-2015,MP-2020,0.076364303,0.042499105,0.064620155,0.286881801,0.492785824,0.220132358,0.000200017,3908206.2,3908206.2,1,10.77924807,0,0,0.0041,high_inflation,150,-0.05,300,431410.0542,448376.5789,762103.8994,IN,INR
M00190,P002,DB,12/31/2025,Retired,61,M,2,63,1348548.138,1187098.514,0.065834678,0.050793327,0.119089712,0.016432944,final_average,0.026895008,IAM-2012,MP-2021,0.076846332,0.035486876,0.099835181,0.328396453,0.587269309,0.039369542,0.044964696,629163.8956,681677.3755,0.92296432,17.47216561,39015.04775,0,0.0098,equity_down_20,0,-0.2,0,-41323.03837,77297.27599,131381.8746,IN,INR
M00191,P001,DB,12/31/2025,Active,44,M,14,67,1056262.623,940461.1379,0.059779536,0.093462084,0.090480054,0.013822538,career_average,0.019795538,IAM-2012,MI-2012,0.073584344,0.04243988,0.078866648,0.281789959,0.28766966,0.32505061,0.105489771,2723387.425,2574926.545,1.057656355,14.14842664,0,0,0.0047,baseline,0,0,0,0,316678.0727,538256.4689,IN,INR
M00192,P006,DC,12/31/2025,Active,46,F,10,62,1142444.131,1068081.292,0.034225714,0.079104473,0.174465732,,account_balance,0.155555556,RP-2010,MP-2021,0.050643682,0.051700322,0.06192847,0.50453572,0.227947069,0.227556433,0.039960778,3657453.813,3657453.813,1,11.92736177,0,0,0.0053,rate_down_100bps,-100,0,50,-394552.4538,634310.589,1078135.202,IN,INR
M00193,P006,DC,12/31/2025,Active,31,M,9,65,968172.1664,846793.0111,0.069270694,0.098523895,0.115900637,,account_balance,0.102457499,RP-2014,None,0.083282371,0.055552556,0.063061318,0.148432966,0.654460742,0.047804393,0.1493019,2151823.587,2151823.587,1,16.10563779,0,0,0.0008,rate_down_100bps,-100,0,50,-276150.7098,175508.0119,298310.2743,IN,INR
M00194,P004,Hybrid,12/31/2025,Active,38,M,3,64,623816.0851,555992.6873,0.059238468,0.062309374,0.068796105,0.055703779,cash_balance,0.186666667,VBT-2015,MP-2021,0.086667983,0.053148756,0.065118165,0.171009155,0.669609953,0.156543873,0.002837019,92907.69625,100965.2366,0.920194904,17.06262746,0,0,0.0029,baseline,0,0,0,0,8559.763825,14548.99675,IN,INR
M00195,P002,DB,12/31/2025,Active,40,F,23,61,688326.9953,607987.2863,0.064020884,0.077920674,0.132244394,0.021693433,final_average,0.064442262,VBT-2015,None,0.07136961,0.041233628,0.068469777,0.36860716,0.404043991,0.169171314,0.058177534,2474895.41,2923304.161,0.846608931,9.636590146,0,0,0.0035,baseline,0,0,0,0,326585.7551,555096.5175,IN,INR
M00196,P002,DB,12/31/2025,Active,41,F,8,63,542933.1405,509857.9733,0.031926032,0.054286814,0.130906298,0.018599443,final_average,0.026424439,RP-2014,MP-2021,0.054486332,0.047374465,0.08961701,0.401456864,0.319415001,0.251109836,0.028018299,929410.1466,917869.217,1.01257361,12.09878263,0,0,0.0038,rate_up_100bps,100,0,-50,96207.62424,134350.9063,228355.7046,IN,INR
M00197,P005,DB,12/31/2025,Active,57,F,16,64,1932667.136,1752323.668,0.050198437,0.02591201,0.042561612,0.016009405,career_average,0.045212357,IAM-2012,MP-2021,0.076188062,0.04081358,0.082347528,0.431927219,0.443594476,0.036127409,0.088350895,6356889.933,7346687.891,0.8652729,16.36749044,0,0,0.0086,equity_down_20,0,-0.2,0,-549142.7585,946375.5741,1608550.824,IN,INR
M00198,P006,DC,12/31/2025,Active,50,M,6,62,508307.4391,454151.928,0.057943931,0.117978956,0.167798255,,account_balance,0.123864226,IAM-2012,MP-2021,0.064549211,0.051134916,0.091066377,0.201117964,0.628842265,0.158121757,0.011918014,1011424.625,1011424.625,1,14.46417601,0,0,0.0065,rate_up_100bps,100,0,-50,114492.9104,97037.54986,164934.3401,IN,INR
M00199,P006,DC,12/31/2025,Active,33,M,13,66,1511237.632,1366262.847,0.051717863,0.091854365,0.158386726,,account_balance,0.095413755,RP-2014,MP-2021,0.052931203,0.043093566,0.060792729,0.467363212,0.156253297,0.278475384,0.097908107,6522809.695,6522809.695,1,15.14054317,0,0,0.0014,rate_up_100bps,100,0,-50,936628.2918,1069922.917,1818543.754,IN,INR
M00200,P005,DB,12/31/2025,Active,46,F,9,68,510541.5463,457252.0969,0.056665899,0.005594795,0.079723134,0.01327912,final_average,0.150309212,RP-2014,MP-2020,0.084168283,0.052945118,0.070604639,0.305259976,0.537415637,0.000320266,0.157004121,763902.7693,767032.7455,0.995919371,14.03609783,0,0,0.0053,rate_up_100bps,100,0,-50,87134.80186,86784.59259,147507.4291,IN,INR
M00201,P004,Hybrid,12/31/2025,Active,49,F,15,62,1390741.488,1231438.762,0.062714963,0.059147989,0.055818836,0.091380661,cash_balance,0.048858931,IAM-2012,None,0.078468534,0.030383885,0.076221025,0.189047543,0.597182116,0.1459407,0.067829642,2142624.298,2462610.711,0.870062121,9.739796946,0,0,0.0062,rate_down_100bps,-100,0,50,-175876.4372,193712.1103,329251.7084,IN,INR
M00202,P001,DB,12/31/2025,Active,55,M,9,62,1524927.856,1396492.984,0.044973483,0.037248403,0.133239896,0.011192319,career_average,0.04563995,RP-2014,MI-2012,0.082193003,0.040204606,0.077160549,0.328444908,0.543238391,0.105062426,0.023254275,2637749.563,2343158.659,1.12572384,16.65713611,0,0,0.008,baseline,0,0,0,0,322860.2054,548764.2153,IN,INR
M00203,P001,DB,12/31/2025,Retired,60,F,6,64,1653481.304,1460694.879,0.063946747,0.038669254,0.119928244,0.023313614,final_average,0.173066005,IAM-2012,MP-2021,0.081845068,0.056346673,0.062142405,0.371849069,0.406629507,0.026616634,0.19490479,2099339.561,2277237.362,0.921879992,11.14520197,204324.459,0,0.0095,baseline,0,0,0,0,270605.7681,459947.5548,IN,INR
M00204,P006,DC,12/31/2025,Active,34,M,11,65,616208.1552,573554.7504,0.036516644,0.118807642,0.062824834,,account_balance,0.066083301,RP-2014,MP-2021,0.064307133,0.039706347,0.080460813,0.237551324,0.587141508,0.174031589,0.001275579,1753923.634,1753923.634,1,9.928984557,0,0,0.0017,baseline,0,0,0,0,180973.9627,307600.7293,IN,INR
M00205,P004,Hybrid,12/31/2025,Active,36,M,10,63,1060154.748,978599.7897,0.040835442,0.085382237,0.111825435,0.11609562,cash_balance,0.041939291,IAM-2012,MI-2012,0.06928852,0.041842931,0.071464942,0.227849491,0.640969,0.130173984,0.001007524,1212833.177,1420378.1,0.85388051,12.05552262,0,0,0.0023,baseline,0,0,0,0,122981.3103,209030.8471,IN,INR
M00206,P001,DB,12/31/2025,Active,31,F,12,60,751412.8387,705900.1488,0.031733825,0.059884238,0.052124026,0.013033707,final_average,0.089836352,RP-2010,None,0.059346178,0.053721947,0.067658923,0.28951674,0.406776365,0.266740532,0.036966364,2048533.623,1734252.719,1.181219784,15.70796432,0,0,0.0008,rate_down_100bps,-100,0,50,-230751.0452,237643.6516,403921.9756,IN,INR
M00207,P001,DB,12/31/2025,Active,42,F,18,64,660679.7549,605494.2462,0.044577072,0.027291885,0.075875651,0.015028609,final_average,0.048015857,IAM-2012,MP-2020,0.080195861,0.032838474,0.086846462,0.184655332,0.665406985,0.143038352,0.006899332,2758591.143,2771348.004,0.995396875,16.91958686,0,0,0.0041,rate_down_100bps,-100,0,50,-377121.3419,258798.233,439878.3341,IN,INR
M00208,P004,Hybrid,12/31/2025,Active,49,M,5,67,1004233.171,919260.8554,0.045196382,0.047545635,0.075252911,0.06672746,cash_balance,0.015562064,IAM-2012,MP-2020,0.070958469,0.039356776,0.063353981,0.534531733,0.349344457,0.01138301,0.104740799,370973.9504,343822.5978,1.078969075,14.85451935,0,0,0.0062,rate_up_100bps,100,0,-50,44593.30967,66490.26766,113013.2452,IN,INR
M00209,P001,DB,12/31/2025,Active,54,F,17,63,1420119.763,1258645.786,0.062210824,0.040829339,0.058552402,0.019581933,final_average,0.081140121,VBT-2015,MP-2021,0.076000223,0.053234021,0.094680304,0.586515321,0.047280385,0.298189513,0.068014781,4274038.823,5121298.888,0.834561488,12.22283937,0,0,0.0077,equity_down_20,0,-0.2,0,-501357.8502,862495.9888,1465981.024,IN,INR
M00210,P001,DB,12/31/2025,Active,43,M,5,63,753272.7054,675338.3282,0.056125227,0.035361803,0.135157446,0.023561628,final_average,0.084928871,IAM-2012,MP-2021,0.064264892,0.058710525,0.095993014,0.208302629,0.520507179,0.154474998,0.116715195,1095279.738,1237451.038,0.885109555,15.5536143,0,0,0.0044,baseline,0,0,0,0,99600.62751,169290.793,IN,INR
M00211,P003,DC,12/31/2025,Active,41,M,15,67,1141811.918,1040668.227,0.047468902,0.118407417,0.077055244,,account_balance,0.048642214,RP-2014,MP-2021,0.077167301,0.053485091,0.073021459,0.630911804,0.348145182,0.019506019,0.001436995,5176430.852,5176430.852,1,15.89867824,0,0,0.0038,rate_down_100bps,-100,0,50,-732876.6124,1089277.354,1851440.415,IN,INR
M00212,P004,Hybrid,12/31/2025,Active,46,F,15,65,654425.1674,586762.8467,0.056084559,0.054311389,0.063592717,0.093398168,cash_balance,0.133333333,IALM_2012-14_Ultimate,MP-2020,0.076848188,0.035172373,0.099475985,0.325292217,0.431791425,0.152404629,0.09051173,1125799.464,1190322.464,0.945793681,17.30731608,0,0,0.0053,baseline,0,0,0,0,134046.3036,227837.9725,IN,INR
M00213,P004,Hybrid,12/31/2025,Active,36,F,8,65,615715.6113,577998.9782,0.032111334,0.03018313,0.059054491,0.091807621,cash_balance,0.164444444,RP-2014,MP-2020,0.080806344,0.055050576,0.076050666,0.161478788,0.688747086,0.129656422,0.020117704,469434.0048,522264.0749,0.898844143,10.0676215,0,0,0.0023,high_inflation,150,-0.05,300,50830.07598,42245.90214,71805.19293,IN,INR
M00214,P002,DB,12/31/2025,Retired,65,M,6,64,850873.4474,790916.9068,0.037210861,0.066080794,0.032154417,0.012397008,flat,0.148634332,VBT-2015,MP-2021,0.0562175,0.04427325,0.098492612,0.161115065,0.744781161,0.07595849,0.018145284,576129.9387,603724.2393,0.954293204,10.26217999,58830.01858,0,0.011,rate_down_100bps,-100,0,50,-40500.73183,52923.57222,89953.98658,IN,INR
M00215,P004,Hybrid,12/31/2025,Active,28,M,6,68,874132.1085,785250.1152,0.055077914,0.031920394,0.07158987,0.11502714,cash_balance,0.116211833,RP-2014,None,0.074946735,0.053490164,0.099475138,0.332637317,0.629716524,0.011630247,0.026015912,576356.06,626229.4283,0.920359271,12.92760962,0,0,0.0005,high_inflation,150,-0.05,300,84628.297,72550.05872,123313.0481,IN,INR
M00216,P002,DB,12/31/2025,Active,46,M,11,65,1329750.252,1193235.959,0.055654673,0.043116349,0.093212554,0.015121683,final_average,0.054286581,RP-2010,MI-2012,0.085179054,0.037180637,0.093076409,0.426771806,0.316075075,0.064864234,0.192288885,1931101.218,2394597.37,0.806440883,12.06461155,0,0,0.0053,rate_up_100bps,100,0,-50,258380.2227,278919.2563,474077.9578,IN,INR
M00217,P002,DB,12/31/2025,Retired,64,F,16,66,560628.5593,498049.8192,0.060965386,0.005236037,0.063325313,0.018611916,final_average,0.03702847,IALM_2012-14_Ultimate,None,0.053766449,0.040233977,0.064993229,0.378125834,0.536173127,0.014662259,0.07103878,1860982.505,2365650.688,0.786668342,15.95022289,148314.5849,0,0.0107,baseline,0,0,0,0,251656.2087,427739.0636,IN,INR
M00218,P005,DB,12/31/2025,Active,44,M,10,65,2600945.816,2376666.817,0.04611999,0.099253807,0.114054993,0.021095524,final_average,0.049057177,IALM_2012-14_Ultimate,MP-2021,0.088429867,0.057049119,0.083376771,0.382845688,0.351233846,0.02937112,0.236549347,6207470.536,7167043.571,0.866113129,14.29491029,0,0,0.0047,equity_down_20,0,-0.2,0,-475300.665,812100.2596,1380323.602,IN,INR
M00219,P004,Hybrid,12/31/2025,Active,42,F,2,65,439538.331,391999.112,0.058902164,0.050761038,0.079409943,0.052074367,cash_balance,0.047840942,VBT-2015,MP-2021,0.058311325,0.057323993,0.089276805,0.51007047,0.364796035,0.100278296,0.024855199,46439.12905,42398.26096,1.095307402,9.864119934,0,0,0.0041,baseline,0,0,0,0,8023.31322,13637.19378,IN,INR
M00220,P005,DB,12/31/2025,Active,40,F,8,63,1091027.085,975866.5335,0.057359213,0.002423759,0.06795814,0.013657423,career_average,0.164444444,IALM_2012-14_Ultimate,None,0.087461854,0.038555267,0.063098581,0.412984137,0.417297528,0.124588353,0.045129983,1274257.471,1472584.015,0.865320727,13.81118387,0,0,0.0035,equity_down_20,0,-0.2,0,-105249.6243,183612.2111,312084.9497,IN,INR
M00221,P004,Hybrid,12/31/2025,Active,42,F,7,63,866065.5831,758529.8544,0.068535735,0.054123066,0.142686919,0.098230526,cash_balance,0.168888889,IAM-2012,MP-2021,0.084720796,0.032506563,0.095745675,0.328934768,0.532761441,0.12924317,0.009060621,670828.9038,630559.0684,1.0638637,11.57004349,0,0,0.0041,rate_down_100bps,-100,0,50,-55086.36979,82507.62951,140237.8919,IN,INR
M00222,P003,DC,12/31/2025,Active,58,M,14,65,735456.348,681798.2905,0.038605209,0.073061854,0.169923062,,account_balance,0.034198795,VBT-2015,None,0.080807525,0.057870448,0.094072185,0.387344017,0.557791104,0.030513962,0.024350917,4351962.026,4351962.026,1,12.66574159,0,0,0.0089,equity_down_20,0,-0.2,0,-337141.2906,604709.2155,1027821.864,IN,INR
M00223,P001,DB,12/31/2025,Active,22,F,15,63,909991.6567,822148.8677,0.052067183,0.077255213,0.077790914,0.024705339,final_average,0.068574528,RP-2010,MP-2021,0.058377368,0.039012122,0.097354257,0.425009443,0.347276536,0.112638223,0.115075798,2836626.637,2965353.775,0.956589619,9.732938308,0,0,0.0005,rate_down_100bps,-100,0,50,-239361.3598,413259.8595,702416.1503,IN,INR
M00224,P003,DC,12/31/2025,Active,59,M,12,64,1332377.385,1199189.647,0.054070578,0.118404985,0.087853076,,account_balance,0.020777851,IALM_2012-14_Ultimate,None,0.05865752,0.033603581,0.080571844,0.220772016,0.330751087,0.346250707,0.102226191,4725001.261,4725001.261,1,9.315281165,0,0,0.0092,high_inflation,150,-0.05,300,490853.3785,495921.1698,842915.2527,IN,INR
M00225,P002,DB,12/31/2025,Active,30,M,17,62,1428851.306,1248140.242,0.069945915,0.013946465,0.058943801,0.024773448,final_average,0.124444444,IALM_2012-14_Ultimate,MP-2021,0.060372194,0.040443421,0.072972185,0.41848723,0.360899326,0.100133844,0.120479601,8028838.766,9297362.587,0.863560896,17.68727799,0,0,0.0005,rate_down_100bps,-100,0,50,-1499570.241,1152911.43,1959599.003,IN,INR
M00226,P002,DB,12/31/2025,Active,41,M,18,66,892780.7787,828534.2961,0.038047366,0.065773708,0.056097209,0.02088889,final_average,0.023418562,VBT-2015,MP-2021,0.082418257,0.038459971,0.080253793,0.559416179,0.168865484,0.13646154,0.135256797,5470727.046,4883365.971,1.120277915,15.67548233,0,0,0.0038,baseline,0,0,0,0,1021752.671,1736668.978,IN,INR
M00227,P006,DC,12/31/2025,Active,40,M,8,61,1143157.369,1035045.635,0.050928721,0.052669912,0.065036828,,account_balance,0.051014275,IALM_2012-14_Ultimate,MP-2020,0.057507571,0.032416708,0.089174209,0.278038924,0.461872112,0.028517312,0.231571652,1371640.226,1371640.226,1,14.87870433,0,0,0.0035,rate_down_100bps,-100,0,50,-172406.1754,140497.7104,238803.4031,IN,INR
M00228,P003,DC,12/31/2025,Active,50,F,6,66,541104.9002,496600.8162,0.043847412,0.113158008,0.118228676,,account_balance,0.137161173,IALM_2012-14_Ultimate,MP-2020,0.073233631,0.059512176,0.076648207,0.189499706,0.451163478,0.359116976,0.00021984,860435.8716,860435.8716,1,15.08701976,0,0,0.0065,high_inflation,150,-0.05,300,157453.7848,89812.37645,152653.7414,IN,INR
M00229,P006,DC,12/31/2025,Active,28,M,10,64,906257.4784,820383.0001,0.051035719,0.110275593,0.155562627,,account_balance,0.031774084,RP-2010,MP-2020,0.081101162,0.038813123,0.074070511,0.447726387,0.242172888,0.096677092,0.213423633,3117439.53,3117439.53,1,14.73884932,0,0,0.0005,equity_down_20,0,-0.2,0,-279151.9878,469127.8196,797374.7012,IN,INR
M00230,P004,Hybrid,12/31/2025,Active,49,M,12,62,1175810.471,1088598.884,0.039285144,0.027698978,0.111719942,0.081795344,cash_balance,0.133822967,RP-2010,MP-2021,0.068425203,0.038171384,0.063082229,0.310595964,0.369561117,0.31345329,0.006389629,1446289.703,1392368.574,1.03872619,12.41348691,0,0,0.0062,rate_up_100bps,100,0,-50,146116.8687,180647.7761,307046.3112,IN,INR
M00231,P005,DB,12/31/2025,Retired,64,F,8,64,352443.404,330986.5747,0.031904495,0.02421447,0.084852359,0.016316929,career_average,0.026917672,VBT-2015,None,0.083629843,0.042597916,0.07788946,0.491392299,0.359320502,0.107692101,0.041595099,598633.9387,582416.9738,1.027844252,13.48016617,43205.47435,0,0.0107,baseline,0,0,0,0,99896.04877,169792.9194,IN,INR
M00232,P003,DC,12/31/2025,Active,30,M,45,63,1021121.255,921087.5353,0.052902618,0.076792714,0.118445316,,account_balance,0.011368931,IALM_2012-14_Ultimate,MP-2021,0.07248412,0.042444652,0.075715591,0.066454878,0.105068805,0.386363225,0.442113092,41809094.15,41809094.15,1,17.32741796,0,0,0.0005,baseline,0,0,0,0,3359141.141,5709518.925,IN,INR
M00233,P003,DC,12/31/2025,Active,46,F,22,63,912832.443,838418.6983,0.043434173,0.09249405,0.170552966,,account_balance,0.051224409,RP-2014,MI-2012,0.073805016,0.043014827,0.086531686,0.346054502,0.372727647,0.225440915,0.055776936,12088804.95,12088804.95,1,12.3375157,0,0,0.0053,equity_down_20,0,-0.2,0,-836677.0741,1543248.922,2623054.094,IN,INR
M00234,P003,DC,12/31/2025,Active,37,M,7,63,1743519.397,1620454.113,0.037277656,0.060866849,0.134065557,,account_balance,0.072932594,VBT-2015,MI-2012,0.077071332,0.057198899,0.077549799,0.159829285,0.529475639,0.100629441,0.210065635,2871769.301,2871769.301,1,10.72067161,0,0,0.0026,equity_down_20,0,-0.2,0,-91798.56685,220633.7191,375010.2606,IN,INR
M00235,P002,DB,12/31/2025,Active,48,M,5,61,1061509.458,975867.1734,0.042957423,0.035313141,0.069724867,0.010757909,career_average,0.082758801,RP-2010,MP-2021,0.083839162,0.031807092,0.06016155,0.572928713,0.376502591,0.037100316,0.01346838,437710.1399,498005.0609,0.878927092,9.487355726,0,0,0.0059,baseline,0,0,0,0,84154.74258,143037.4834,IN,INR
M00236,P005,DB,12/31/2025,Active,44,F,7,68,1221906.335,1147368.058,0.031971208,0.085785599,0.089470051,0.011712321,career_average,0.103832188,RP-2014,MP-2020,0.05018536,0.058249351,0.079374152,0.174709545,0.625288149,0.175765555,0.024236751,1166360.48,1067132.264,1.092985864,11.34421579,0,0,0.0047,high_inflation,150,-0.05,300,116699.6108,106367.4914,180792.4048,IN,INR
M00237,P002,DB,12/31/2025,Active,38,M,18,60,871368.2598,763914.6602,0.068017689,0.002731951,0.036877566,0.014830603,final_average,0.049990929,IALM_2012-14_Ultimate,MP-2021,0.065702211,0.049977614,0.090948591,0.216391481,0.652680852,0.073858498,0.057069169,1575115.059,2075982.903,0.758732192,10.1799959,0,0,0.0029,rate_up_100bps,100,0,-50,159932.6025,152970.7379,260003.7587,IN,INR
M00238,P001,DB,12/31/2025,Active,49,M,19,65,1308539.012,1179579.203,0.053245917,0.000324793,0.040587996,0.021647448,final_average,0.067501143,VBT-2015,MP-2020,0.088519661,0.050925323,0.097812186,0.361506899,0.282784388,0.309737726,0.045970986,6314398.212,7208815.756,0.875927257,14.85855306,0,0,0.0062,high_inflation,150,-0.05,300,1358632.653,862641.899,1466229.027,IN,INR
M00239,P004,Hybrid,12/31/2025,Retired,62,M,22,63,1268099.668,1123107.504,0.062590747,0.028125929,0.061563028,0.065304274,cash_balance,0.085792623,VBT-2015,None,0.053946871,0.034735561,0.067718232,0.183164767,0.622261862,0.191309229,0.003264141,2527284.926,2372044.78,1.065445707,11.12902385,158136.3186,0,0.0101,baseline,0,0,0,0,237479.368,403642.7434,IN,INR
M00240,P001,DB,12/31/2025,Active,42,M,6,65,546902.8103,498975.5201,0.046924728,0.091400004,0.074049645,0.020397574,final_average,0.055577185,RP-2010,MP-2020,0.059337941,0.039873768,0.076901436,0.313241397,0.411577477,0.004854043,0.270327083,626265.533,732223.3705,0.855293013,11.99042487,0,0,0.0041,rate_up_100bps,100,0,-50,74908.85371,69432.26648,118013.749,IN,INR
M00241,P006,DC,12/31/2025,Active,51,M,14,63,1132501.38,996360.0465,0.066132587,0.113397218,0.125035774,,account_balance,0.125005313,IAM-2012,MP-2021,0.072837243,0.031566582,0.093898431,0.398550391,0.231299843,0.24660695,0.123542816,6233754.379,6233754.379,1,9.861341317,0,0,0.0068,equity_down_20,0,-0.2,0,-496893.0495,883530.6528,1501733.559,IN,INR
M00242,P006,DC,12/31/2025,Active,31,M,6,65,1676146.85,1522248.755,0.049332729,0.111626174,0.144935031,,account_balance,0.044746413,IAM-2012,MP-2021,0.08431519,0.049592371,0.061713851,0.197429549,0.701715795,0.097844673,0.003009983,2804466.878,2804466.878,1,12.91980446,0,0,0.0008,equity_down_20,0,-0.2,0,-110736.9261,271743.6535,461881.6141,IN,INR
M00243,P006,DC,12/31/2025,Active,34,M,25,65,1532952.678,1382632.642,0.052957813,0.112700545,0.148127505,,account_balance,0.050392701,IAM-2012,MP-2021,0.053888133,0.040195474,0.073995813,0.523993271,0.166557933,0.17403028,0.135418516,22005612.61,22005612.61,1,17.59349625,0,0,0.0017,rate_up_100bps,100,0,-50,3688296.161,3885408.427,6604013.351,IN,INR
M00244,P003,DC,12/31/2025,Active,49,F,6,65,996812.1495,904703.5549,0.049671759,0.0991688,0.079762193,,account_balance,0.066686123,VBT-2015,MP-2020,0.050161216,0.046537605,0.083643233,0.176743494,0.691946833,0.084526269,0.046783404,1235953.378,1235953.378,1,12.95052588,0,0,0.0062,rate_up_100bps,100,0,-50,117301.7607,112766.6843,191669.0877,IN,INR
M00245,P001,DB,12/31/2025,Active,59,M,5,61,1137974.194,1014072.352,0.059331132,0.024373666,0.038116185,0.012206092,flat,0.091904988,RP-2010,MI-2012,0.077480874,0.052581849,0.073700642,0.157371475,0.677950976,0.146539383,0.018138166,1007930.352,975416.5004,1.033333301,15.76066392,0,0,0.0092,equity_down_20,0,-0.2,0,-31723.89725,90123.72734,153182.9432,IN,INR
M00246,P006,DC,12/31/2025,Active,48,M,5,65,1486163.747,1341174.448,0.052666243,0.075051006,0.140722577,,account_balance,0.012814096,RP-2010,MP-2020,0.073892082,0.046606023,0.079575452,0.354287852,0.628597371,0.008806787,0.00830799,1752209.573,1752209.573,1,14.13019232,0,0,0.0059,baseline,0,0,0,0,231389.3271,393291.5249,IN,INR
M00247,P003,DC,12/31/2025,Active,41,M,11,63,589786.1336,544385.586,0.040863957,0.05051243,0.061440616,,account_balance,0.010500085,IAM-2012,None,0.06084242,0.032144849,0.097564308,0.423468736,0.256548763,0.162132769,0.157849732,1118665.082,1118665.082,1,11.85898701,0,0,0.0038,equity_down_20,0,-0.2,0,-94743.9377,162428.6106,276079.2676,IN,INR
M00248,P006,DC,12/31/2025,Active,44,F,16,60,1218915.842,1136066.65,0.035821581,0.119015935,0.067064661,,account_balance,0.128888889,RP-2014,MP-2021,0.088304597,0.031849204,0.06095706,0.617824646,0.198052507,0.14553847,0.038584377,5430093.903,5430093.903,1,17.47269047,0,0,0.0047,baseline,0,0,0,0,1119762.125,1903255.259,IN,INR
M00249,P006,DC,12/31/2025,Active,31,F,15,63,405586.7285,364922.5122,0.054244976,0.066643074,0.13754994,,account_balance,0.032442442,IAM-2012,MP-2020,0.072365996,0.056014733,0.063116586,0.369682554,0.568502914,0.025252271,0.03656226,1768843.86,1768843.86,1,13.66378809,0,0,0.0008,equity_down_20,0,-0.2,0,-130782.1431,237094.0907,402987.889,IN,INR
M00250,P005,DB,12/31/2025,Active,50,F,5,63,1451430.637,1317576.338,0.049567198,0.010368029,0.069210287,0.01448934,career_average,0.177777778,VBT-2015,MP-2021,0.076536533,0.037864484,0.06787852,0.388245025,0.321414728,0.173741536,0.116598711,1470076.86,1522335.985,0.965671753,15.94836374,0,0,0.0065,equity_down_20,0,-0.2,0,-114150.0056,199962.5743,339875.5974,IN,INR
M00251,P002,DB,12/31/2025,Active,53,F,8,64,828075.6538,774754.6121,0.033839028,0.05196071,0.045182661,0.017806435,career_average,0.164444444,RP-2014,MI-2012,0.065151288,0.040866322,0.075395964,0.203457441,0.647128819,0.106578606,0.042835135,1051452.992,1114937.296,0.943060202,10.10227761,0,0,0.0074,baseline,0,0,0,0,99768.0505,169575.3612,IN,INR
M00252,P003,DC,12/31/2025,Active,39,M,8,65,947037.6805,865863.5761,0.045824699,0.113649287,0.065327587,,account_balance,0.050851615,RP-2010,MP-2021,0.086863528,0.036551892,0.078831595,0.236822519,0.503072035,0.017493737,0.242611709,1679387.836,1679387.836,1,11.03981882,0,0,0.0032,equity_down_20,0,-0.2,0,-79543.37163,155413.5332,264155.7682,IN,INR
M00253,P005,DB,12/31/2025,Active,39,M,5,63,766878.9801,694799.4003,0.050591057,0.074249606,0.057924625,0.017418277,final_average,0.104229496,IALM_2012-14_Ultimate,MP-2020,0.061043065,0.050966429,0.061466859,0.404302091,0.562650097,0.031591953,0.001455859,837850.1708,791326.2476,1.058792342,13.07738615,0,0,0.0032,baseline,0,0,0,0,120882.8252,205464.0603,IN,INR
M00254,P002,DB,12/31/2025,Active,47,M,8,63,966588.8149,855289.9308,0.063075729,0.023483605,0.148224506,0.017757827,career_average,0.102132368,RP-2014,None,0.079951501,0.041582959,0.095302627,0.072402405,0.496493233,0.397605727,0.033498635,1484479.991,1935018.896,0.76716563,15.92546235,0,0,0.0056,equity_down_20,0,-0.2,0,-21495.98417,141838.6451,241082.5846,IN,INR
M00255,P001,DB,12/31/2025,Active,40,M,22,61,1104521.22,1034990.562,0.033044042,0.02933275,0.130241926,0.019516223,final_average,0.053559982,RP-2010,MP-2020,0.054666643,0.043689763,0.090343595,0.723762321,0.21870251,0.015450181,0.042084988,7073694.418,7262174.524,0.974046327,16.34224999,0,0,0.0035,baseline,0,0,0,0,1691424.056,2874906.785,IN,INR
M00256,P003,DC,12/31/2025,Active,43,M,4,65,1382551.532,1268616.646,0.043939814,0.088432011,0.123324651,,account_balance,0.070793483,RP-2014,MP-2021,0.071511461,0.050233914,0.070720412,0.114917962,0.478284871,0.115762138,0.291035029,1231911.876,1231911.876,1,17.80047321,0,0,0.0044,baseline,0,0,0,0,79865.79497,135747.5761,IN,INR
M00257,P006,DC,12/31/2025,Retired,65,M,12,64,1766967.477,1564006.805,0.062906245,0.047533105,0.17298486,,account_balance,0.10735957,IAM-2012,MP-2020,0.073111583,0.048691934,0.070270729,0.4190887,0.462447992,0.039122278,0.07934103,6220506.51,6220506.51,1,17.5566285,414700.434,0,0.011,rate_up_100bps,100,0,-50,948278.1815,904771.0909,1537835.848,IN,INR
M00258,P004,Hybrid,12/31/2025,Active,42,F,22,63,1006356.404,902559.4839,0.055936957,0.021749318,0.060709212,0.105472199,cash_balance,0.051444315,RP-2014,MP-2020,0.057534143,0.053230322,0.061023418,0.323302193,0.292272212,0.298015447,0.086410147,3030199.456,3156424.696,0.960010058,12.80545109,0,0,0.0041,baseline,0,0,0,0,378578.0864,643467.6775,IN,INR
M00259,P003,DC,12/31/2025,Active,40,F,22,65,466160.089,429669.5092,0.041598333,0.083502185,0.147077423,,account_balance,0.034984196,RP-2014,MI-2012,0.06295107,0.052464612,0.075965283,0.504784351,0.338602752,0.04608299,0.110529907,4877069.615,4877069.615,1,13.78721059,0,0,0.0035,high_inflation,150,-0.05,300,761670.177,827429.759,1406379.092,IN,INR
M00260,P001,DB,12/31/2025,Active,38,M,26,64,1771860.825,1565664.445,0.063813405,0.071434253,0.114671972,0.017319561,final_average,0.067604481,RP-2014,MP-2020,0.057147888,0.043196835,0.070179213,0.303564158,0.505444481,0.1746064,0.016384961,7078658.351,6506967.517,1.087858259,9.229320596,0,0,0.0029,baseline,0,0,0,0,827063.4622,1405756.499,IN,INR
M00261,P004,Hybrid,12/31/2025,Active,51,F,13,64,507681.3801,460717.358,0.049731743,0.082608207,0.045792666,0.095866087,cash_balance,0.062860789,VBT-2015,MP-2021,0.083801043,0.035755642,0.084736799,0.491735433,0.328975982,0.041728292,0.137560294,778429.6995,813750.0806,0.956595542,13.40347072,0,0,0.0068,rate_up_100bps,100,0,-50,96266.52008,128618.5095,218612.3723,IN,INR
M00262,P006,DC,12/31/2025,Active,42,M,14,64,814218.8572,738613.2503,0.049934076,0.079144158,0.077217269,,account_balance,0.137777778,VBT-2015,MP-2021,0.076287562,0.036696591,0.081915322,0.318709875,0.254791123,0.403591795,0.022907208,2805612.296,2805612.296,1,9.332519102,0,0,0.0041,rate_up_100bps,100,0,-50,226092.0482,376144.5911,639331.4752,IN,INR
M00263,P001,DB,12/31/2025,Active,38,M,8,65,789645.6121,690915.9641,0.069063494,0.030042019,0.10585982,0.016538739,final_average,0.064587003,IAM-2012,MP-2020,0.067857364,0.051202145,0.098285328,0.693001403,0.142041232,0.040039,0.124918365,964575.7039,833585.2276,1.157141072,9.118689138,0,0,0.0029,baseline,0,0,0,0,220476.939,374743.782,IN,INR
M00264,P003,DC,12/31/2025,Active,57,M,4,65,989743.4679,867908.5128,0.06788466,0.108551036,0.063988839,,account_balance,0.020403809,IALM_2012-14_Ultimate,MI-2012,0.07223921,0.037838686,0.091809759,0.223505328,0.555892148,0.116538619,0.104063906,714031.4866,714031.4866,1,14.00541243,0,0,0.0086,high_inflation,150,-0.05,300,112255.7525,67549.13675,114813.0008,IN,INR
M00265,P006,DC,12/31/2025,Active,58,M,10,63,557619.3988,511273.1212,0.044341307,0.105260127,0.085995371,,account_balance,0.093552498,VBT-2015,MP-2020,0.063761662,0.043213636,0.063234588,0.242408445,0.66932279,0.029498604,0.058770161,1328655.44,1328655.44,1,17.0783008,0,0,0.0089,equity_down_20,0,-0.2,0,-64415.45982,137818.7397,234249.9673,IN,INR
M00266,P005,DB,12/31/2025,Active,38,M,20,62,545565.4209,508678.4314,0.035623165,0.098128966,0.124289114,0.012455257,flat,0.058727514,IALM_2012-14_Ultimate,MP-2021,0.067149573,0.033237168,0.08817148,0.133867351,0.575618591,0.284891653,0.005622405,2681630.669,2240876.278,1.196688409,17.68446212,0,0,0.0029,equity_down_20,0,-0.2,0,-71796.55875,244752.05,416004.0923,IN,INR
M00267,P004,Hybrid,12/31/2025,Active,25,F,2,62,975119.7397,896328.3272,0.043026669,0.010527306,0.122903205,0.111104911,cash_balance,0.179074426,VBT-2015,None,0.074774872,0.033667768,0.064284605,0.421681483,0.331461547,0.188943487,0.057913483,223391.0653,208981.9172,1.068949258,15.60546133,0,0,0.0005,baseline,0,0,0,0,32914.53223,55944.70037,IN,INR
M00268,P004,Hybrid,12/31/2025,Active,54,M,8,65,687621.7959,646617.6332,0.03121933,0.056237278,0.072671447,0.106543796,cash_balance,0.164444444,RP-2010,MP-2021,0.058459144,0.037498428,0.072923511,0.124476551,0.717619573,0.0292323,0.128671576,672749.9424,641303.0331,1.049035959,15.72684289,0,0,0.0077,baseline,0,0,0,0,55196.9233,93817.99243,IN,INR
M00269,P002,DB,12/31/2025,Active,37,M,15,66,1804406.16,1698085.681,0.030830715,0.000607062,0.031007459,0.016725833,career_average,0.042602934,RP-2010,MP-2021,0.055363852,0.032544996,0.082200712,0.349873459,0.395056891,0.179713429,0.075356221,5930155.162,5528502.148,1.072651326,12.9768378,0,0,0.0026,rate_up_100bps,100,0,-50,600287.3236,750823.3188,1276171.428,IN,INR
M00270,P002,DB,12/31/2025,Active,52,M,11,63,768429.4078,702569.6027,0.045820885,0.071268282,0.118129312,0.020282514,final_average,0.038019702,RP-2014,MP-2021,0.087778356,0.038236812,0.079828704,0.34949098,0.507941428,0.024446313,0.118121278,2215239.859,2210000.754,1.002370635,14.0990094,0,0,0.0071,baseline,0,0,0,0,278111.3935,472704.8366,IN,INR
M00271,P005,DB,12/31/2025,Active,24,M,21,62,619863.8884,543808.5331,0.067640793,0.019719269,0.14996785,0.020091455,final_average,0.051531039,IALM_2012-14_Ultimate,None,0.059474179,0.047045779,0.08773339,0.448356787,0.49943177,0.044820433,0.007391011,3611668.445,3271181.513,1.104086836,14.2569933,0,0,0.0005,equity_down_20,0,-0.2,0,-323863.2117,562623.3191,956288.6324,IN,INR
M00272,P005,DB,12/31/2025,Active,53,F,18,65,2089271.788,1842529.998,0.064854294,0.012958454,0.078705493,0.01560416,final_average,0.059194347,RP-2014,MI-2012,0.069808978,0.052343063,0.092401134,0.078218178,0.212565098,0.516823707,0.192393017,5089243.03,4983109.733,1.021298607,9.628818427,0,0,0.0074,rate_down_100bps,-100,0,50,-425724.816,546251.3816,928461.3149,IN,INR
M00273,P006,DC,12/31/2025,Active,32,M,4,66,1216479.154,1102421.114,0.050457713,0.117472863,0.088427003,,account_balance,0.048886511,RP-2014,MP-2021,0.080460901,0.030981081,0.093175418,0.201074267,0.269601147,0.367463977,0.16186061,1085033.863,1085033.863,1,9.410661568,0,0,0.0011,equity_down_20,0,-0.2,0,-43634.47777,110402.4577,187650.6212,IN,INR
M00274,P006,DC,12/31/2025,Active,51,F,11,66,3343834.851,3017940.105,0.052609055,0.057051078,0.170658731,,account_balance,0.091864761,VBT-2015,MP-2020,0.072243336,0.048018503,0.06233335,0.272832475,0.278073984,0.230445579,0.218647962,10541915.42,10541915.42,1,10.30874449,0,0,0.0068,high_inflation,150,-0.05,300,1266442.412,1100242.005,1870076.989,IN,INR
M00275,P003,DC,12/31/2025,Active,44,F,7,64,414554.0386,390576.9212,0.03023734,0.055274943,0.066504097,,account_balance,0.078994233,VBT-2015,MP-2020,0.075394987,0.040895594,0.085666226,0.428374722,0.351364864,0.146055121,0.074205293,443929.8109,443929.8109,1,16.15292279,0,0,0.0047,rate_down_100bps,-100,0,50,-63908.57272,65692.8669,111657.9063,IN,INR
M00276,P003,DC,12/31/2025,Active,34,M,7,66,1081105.456,1002200.598,0.038620046,0.092858318,0.142669562,,account_balance,0.07881729,RP-2014,MP-2021,0.056537318,0.036799239,0.098455118,0.343861475,0.206465423,0.206893571,0.242779531,2295266.555,2295266.555,1,14.05091821,0,0,0.0017,baseline,0,0,0,0,280151.1911,476171.8725,IN,INR
M00277,P005,DB,12/31/2025,Active,40,M,4,60,1225090.971,1152546.935,0.030990965,0.000846442,0.087021117,0.0198253,final_average,0.182222222,VBT-2015,MP-2021,0.065797139,0.030955733,0.090200838,0.263095691,0.514902684,0.117805182,0.104196442,1548272.716,1308926.835,1.182856577,14.32112019,0,0,0.0035,baseline,0,0,0,0,159546.1433,271179.9493,IN,INR
M00278,P004,Hybrid,12/31/2025,Active,51,F,12,61,997014.2069,887035.165,0.060181581,0.096841486,0.125637768,0.118078282,cash_balance,0.079364212,RP-2010,MP-2021,0.07760947,0.039778116,0.080796121,0.49234523,0.467804745,0.039309191,0.000540834,1817528.887,1694875.121,1.072367435,12.14301454,0,0,0.0068,rate_down_100bps,-100,0,50,-163296.5006,306457.8374,520885.1753,IN,INR
M00279,P004,Hybrid,12/31/2025,Active,45,F,21,61,836598.6777,779729.0215,0.035825832,0.05921456,0.070879403,0.116784729,cash_balance,0.106666667,RP-2010,MP-2021,0.05839145,0.053690346,0.099941587,0.122252201,0.674493627,0.040170017,0.163084155,2828177.545,2844941.287,0.994107526,16.81688442,0,0,0.005,rate_down_100bps,-100,0,50,-383051.1017,221244.1613,376047.8267,IN,INR
M00280,P005,DB,12/31/2025,Active,50,M,13,65,1724638.878,1521224.04,0.064761884,0.071989964,0.138747472,0.015962988,final_average,0.083711817,IALM_2012-14_Ultimate,None,0.06934226,0.045900687,0.061759282,0.263525056,0.62584363,0.031190329,0.079440985,5250685.68,5578567.909,0.941224659,17.67144244,0,0,0.0065,baseline,0,0,0,0,559933.109,951716.0929,IN,INR
M00281,P006,DC,12/31/2025,Retired,64,F,4,61,1214543.674,1089695.017,0.055732973,0.080390144,0.164732727,,account_balance,0.087768842,RP-2010,MP-2021,0.07356999,0.053269334,0.063526115,0.148902838,0.634947345,0.209988064,0.006161753,1208495.697,1208495.697,1,10.923029,80566.37981,0,0.0107,baseline,0,0,0,0,108398.871,184245.1326,IN,INR
M00282,P002,DB,12/31/2025,Active,28,F,10,64,460395.6855,426336.3911,0.039176747,0.014436456,0.08585093,0.017184603,final_average,0.029844389,RP-2014,MP-2021,0.081573312,0.042370674,0.090725683,0.232647702,0.41255767,0.223833409,0.130961218,727156.0224,867081.4985,0.83862477,11.83499339,0,0,0.0005,rate_down_100bps,-100,0,50,-87619.34833,70775.6393,120297.0745,IN,INR
M00283,P003,DC,12/31/2025,Retired,60,M,14,64,665826.4216,619987.0843,0.036308813,0.053069122,0.17296575,,account_balance,0.032931328,IAM-2012,MP-2021,0.058653684,0.055297628,0.081989913,0.195270516,0.711316872,0.025687949,0.067724663,3406031.089,3406031.089,1,11.95305443,227068.7393,0,0.0095,rate_down_100bps,-100,0,50,-285986.381,324615.7604,551748.1252,IN,INR
M00284,P001,DB,12/31/2025,Active,45,M,10,63,583148.8736,523827.2519,0.055104988,0.01314156,0.04217322,0.017326014,career_average,0.076227218,VBT-2015,MP-2020,0.089123677,0.034510632,0.064976978,0.385519785,0.422591562,0.126127674,0.065760979,1379033.989,1603277.693,0.860134208,17.66534008,0,0,0.005,high_inflation,150,-0.05,300,354546.8316,187305.8184,318362.9594,IN,INR
M00285,P003,DC,12/31/2025,Active,35,F,13,66,932364.282,820434.5473,0.066033479,0.072932888,0.106452499,,account_balance,0.142222222,RP-2014,MP-2021,0.088697054,0.05460101,0.075012502,0.3160174,0.537087081,0.080748288,0.066147231,3061696.957,3061696.957,1,13.66054289,0,0,0.002,baseline,0,0,0,0,360644.9593,612986.8122,IN,INR
M00286,P001,DB,12/31/2025,Active,31,F,7,62,1509047.719,1346259.924,0.058734409,0.056896314,0.05915424,0.015455328,final_average,0.023488503,VBT-2015,None,0.050491741,0.044280009,0.062571545,0.583262255,0.326404269,0.089134665,0.001198811,1743363.383,2054743.238,0.848458022,14.10757512,0,0,0.0008,high_inflation,150,-0.05,300,341291.6719,340605.6459,578926.0704,IN,INR
M00287,P003,DC,12/31/2025,Active,42,M,9,63,830131.4506,761718.035,0.043941866,0.040740314,0.173153999,,account_balance,0.120707048,IALM_2012-14_Ultimate,MP-2020,0.064719101,0.05238011,0.081056811,0.424823474,0.56451565,0.00349665,0.007164225,2082352.813,2082352.813,1,12.31381429,0,0,0.0041,high_inflation,150,-0.05,300,252229.9131,313321.4123,532551.1664,IN,INR
M00288,P003,DC,12/31/2025,Active,53,M,9,65,878609.0322,791644.9079,0.053495344,0.118101584,0.099526811,,account_balance,0.025695687,RP-2014,MP-2020,0.052713581,0.037212664,0.064162776,0.177825295,0.541106583,0.220861189,0.060206932,2051279.205,2051279.205,1,17.09453603,0,0,0.0074,baseline,0,0,0,0,185489.1454,315275.1675,IN,INR
M00289,P002,DB,12/31/2025,Active,43,M,23,60,633769.1445,583226.0301,0.042430468,0.003443597,0.138232131,0.016551346,final_average,0.097777778,RP-2014,MP-2021,0.062689864,0.04458471,0.060275944,0.534536828,0.161216836,0.111946778,0.192299558,2739649.713,2379769.624,1.15122476,10.71857014,0,0,0.0044,baseline,0,0,0,0,487620.6786,828806.9406,IN,INR
M00290,P004,Hybrid,12/31/2025,Active,59,M,5,65,1386931.153,1211476.411,0.069965983,0.079823431,0.099408834,0.106333158,cash_balance,0.051970708,RP-2014,MP-2021,0.074282515,0.051983768,0.072896965,0.328277657,0.519265853,0.128216743,0.024239747,783286.456,725801.4936,1.079202045,13.11418142,0,0,0.0092,baseline,0,0,0,0,95715.54759,162687.338,IN,INR
M00291,P001,DB,12/31/2025,Active,29,F,2,66,1714601.718,1526123.123,0.059953568,0.072592244,0.107873922,0.016287527,career_average,0.124564643,IALM_2012-14_Ultimate,MP-2021,0.074349461,0.044512656,0.069354706,0.087500543,0.506245569,0.234722824,0.171531064,490222.6103,548310.1424,0.89406081,11.02939151,0,0,0.0005,rate_down_100bps,-100,0,50,-48066.62111,36290.393,61682.63758,IN,INR
M00292,P001,DB,12/31/2025,Active,44,M,22,67,970339.0274,872505.8293,0.054575266,0.00818189,0.123191351,0.01535053,final_average,0.055147962,RP-2014,MI-2012,0.05386655,0.043743064,0.074483911,0.577820067,0.307522002,0.061665624,0.052992308,4480411.107,4203580.497,1.065855908,14.26609052,0,0,0.0047,baseline,0,0,0,0,864258.1982,1468976.245,IN,INR
M00293,P005,DB,12/31/2025,Active,31,M,11,66,2004706.939,1829006.718,0.046930366,0.012741552,0.061118971,0.012117009,final_average,0.051347197,VBT-2015,MP-2021,0.077084733,0.054319834,0.074018265,0.453867572,0.464025388,0.0601968,0.021910241,2737457.296,3395933.4,0.80609864,13.93014836,0,0,0.0008,rate_down_100bps,-100,0,50,-409546.0767,428795.374,728821.8028,IN,INR
M00294,P003,DC,12/31/2025,Active,48,M,5,63,770783.9633,692872.4464,0.054726092,0.064093243,0.119839202,,account_balance,0.046190138,IAM-2012,MP-2021,0.083853553,0.034870471,0.085200515,0.267010524,0.393413545,0.164115447,0.175460484,781729.7117,781729.7117,1,10.1811278,0,0,0.0059,rate_up_100bps,100,0,-50,64211.74816,79269.93792,134734.8003,IN,INR
M00295,P001,DB,12/31/2025,Active,53,M,18,64,525107.2637,482087.7373,0.043664642,0.07691289,0.080155218,0.01677697,career_average,0.108126965,RP-2014,MP-2021,0.075246581,0.044253051,0.087200592,0.237824171,0.680493354,0.064736468,0.016946007,2404911.068,2398576.705,1.002640884,16.47560984,0,0,0.0074,rate_down_100bps,-100,0,50,-313353.8396,249886.618,424731.2972,IN,INR
M00296,P003,DC,12/31/2025,Active,40,M,15,61,1414046.257,1329891.024,0.031154594,0.092013785,0.127046171,,account_balance,0.034415376,IALM_2012-14_Ultimate,None,0.062398638,0.054671237,0.065094361,0.297652374,0.577794164,0.002830321,0.121723141,7012630.374,7012630.374,1,10.10240938,0,0,0.0035,baseline,0,0,0,0,794824.2726,1350959.675,IN,INR
M00297,P005,DB,12/31/2025,Active,20,M,25,62,943034.2792,862238.2081,0.045803541,0.025398745,0.07201417,0.010595216,career_average,0.01610044,IALM_2012-14_Ultimate,MP-2021,0.050099802,0.055357605,0.079546463,0.257613379,0.351886856,0.31862469,0.071875075,2139611.68,2418364.091,0.884735135,10.58874719,0,0,0.0005,rate_up_100bps,100,0,-50,218429.3984,237747.3912,404098.3014,IN,INR
M00298,P002,DB,12/31/2025,Active,46,M,12,61,758002.8021,665523.6982,0.067219233,0.048780299,0.059535733,0.01036614,career_average,0.122548995,RP-2014,MP-2021,0.075936341,0.033548203,0.095566054,0.2376792,0.712407921,0.046774589,0.003138289,1115082.569,946783.07,1.177759304,11.43638214,0,0,0.0053,baseline,0,0,0,0,117714.351,200078.6172,IN,INR
M00299,P004,Hybrid,12/31/2025,Active,48,M,35,63,1019172.97,915588.0816,0.055052044,0.023645958,0.057445633,0.057391515,cash_balance,0.042538733,IALM_2012-14_Ultimate,MP-2021,0.077110159,0.055504587,0.065936422,0.206970105,0.749106577,0.015704439,0.028218879,3867618.178,4375059.395,0.884015011,16.32147116,0,0,0.0059,baseline,0,0,0,0,388943.9237,661086.4503,IN,INR
M00300,P001,DB,12/31/2025,Active,48,M,10,66,482640.5526,451982.9015,0.033358228,0.062280014,0.063907584,0.018189911,final_average,0.12449349,RP-2010,MP-2020,0.078349971,0.030364602,0.098674981,0.440016596,0.493927143,0.065336802,0.000719458,722041.719,890542.964,0.810788191,10.83184144,0,0,0.0059,baseline,0,0,0,0,110686.9127,188134.1081,IN,INR
M00301,P001,DB,12/31/2025,Active,56,M,15,63,448368.0156,395011.2349,0.065399745,0.011541424,0.051711698,0.015436215,career_average,0.014130661,IALM_2012-14_Ultimate,MP-2021,0.051570422,0.055666763,0.060773807,0.165734173,0.484248758,0.211034176,0.138982893,1101075.075,1003645.266,1.097075941,10.97333684,0,0,0.0083,baseline,0,0,0,0,92110.49297,156559.8409,IN,INR
M00302,P003,DC,12/31/2025,Active,33,F,16,64,1026487.768,947669.2122,0.040754994,0.111179118,0.133175109,,account_balance,0.046912293,IAM-2012,MP-2020,0.07065791,0.03794305,0.063988654,0.173300092,0.529145316,0.148709709,0.148844883,6085448.419,6085448.419,1,14.86817502,0,0,0.0014,equity_down_20,0,-0.2,0,-210921.7545,503518.7063,855828.7555,IN,INR
M00303,P003,DC,12/31/2025,Deferred,51,M,45,63,1197160.571,1107372.911,0.03975078,0.086264532,0.122809659,,account_balance,0.007852658,RP-2010,MP-2021,0.066537251,0.047345058,0.067103102,0.421269619,0.372829665,0.188266978,0.017633738,44921105.43,44921105.43,1,16.46753738,0,0,0.0068,baseline,0,0,0,0,6654493.964,11310617.1,IN,INR
M00304,P004,Hybrid,12/31/2025,Active,56,M,8,64,1843610.274,1698363.64,0.041883639,0.069358608,0.107813027,0.060732413,cash_balance,0.095787498,VBT-2015,MP-2021,0.080693931,0.030288879,0.078791729,0.529079666,0.421724621,0.028077194,0.021118519,941793.9086,1014880.957,0.92798461,15.29222693,0,0,0.0083,equity_down_20,0,-0.2,0,-99656.80134,168638.4721,286634.1447,IN,INR
M00305,P005,DB,12/31/2025,Active,26,F,8,67,1467377.607,1323160.371,0.053088089,0.049407258,0.071246967,0.015713777,final_average,0.089757587,RP-2010,MP-2020,0.078907569,0.051944781,0.071966102,0.21588801,0.706553654,0.059238834,0.018319501,1990551.317,2301562.149,0.864869679,13.83692657,0,0,0.0005,high_inflation,150,-0.05,300,350729.0408,199501.6982,339092.2481,IN,INR
M00306,P006,DC,12/31/2025,Active,47,M,16,63,1310493.062,1184619.006,0.051787524,0.1194852,0.153701681,,account_balance,0.128888889,IAM-2012,None,0.088026433,0.042946846,0.076726802,0.254245975,0.665693136,0.040428227,0.039632662,9354115.068,9354115.068,1,14.8508909,0,0,0.0056,baseline,0,0,0,0,997778.7845,1695920.657,IN,INR
M00307,P003,DC,12/31/2025,Active,39,F,4,64,1744005.453,1582899.704,0.04965655,0.091541829,0.122505245,,account_balance,0.075791277,RP-2010,MI-2012,0.085900401,0.055374003,0.09763247,0.527496326,0.225674872,0.127979936,0.118848866,1632813.483,1632813.483,1,13.92386854,0,0,0.0032,equity_down_20,0,-0.2,0,-172260.6225,288673.4105,490657.0552,IN,INR
M00308,P002,DB,12/31/2025,Active,43,M,7,63,1227454.165,1095111.269,0.058701475,0.074032848,0.098536405,0.015739384,final_average,0.047475891,RP-2014,MI-2012,0.072320272,0.0466656,0.073655249,0.424890433,0.47345999,0.10048619,0.001163387,1243942.695,1473349.494,0.844295735,12.21129639,0,0,0.0044,rate_up_100bps,100,0,-50,150467.2188,185001.3272,314446.0249,IN,INR
M00309,P005,DB,12/31/2025,Active,47,M,10,61,843326.3413,775727.1339,0.042661509,0.046172292,0.063054357,0.011931212,career_average,0.089747991,IALM_2012-14_Ultimate,MP-2021,0.089218957,0.055039704,0.09392464,0.336491477,0.54708373,0.079135562,0.037289231,1216506.146,1408268.386,0.863831183,15.21569848,0,0,0.0056,baseline,0,0,0,0,151042.1007,256725.6618,IN,INR
M00310,P002,DB,12/31/2025,Active,39,F,25,64,1484478.304,1317988.991,0.061282581,0.098435599,0.093313188,0.013756136,career_average,0.019846363,RP-2014,None,0.056008512,0.048349939,0.062912291,0.420633056,0.211216138,0.210147487,0.158003319,8226384.422,6883420.23,1.195101294,15.1864419,0,0,0.0032,baseline,0,0,0,0,1200982.197,2041304.695,IN,INR
M00311,P003,DC,12/31/2025,Active,37,F,16,66,1460109.833,1357741.947,0.037012867,0.115171135,0.124959014,,account_balance,0.107634351,RP-2014,MP-2020,0.050286347,0.052376091,0.092477813,0.359889687,0.468365828,0.152289873,0.019454612,10584855.08,10584855.08,1,14.6923655,0,0,0.0026,high_inflation,150,-0.05,300,1770460.553,1382540.36,2349898.388,IN,INR
M00312,P001,DB,12/31/2025,Active,44,M,11,61,981152.1637,871076.0703,0.061304832,0.011245067,0.124861412,0.017361435,final_average,0.147866935,RP-2014,MP-2021,0.054313314,0.052439296,0.096062365,0.335290553,0.527788424,0.102651527,0.034269497,2335888.896,2448047.939,0.954184295,14.71585575,0,0,0.0047,rate_up_100bps,100,0,-50,298608.4475,288867.4104,490986.7961,IN,INR
M00313,P001,DB,12/31/2025,Active,33,M,8,61,573829.287,514044.391,0.056552404,0.099265475,0.136952621,0.014134342,career_average,0.071392132,RP-2010,MP-2021,0.064204473,0.037399771,0.07139997,0.314135247,0.500597581,0.157164884,0.028102288,557866.349,646714.5829,0.862616004,11.12618965,0,0,0.0014,rate_up_100bps,100,0,-50,57991.36376,66208.41021,112534.1732,IN,INR
M00314,P006,DC,12/31/2025,Active,33,M,30,62,440964.0992,394442.31,0.057328332,0.041676174,0.126273054,,account_balance,0.04186674,VBT-2015,MP-2021,0.080210375,0.04731752,0.081883957,0.516774145,0.465552291,0.004941446,0.012732117,6471321.448,6471321.448,1,17.34476436,0,0,0.0014,high_inflation,150,-0.05,300,1290487.214,1139738.333,1937208.74,IN,INR
M00315,P005,DB,12/31/2025,Active,51,F,10,65,1438453.255,1306555.165,0.049262136,0.054988356,0.051070046,0.02399021,final_average,0.094193857,IALM_2012-14_Ultimate,MI-2012,0.065322674,0.0562159,0.06748644,0.476730771,0.202739005,0.126112026,0.194418198,4374975.591,5620146.634,0.778445097,17.9302294,0,0,0.0068,baseline,0,0,0,0,700413.6725,1190490.351,IN,INR
M00316,P004,Hybrid,12/31/2025,Active,33,F,7,65,1221271.962,1093768.373,0.056680061,0.030909549,0.062984028,0.05461972,cash_balance,0.044438312,RP-2010,MP-2020,0.081224079,0.056366294,0.063634253,0.358437195,0.504686145,0.123011176,0.013865484,441704.6957,501775.5854,0.880283355,14.00057932,0,0,0.0014,baseline,0,0,0,0,57553.08414,97822.7497,IN,INR
M00317,P003,DC,12/31/2025,Deferred,51,M,34,64,1300935.884,1218691.895,0.033191882,0.089121233,0.13613778,,account_balance,0.040633549,RP-2014,MP-2021,0.079711366,0.041541229,0.090816056,0.070416449,0.64063247,0.273239703,0.015711377,40910132.77,40910132.77,1,11.01407851,0,0,0.0068,baseline,0,0,0,0,3529698.099,5999413.912,IN,INR
M00318,P001,DB,12/31/2025,Active,49,M,4,64,1462828.434,1291991.003,0.064062045,0.055871295,0.082466415,0.00819707,flat,0.030974775,IAM-2012,None,0.081773992,0.039746823,0.085193197,0.245509852,0.578659311,0.126099696,0.049731141,525104.4404,502226.1239,1.045553816,11.85553583,0,0,0.0062,baseline,0,0,0,0,53567.06802,91047.73385,IN,INR
M00319,P001,DB,12/31/2025,Active,27,M,21,66,657000.198,616622.5053,0.032221889,0.02400959,0.142941649,0.014277398,career_average,0.049009833,IAM-2012,MP-2020,0.057490892,0.049619025,0.090089732,0.18384302,0.597732459,0.084047991,0.134376531,2510199.364,2894620.972,0.867194492,15.65683527,0,0,0.0005,high_inflation,150,-0.05,300,544202.8515,216213.3943,367497.052,IN,INR
M00320,P002,DB,12/31/2025,Active,37,M,11,65,423152.1987,394293.2089,0.03594966,0.055685876,0.077094203,0.012946121,final_average,0.048303277,RP-2014,MP-2020,0.070641341,0.053354831,0.077587437,0.28457965,0.416365791,0.297523321,0.001531238,642971.8527,642874.3673,1.00015164,11.44918259,0,0,0.0026,rate_up_100bps,100,0,-50,60218.28594,75816.51607,128865.0328,IN,INR
M00321,P003,DC,12/31/2025,Active,56,M,16,66,1241877.49,1119858.018,0.053071588,0.081304146,0.138013272,,account_balance,0.066560052,VBT-2015,MP-2020,0.078507672,0.031064066,0.069984248,0.263142491,0.573234761,0.163133333,0.000489415,6751109.354,6751109.354,1,14.47794178,0,0,0.0083,rate_up_100bps,100,0,-50,783923.1535,731277.5885,1242949.628,IN,INR
M00322,P004,Hybrid,12/31/2025,Active,34,M,15,66,1687880.017,1503408.393,0.059576458,0.026650984,0.141088679,0.066712151,cash_balance,0.064926565,IALM_2012-14_Ultimate,MP-2020,0.061366988,0.032802962,0.077073998,0.378340971,0.426759579,0.192843399,0.002056051,2002329.511,2026287.426,0.988176448,9.925733881,0,0,0.0017,equity_down_20,0,-0.2,0,-151512.6582,273939.8545,465614.4883,IN,INR
M00323,P004,Hybrid,12/31/2025,Active,39,M,16,65,1153529.284,1080900.922,0.033050063,0.038342613,0.109263227,0.104428312,cash_balance,0.094710354,RP-2010,MI-2012,0.083521057,0.05336196,0.06259161,0.300188023,0.383987589,0.305870558,0.009953831,2605421.146,2770278.038,0.940490849,17.70965302,0,0,0.0032,rate_down_100bps,-100,0,50,-440584.159,317347.5126,539394.3132,IN,INR
M00324,P002,DB,12/31/2025,Active,49,F,35,64,504408.1366,443191.2336,0.066830593,0.026824269,0.031059246,0.014232949,career_average,0.027021421,VBT-2015,MP-2020,0.081172479,0.043103978,0.071341079,0.150094525,0.471988388,0.358060699,0.019856388,3918124.769,3658226.4,1.071044911,16.5697695,0,0,0.0062,baseline,0,0,0,0,383988.5207,652663.7713,IN,INR
M00325,P006,DC,12/31/2025,Deferred,52,F,32,66,1097242.114,960267.6792,0.068944306,0.11201238,0.100191786,,account_balance,0.06,IAM-2012,MP-2020,0.054795061,0.050029445,0.07190091,0.473338658,0.346927153,0.175670715,0.004063473,19804798.7,19804798.7,1,16.39472499,0,0,0.0071,baseline,0,0,0,0,3231665.077,5492848.362,IN,INR
M00326,P005,DB,12/31/2025,Active,41,M,7,67,593542.4772,534040.8354,0.054238007,0.072498226,0.139348216,0.012779262,final_average,0.115844706,RP-2014,MP-2020,0.058715519,0.054610905,0.088580986,0.328353884,0.440374176,0.147799712,0.083472228,584258.6493,763758.7364,0.764978024,15.98740292,0,0,0.0038,rate_down_100bps,-100,0,50,-109240.5655,70141.3307,119218.9426,IN,INR
M00327,P003,DC,12/31/2025,Active,38,M,14,60,491841.9521,446753.363,0.049249738,0.119689214,0.152914955,,account_balance,0.137777778,RP-2010,MP-2020,0.059494936,0.052704078,0.062125404,0.351820969,0.631514542,0.00933018,0.007334309,2599913.712,2599913.712,1,9.00251654,0,0,0.0029,equity_down_20,0,-0.2,0,-182940.8323,341830.3228,581007.649,IN,INR
M00328,P004,Hybrid,12/31/2025,Active,58,F,3,61,981217.5614,873847.5525,0.059655799,0.017004989,0.052486536,0.097752497,cash_balance,0.147653707,VBT-2015,None,0.085139062,0.054291535,0.069810872,0.286251924,0.558907158,0.152409948,0.00243097,265362.7396,278080.2756,0.954266673,9.61382259,0,0,0.0089,baseline,0,0,0,0,30042.90589,51063.80843,IN,INR
M00329,P003,DC,12/31/2025,Retired,61,M,17,67,1059305.783,973511.0739,0.043134294,0.110278868,0.16445501,,account_balance,0.025689277,VBT-2015,MP-2021,0.057469075,0.045416401,0.071064415,0.305772741,0.587490326,0.048427413,0.058309519,8149567.33,8149567.33,1,14.30122373,543304.4887,0,0.0098,equity_down_20,0,-0.2,0,-498383.1087,949513.9682,1613885.14,IN,INR
M00330,P002,DB,12/31/2025,Active,54,F,19,63,941867.6578,854740.3149,0.049730577,0.01193835,0.130261191,0.012715178,final_average,0.077977642,VBT-2015,MP-2020,0.074883852,0.034733173,0.082054423,0.619081012,0.256895969,0.102026703,0.021996315,3107365.78,3286939.288,0.945367562,15.91774117,0,0,0.0077,baseline,0,0,0,0,640850.3885,1089250.873,IN,INR
M00331,P002,DB,12/31/2025,Active,45,M,2,66,1199195.481,1054021.165,0.066646041,0.016101833,0.099345342,0.013885758,career_average,0.147430275,RP-2010,MP-2021,0.052596483,0.044205247,0.069787779,0.138047169,0.3847529,0.04672955,0.430470381,372736.8828,462431.2845,0.806037341,15.79786059,0,0,0.005,rate_down_100bps,-100,0,50,-65883.66981,22488.40511,38223.45331,IN,INR
M00332,P005,DB,12/31/2025,Active,36,M,11,63,689850.6132,604544.9389,0.068226217,0.053308266,0.131675908,0.013442013,final_average,0.014102447,IALM_2012-14_Ultimate,MP-2021,0.072100214,0.058898655,0.065297163,0.317966984,0.453350754,0.158274812,0.07040745,931156.6674,1230257.797,0.756879306,13.76291907,0,0,0.0023,baseline,0,0,0,0,109873.1882,186751.0238,IN,INR
M00333,P001,DB,12/31/2025,Active,36,M,16,61,1023313.552,898695.3921,0.067082765,0.097091207,0.129188086,0.010509371,career_average,0.067401925,RP-2010,None,0.055650084,0.039163606,0.070319231,0.264774,0.373034686,0.247117032,0.115074282,2048562.536,2068478.394,0.990371735,13.68805626,0,0,0.0023,rate_down_100bps,-100,0,50,-244925.2422,218025.4617,370577.0157,IN,INR
M00334,P001,DB,12/31/2025,Active,49,M,13,61,791426.1975,731017.859,0.040497923,0.035723542,0.138897841,0.01249061,career_average,0.091647737,RP-2014,MP-2021,0.073019829,0.042578128,0.076875319,0.556632208,0.36276689,0.035466568,0.045134335,1025440.397,1161824.866,0.882611852,9.787813194,0,0,0.0062,baseline,0,0,0,0,191482.6999,325462.3883,IN,INR
M00335,P001,DB,12/31/2025,Active,48,F,5,62,879175.4241,813944.3634,0.039298762,0.095850827,0.044066471,0.021876846,final_average,0.051749086,RP-2010,MP-2020,0.064711829,0.052963044,0.081019069,0.377137612,0.253660227,0.363215762,0.0059864,1807333.068,1545418.935,1.169477756,17.3578846,0,0,0.0059,equity_down_20,0,-0.2,0,-136322.6553,262921.6751,446886.9322,IN,INR
M00336,P001,DB,12/31/2025,Active,58,M,5,62,1111016.212,1023441.055,0.04190658,0.003820079,0.047425817,0.01598632,final_average,0.126851921,VBT-2015,MI-2012,0.074227309,0.032279202,0.061462768,0.201537112,0.724113915,0.072565127,0.001783846,1031915.156,966610.9167,1.067560006,11.81599622,0,0,0.0089,high_inflation,150,-0.05,300,104881.7947,101682.148,172828.7452,IN,INR
M00337,P005,DB,12/31/2025,Active,51,M,10,64,1586176.878,1445164.063,0.047652444,0.09268722,0.039937083,0.012278361,final_average,0.128904254,IALM_2012-14_Ultimate,MP-2021,0.065777729,0.052711415,0.072392434,0.308286493,0.596438387,0.091877434,0.003397686,1525755.796,1932186.799,0.789652324,10.88908917,0,0,0.0068,baseline,0,0,0,0,181055.9938,307740.1572,IN,INR
M00338,P004,Hybrid,12/31/2025,Active,29,M,8,65,1123021.306,1033190.252,0.042566697,0.018115261,0.142232261,0.096388898,cash_balance,0.04674624,IALM_2012-14_Ultimate,MP-2021,0.084171808,0.03822638,0.09056673,0.611448871,0.288120335,0.003373964,0.09705683,1002006.208,988307.8865,1.013860379,14.3702596,0,0,0.0005,rate_down_100bps,-100,0,50,-127587.4907,203581.7107,346027.0293,IN,INR
M00339,P003,DC,12/31/2025,Active,55,F,9,68,1303813.656,1194013.171,0.044968512,0.099996408,0.083608863,,account_balance,0.1077372,RP-2014,MP-2021,0.080279109,0.038019821,0.083904688,0.406180519,0.501329633,0.092489841,7.10E-09,2835284.854,2835284.854,1,9.212651892,0,0,0.008,equity_down_20,0,-0.2,0,-230327.4948,407330.9975,692338.8869,IN,INR
M00340,P001,DB,12/31/2025,Active,34,M,4,63,989150.1938,888998.4795,0.054825478,0.005622743,0.037719034,0.021282488,final_average,0.05371878,RP-2014,MI-2012,0.083788088,0.047472699,0.078241575,0.52848963,0.315389252,0.1437268,0.012394318,1527928.994,1335759.844,1.143865045,17.65001052,0,0,0.0017,baseline,0,0,0,0,273349.2458,464610.6329,IN,INR
M00341,P003,DC,12/31/2025,Active,40,M,11,64,1226195.587,1090278.786,0.060501027,0.073596434,0.098279253,,account_balance,0.114913086,IAM-2012,MP-2021,0.058882089,0.037658614,0.078118863,0.592559219,0.234204014,0.080834125,0.092402643,3117534.298,3117534.298,1,12.29196978,0,0,0.0035,rate_up_100bps,100,0,-50,346699.4214,614063.632,1043721.529,IN,INR
M00342,P003,DC,12/31/2025,Active,47,M,25,64,1567838.906,1396893.17,0.059422328,0.070745411,0.159105441,,account_balance,0.065692837,IAM-2012,MP-2021,0.05595264,0.049234649,0.074755975,0.32109462,0.468187403,0.072167525,0.138550453,19766176.77,19766176.77,1,11.65965304,0,0,0.0056,high_inflation,150,-0.05,300,2445590.171,2296907.088,3904043.902,IN,INR
M00343,P001,DB,12/31/2025,Retired,64,M,5,64,2293603.107,2031409.564,0.062576943,0.030271406,0.127147179,0.015210033,career_average,0.177777778,IAM-2012,MP-2021,0.072293387,0.057265549,0.073681759,0.583085779,0.322426117,0.091875107,0.002612997,1890414.553,1601230.051,1.180601471,10.36468397,154489.0375,0,0.0107,rate_down_100bps,-100,0,50,-135486.4832,369199.4926,627526.9187,IN,INR
M00344,P003,DC,12/31/2025,Retired,75,M,9,64,1697808.712,1596354.551,0.031287376,0.101709662,0.080277671,,account_balance,0.037223019,RP-2010,None,0.084913328,0.042139027,0.07602544,0.235044462,0.348709167,0.240348556,0.175897815,3635921.104,3635921.104,1,13.57453655,242394.7403,0,0.014,rate_up_100bps,100,0,-50,430165.4882,352962.0707,599928.2368,IN,INR
M00345,P003,DC,12/31/2025,Active,50,F,15,60,960502.4966,902018.4102,0.031909352,0.087118035,0.154658607,,account_balance,0.06140154,IALM_2012-14_Ultimate,None,0.054424958,0.058306602,0.094768286,0.108214206,0.652143071,0.164009856,0.075632867,6451156.267,6451156.267,1,12.50579122,0,0,0.0065,baseline,0,0,0,0,518518.4447,881323.7515,IN,INR
M00346,P004,Hybrid,12/31/2025,Active,42,M,3,60,1648044.136,1462403.484,0.061575318,0.066752797,0.032623626,0.10550249,cash_balance,0.055110229,RP-2014,MP-2021,0.059355527,0.058267882,0.078753253,0.422140859,0.420272965,0.143307463,0.014278714,455115.587,490335.0217,0.928172712,11.75858223,0,0,0.0041,rate_up_100bps,100,0,-50,48092.80788,67212.18388,114240.2834,IN,INR
M00347,P004,Hybrid,12/31/2025,Active,49,M,11,61,1260562.761,1140491.402,0.051323153,0.097480777,0.139283496,0.094181065,cash_balance,0.13496008,IAM-2012,MI-2012,0.079839929,0.036227072,0.086770856,0.277091569,0.388890619,0.29892078,0.035097032,1502477.034,1565907.249,0.959492993,10.19201617,0,0,0.0062,high_inflation,150,-0.05,300,174757.6525,173053.5532,294138.4405,IN,INR
M00348,P001,DB,12/31/2025,Active,53,F,19,61,749195.5431,675514.7291,0.053125627,0.060642649,0.055866632,0.017069058,final_average,0.101145568,RP-2014,MP-2021,0.068614439,0.042953598,0.092313947,0.353486715,0.475399052,0.112923202,0.058191031,2718728.361,2613218.261,1.040375541,11.92827653,0,0,0.0074,baseline,0,0,0,0,346299.1119,588603.2321,IN,INR
M00349,P003,DC,12/31/2025,Active,41,M,5,65,1268397.609,1190718.043,0.032103474,0.117638132,0.163753964,,account_balance,0.17745252,IAM-2012,MP-2021,0.074138532,0.059703419,0.077278664,0.091355607,0.692817115,0.066927405,0.148899872,2017952.685,2017952.685,1,16.38116712,0,0,0.0038,equity_down_20,0,-0.2,0,-36870.25853,153150.1554,260308.7139,IN,INR
M00350,P004,Hybrid,12/31/2025,Retired,62,M,12,62,592488.4451,547565.0308,0.040212552,0.008800525,0.037418285,0.058370747,cash_balance,0.048365621,RP-2010,MP-2021,0.073670177,0.033854727,0.093566603,0.548259614,0.33079554,0.047037089,0.073907758,549112.0791,509677.8567,1.077370876,16.15054786,33978.52378,0,0.0101,rate_up_100bps,100,0,-50,73233.57486,100788.1629,171309.2423,IN,INR
M00351,P003,DC,12/31/2025,Active,46,M,18,66,1269248.572,1139205.539,0.055534172,0.105695421,0.071296771,,account_balance,0.028442538,RP-2010,MP-2020,0.066494198,0.044260597,0.099707322,0.29931506,0.66653822,0.012888131,0.021258589,8537343.379,8537343.379,1,14.15475877,0,0,0.0053,baseline,0,0,0,0,1011299.558,1718901.862,IN,INR
M00352,P005,DB,12/31/2025,Active,49,M,34,67,2165817.178,1911783.755,0.064367276,0.045384978,0.031149276,0.016088868,career_average,0.037057577,VBT-2015,MP-2020,0.078228092,0.042956351,0.080166449,0.468111537,0.357561403,0.141813602,0.032513457,17390380.68,16495944.73,1.054221566,15.77371657,0,0,0.0062,baseline,0,0,0,0,2790498.078,4742998.556,IN,INR
M00353,P004,Hybrid,12/31/2025,Active,51,F,11,68,1425704.901,1253031.182,0.066679336,0.088578236,0.097911317,0.067240886,cash_balance,0.105848817,RP-2014,MI-2012,0.084090766,0.054299834,0.07610986,0.292653764,0.511544376,0.194760773,0.001041086,1178908.782,1246126.183,0.946058913,14.51230624,0,0,0.0068,baseline,0,0,0,0,135946.6046,231067.9066,IN,INR
M00354,P001,DB,12/31/2025,Active,48,M,7,67,1687026.351,1530133.725,0.05001678,0.03882111,0.10552556,0.014712026,career_average,0.025225558,VBT-2015,MP-2020,0.086310282,0.034862571,0.092231849,0.211447417,0.717529176,0.063579665,0.007443742,1250680.333,1581953.787,0.790592205,10.03907918,0,0,0.0059,rate_down_100bps,-100,0,50,-113943.6118,125146.0525,212710.2509,IN,INR
M00355,P001,DB,12/31/2025,Active,52,M,3,63,830524.6111,750707.0746,0.051818969,0.067945414,0.036055476,0.012227452,final_average,0.030378288,RP-2010,None,0.051856464,0.036645302,0.085966797,0.306685685,0.486770039,0.013266831,0.193277445,388929.3894,477275.9425,0.814894183,17.33172609,0,0,0.0071,baseline,0,0,0,0,43493.95802,73926.50858,IN,INR
M00356,P004,Hybrid,12/31/2025,Active,38,F,7,64,1222486.178,1081220.747,0.063321985,0.022815373,0.064858186,0.076791883,cash_balance,0.071789757,RP-2010,MP-2021,0.072144245,0.035266599,0.084527814,0.334788363,0.414958169,0.025673261,0.224580207,674864.8572,683783.4288,0.986957023,13.50271241,0,0,0.0029,baseline,0,0,0,0,79418.60286,134987.4855,IN,INR
M00357,P001,DB,12/31/2025,Active,38,M,4,62,1348055.834,1219228.79,0.051504984,0.025937253,0.13217453,0.010717983,career_average,0.120707866,RP-2014,None,0.051614862,0.034998896,0.095444998,0.338471759,0.556992385,0.043508229,0.061027628,701894.9907,818769.8359,0.857255556,15.66403274,0,0,0.0029,baseline,0,0,0,0,87378.07672,148516.1717,IN,INR
M00358,P004,Hybrid,12/31/2025,Active,33,M,26,66,858272.5325,777479.5262,0.050674341,0.037612243,0.042157004,0.082169712,cash_balance,0.044693984,VBT-2015,MP-2021,0.086037204,0.037733611,0.085978169,0.273985294,0.559810126,0.151129326,0.015075254,3268747.207,3396472.997,0.962394581,16.87621045,0,0,0.0014,rate_up_100bps,100,0,-50,481702.0415,359092.6261,610348.3176,IN,INR
M00359,P006,DC,12/31/2025,Active,48,M,18,66,1339315.362,1178155.881,0.066203362,0.091848847,0.103937956,,account_balance,0.107819241,VBT-2015,MP-2021,0.067170632,0.045846626,0.085663097,0.238853128,0.5540293,0.172241768,0.034875804,8699901.959,8699901.959,1,16.91366971,0,0,0.0059,rate_up_100bps,100,0,-50,1230472.653,883877.4611,1502323.028,IN,INR
M00360,P003,DC,12/31/2025,Active,52,M,5,66,1208161.123,1072025.803,0.061597309,0.08497786,0.161136166,,account_balance,0.125118964,VBT-2015,MP-2021,0.086021016,0.05120677,0.068276109,0.455241736,0.501489114,0.039787305,0.003481845,1556038.713,1556038.713,1,17.39841791,0,0,0.0071,high_inflation,150,-0.05,300,312145.2533,245755.8576,417710.2601,IN,INR
M00361,P003,DC,12/31/2025,Active,49,F,6,63,1346026.214,1183704.948,0.066362901,0.100920585,0.177384624,,account_balance,0.173333333,RP-2014,MP-2021,0.057507336,0.041409274,0.087529121,0.283122877,0.411143064,0.185600549,0.120133511,2542369.877,2542369.877,1,14.82644022,0,0,0.0062,rate_up_100bps,100,0,-50,324679.0629,274639.2653,466803.274,IN,INR
M00362,P004,Hybrid,12/31/2025,Retired,61,F,11,65,619374.7949,574048.0907,0.038729882,0.083674633,0.060581887,0.119540517,cash_balance,0.097617581,RP-2014,MI-2012,0.05649485,0.04338688,0.096519915,0.677820723,0.224383431,0.089226486,0.00856936,878887.6653,923357.3965,0.951839091,14.69943232,61557.15977,0,0.0098,equity_down_20,0,-0.2,0,-119145.6546,197566.1832,335802.461,IN,INR
M00363,P003,DC,12/31/2025,Active,44,M,19,61,1748457.403,1582961.197,0.050975019,0.088243566,0.129248246,,account_balance,0.095479611,RP-2014,MP-2021,0.086332966,0.053771804,0.083053683,0.512360195,0.261915557,0.213967889,0.011756358,13958592.33,13958592.33,1,11.15677015,0,0,0.0047,rate_down_100bps,-100,0,50,-1374529.438,2452384.747,4168308.664,IN,INR
M00364,P003,DC,12/31/2025,Active,51,M,14,60,1205963.417,1065851.561,0.063698885,0.105272367,0.060641559,,account_balance,0.046803015,IALM_2012-14_Ultimate,MP-2021,0.087535023,0.045756554,0.096134915,0.365789345,0.345769715,0.006764041,0.281676899,4707124.463,4707124.463,1,11.82741938,0,0,0.0068,rate_down_100bps,-100,0,50,-475352.2968,589251.9471,1001549.206,IN,INR
M00365,P006,DC,12/31/2025,Active,33,M,14,65,933632.9236,872490.249,0.034445913,0.064982846,0.145566528,,account_balance,0.065354766,RP-2010,MP-2021,0.080671585,0.047693332,0.073582827,0.458970433,0.35242524,0.164448641,0.024155686,4227576.383,4227576.383,1,14.4306423,0,0,0.0014,rate_up_100bps,100,0,-50,535571.1948,669310.7506,1137624.838,IN,INR
M00366,P003,DC,12/31/2025,Active,40,M,12,63,943823.531,837175.3138,0.061786486,0.058286965,0.109713854,,account_balance,0.074149837,IALM_2012-14_Ultimate,None,0.058881015,0.045539207,0.061703249,0.311584047,0.564718804,0.075728841,0.047968309,2417285.434,2417285.434,1,11.25627133,0,0,0.0035,rate_down_100bps,-100,0,50,-203841.8803,284371.0441,483344.34,IN,INR
M00367,P006,DC,12/31/2025,Active,51,M,5,68,967555.6002,899189.6921,0.037318935,0.074453415,0.083192307,,account_balance,0.138152675,IALM_2012-14_Ultimate,MP-2020,0.056879416,0.053691701,0.077805138,0.493481274,0.310129728,0.172247128,0.02414187,854779.5801,854779.5801,1,12.22999114,0,0,0.0068,baseline,0,0,0,0,144183.052,245067.3638,IN,INR
M00368,P006,DC,12/31/2025,Active,52,M,11,61,678054.5473,600827.8195,0.06232475,0.094218928,0.150266631,,account_balance,0.074105149,RP-2010,MP-2021,0.079920523,0.035504456,0.060158277,0.164066147,0.771243687,0.020903942,0.043786224,2228100.755,2228100.755,1,10.4957735,0,0,0.0071,high_inflation,150,-0.05,300,203626.1696,208129.7317,353757.2827,IN,INR
M00369,P002,DB,12/31/2025,Active,41,F,10,66,1681374.221,1512124.881,0.054480038,0.049123457,0.105464111,0.014374967,career_average,0.021669174,IAM-2012,MI-2012,0.075390989,0.059437555,0.066192682,0.273191818,0.202803488,0.143863392,0.380141302,3447802.295,3424762.029,1.006727553,15.75563389,0,0,0.0038,rate_up_100bps,100,0,-50,504631.6503,332935.0562,565888.3995,IN,INR
M00370,P001,DB,12/31/2025,Active,43,F,4,64,1518751.32,1410322.366,0.03772944,0.057450433,0.056778927,0.012568946,final_average,0.089101677,IAM-2012,MI-2012,0.084883066,0.056382849,0.06762368,0.159094748,0.592325171,0.24329592,0.005284162,936824.1546,1040844.856,0.900061282,14.67941513,0,0,0.0044,baseline,0,0,0,0,86188.48146,146494.2214,IN,INR
M00371,P001,DB,12/31/2025,Active,29,M,26,66,1565393.721,1422745.182,0.048934167,0.028705661,0.076544672,0.014497244,flat,0.084444444,IAM-2012,None,0.061072457,0.042007805,0.081353413,0.316668782,0.545778453,0.098740481,0.038812284,7964662.028,8320118.452,0.95727748,15.5147078,0,0,0.0005,equity_down_20,0,-0.2,0,-504431.9648,946972.206,1609564.917,IN,INR
M00372,P001,DB,12/31/2025,Active,40,M,7,66,1945318.467,1740258.614,0.057276207,0.066294927,0.132800651,0.010792093,career_average,0.037950501,RP-2014,MP-2020,0.061814286,0.042452757,0.097997188,0.159162575,0.681588967,0.122593555,0.036654902,1729622.998,1709301.62,1.011888702,13.00173126,0,0,0.0035,baseline,0,0,0,0,153280.8583,260530.8692,IN,INR
M00373,P001,DB,12/31/2025,Active,53,M,4,67,1072389.534,962844.4922,0.055354116,0.050240222,0.118668709,0.014390824,final_average,0.10983512,RP-2014,MP-2021,0.079265645,0.055469816,0.06079273,0.602073809,0.137544061,0.199420986,0.060961144,880847.3642,865835.4789,1.017338034,15.62188999,0,0,0.0074,high_inflation,150,-0.05,300,167286.3934,178296.1093,303049.1925,IN,INR
M00374,P004,Hybrid,12/31/2025,Active,50,F,8,63,467390.0768,426296.2936,0.047089888,0.033474347,0.048550908,0.086370494,cash_balance,0.041879749,VBT-2015,None,0.060714744,0.043366939,0.069467582,0.675040008,0.247461959,0.064533179,0.012964854,333305.5169,344690.9617,0.966969123,13.19100421,0,0,0.0065,equity_down_20,0,-0.2,0,-44998.91179,74590.49204,126781.1646,IN,INR
M00375,P001,DB,12/31/2025,Active,49,F,9,67,1306669.465,1149931.523,0.065974661,0.082650067,0.10292498,0.021045407,final_average,0.16,VBT-2015,None,0.068495089,0.045244899,0.098778158,0.74418907,0.131391479,0.045199071,0.07922038,3218955.743,3004581.549,1.071349102,13.79469719,0,0,0.0062,baseline,0,0,0,0,789761.6542,1342354.763,IN,INR
M00376,P002,DB,12/31/2025,Active,44,F,10,62,1284950.977,1163779.722,0.050770537,0.07277211,0.105436878,0.012229556,final_average,0.128856769,IALM_2012-14_Ultimate,None,0.070805686,0.052379278,0.09526611,0.333345031,0.478810771,0.18559115,0.002253048,1336517.833,1443946.449,0.925600693,10.14540996,0,0,0.0047,equity_down_20,0,-0.2,0,-89104.31575,166948.009,283760.8712,IN,INR
M00377,P005,DB,12/31/2025,Active,44,M,9,61,1981223.05,1796224.65,0.050234692,0.039361034,0.040868217,0.01151063,career_average,0.039725325,VBT-2015,MP-2020,0.076767381,0.041639696,0.093393998,0.350496545,0.380860125,0.213390199,0.055253131,1917294.756,1735744.796,1.104594846,9.32789439,0,0,0.0047,baseline,0,0,0,0,246172.2796,418418.0509,IN,INR
M00378,P001,DB,12/31/2025,Active,37,F,11,63,1602279.545,1503026.232,0.032490024,0.084761779,0.085896679,0.012840363,career_average,0.06364245,RP-2014,MP-2020,0.06377534,0.043620567,0.063672006,0.328639486,0.515482905,0.153496081,0.002381527,3977866.017,3334131.912,1.193073976,15.7052992,0,0,0.0026,rate_up_100bps,100,0,-50,421109.296,490378.0878,833493.6981,IN,INR
M00379,P005,DB,12/31/2025,Active,51,M,12,66,1045800.209,918784.492,0.066884816,0.092025825,0.061280207,0.012153625,final_average,0.022196653,IALM_2012-14_Ultimate,None,0.084333479,0.031113568,0.085763931,0.432322413,0.553435371,0.009357655,0.004884561,2489058.857,2280046.523,1.091670206,17.01543127,0,0,0.0068,baseline,0,0,0,0,379267.0672,644638.7355,IN,INR
M00380,P002,DB,12/31/2025,Active,48,M,11,64,922700.1816,857891.1405,0.037084663,0.053686627,0.086055617,0.01228403,flat,0.093879965,VBT-2015,None,0.066093161,0.033995403,0.068125412,0.173262778,0.736757543,0.086207458,0.003772221,1562958.179,1419630.842,1.100960991,12.24643485,0,0,0.0059,equity_down_20,0,-0.2,0,-54160.49511,146842.3204,249587.3117,IN,INR
M00381,P001,DB,12/31/2025,Active,49,M,13,66,1546703.725,1399881.064,0.051133788,0.021495245,0.123248519,0.013256078,final_average,0.032241422,VBT-2015,MP-2021,0.051654932,0.043759782,0.08604098,0.315884509,0.606113534,0.0109695,0.067032458,4581258.173,4009799.783,1.142515442,16.6216119,0,0,0.0062,equity_down_20,0,-0.2,0,-289429.6976,549471.4308,933934.4198,IN,INR
M00382,P004,Hybrid,12/31/2025,Active,39,M,14,65,298126.643,264262.2019,0.062142704,0.091579216,0.048991147,0.098940364,cash_balance,0.085197005,IAM-2012,MP-2020,0.052680084,0.031369935,0.077101245,0.237402107,0.632975714,0.082701573,0.046920606,407406.1714,465142.9975,0.875872954,11.47901235,0,0,0.0032,high_inflation,150,-0.05,300,55913.91311,41288.23102,70177.44312,IN,INR
M00383,P004,Hybrid,12/31/2025,Active,22,M,14,62,1097592.809,1017488.37,0.038618131,0.018947962,0.044796505,0.069791133,cash_balance,0.137777778,RP-2014,MP-2021,0.088862935,0.039210396,0.085426783,0.493917877,0.263484444,0.111269429,0.13132825,1464736.377,1479106.362,0.990284684,15.58718876,0,0,0.0005,rate_down_100bps,-100,0,50,-211254.3382,243205.0712,413374.6985,IN,INR
M00384,P006,DC,12/31/2025,Active,55,M,16,67,1506873.147,1363932.286,0.051094932,0.073955008,0.075355375,,account_balance,0.06707336,IALM_2012-14_Ultimate,None,0.074881712,0.043117322,0.077154435,0.108505494,0.665726421,0.224798093,0.000969992,5905090.989,5905090.989,1,14.2369803,0,0,0.008,rate_up_100bps,100,0,-50,644147.8865,513469.9407,872742.8292,IN,INR
M00385,P005,DB,12/31/2025,Active,39,M,7,61,932427.5737,862699.7593,0.039627396,0.032748701,0.144273054,0.014653832,flat,0.013535483,RP-2010,MP-2021,0.069637122,0.033048521,0.096308168,0.391726988,0.515194143,0.071955544,0.021123324,866247.7268,823159.1184,1.052345418,9.301968889,0,0,0.0032,baseline,0,0,0,0,120645.4785,205060.6431,IN,INR
M00386,P005,DB,12/31/2025,Active,35,M,7,66,829044.3759,737306.9585,0.0603878,0.072696634,0.119738905,0.017768575,career_average,0.03641344,VBT-2015,MI-2012,0.084787225,0.031959766,0.061012335,0.263205641,0.656383837,0.044061415,0.036349107,1190613.879,1024739.631,1.161869653,11.17415134,0,0,0.002,rate_down_100bps,-100,0,50,-75430.97193,129178.8602,219564.7982,IN,INR
M00387,P002,DB,12/31/2025,Active,51,M,19,63,1124309.473,1014800.997,0.052573647,0.092327409,0.032334704,0.0156389,final_average,0.033217616,RP-2014,MP-2021,0.078675388,0.030488412,0.067662642,0.285971179,0.450986538,0.257520516,0.005521767,4973622.415,4420827.388,1.125043341,14.66097584,0,0,0.0068,rate_down_100bps,-100,0,50,-535984.5978,576112.2579,979215.7282,IN,INR
M00388,P001,DB,12/31/2025,Active,40,M,8,64,1807130.899,1595553.033,0.064239034,0.063728565,0.078120581,0.012936165,final_average,0.086070478,IALM_2012-14_Ultimate,MP-2021,0.057255685,0.044559679,0.09331988,0.212094929,0.440217184,0.098214698,0.249473189,1660464.851,1794861.242,0.92512157,10.86986417,0,0,0.0035,equity_down_20,0,-0.2,0,-70435.23478,140402.2392,238641.1312,IN,INR
M00389,P005,DB,12/31/2025,Active,55,M,10,63,1206180.888,1061879.947,0.06578232,0.095183855,0.060887757,0.008419819,flat,0.134657562,RP-2014,MP-2021,0.050291692,0.034405053,0.089469958,0.235904276,0.550966592,0.209382763,0.003746369,1139112.139,1279343.07,0.89038833,14.30898624,0,0,0.008,equity_down_20,0,-0.2,0,-53744.28495,117771.6381,200175.9879,IN,INR
M00390,P005,DB,12/31/2025,Active,50,M,9,62,726024.8499,651126.4238,0.055949339,0.009237084,0.106577348,0.016145291,career_average,0.046946041,RP-2014,MI-2012,0.089285212,0.050657897,0.067451699,0.120163207,0.83297459,0.014985055,0.031877147,1283762.547,1453397.384,0.883283926,15.361395,0,0,0.0065,rate_up_100bps,100,0,-50,169795.034,117175.7894,199163.2263,IN,INR
M00391,P006,DC,12/31/2025,Deferred,51,M,34,63,1702557.206,1518088.034,0.05901565,0.048762928,0.07707588,,account_balance,0.017083153,IALM_2012-14_Ultimate,MP-2020,0.075168642,0.044788215,0.064857459,0.387793813,0.537696409,0.071347271,0.003162508,18903646.36,18903646.36,1,12.11925242,0,0,0.0068,baseline,0,0,0,0,2625673.048,4462846.105,IN,INR
M00392,P003,DC,12/31/2025,Active,30,F,6,62,1858426.884,1679344.349,0.051968804,0.059803543,0.166950218,,account_balance,0.033085506,IAM-2012,MP-2021,0.069082969,0.030568112,0.072450446,0.100427028,0.799378625,0.05577656,0.044417787,2818235.027,2818235.027,1,15.22283423,0,0,0.0005,rate_down_100bps,-100,0,50,-316373.4044,243062.5147,413132.3958,IN,INR
M00393,P003,DC,12/31/2025,Active,56,M,6,62,684676.5176,626526.4751,0.045377149,0.110593697,0.099445152,,account_balance,0.096723723,IAM-2012,MP-2021,0.087786246,0.031771044,0.07927474,0.15125617,0.615945145,0.051577061,0.181221624,992627.5977,992627.5977,1,14.78571049,0,0,0.0083,high_inflation,150,-0.05,300,166788.2006,78692.36115,133753.0953,IN,INR
M00394,P005,DB,12/31/2025,Active,47,M,11,62,3468922.762,3111205.646,0.055924717,0.050272131,0.10054277,0.012244496,final_average,0.032889449,VBT-2015,MP-2021,0.064768306,0.057533505,0.061877548,0.610432371,0.239592938,0.033507667,0.116467025,6465118.566,7494992.123,0.862591776,17.88582074,0,0,0.0056,equity_down_20,0,-0.2,0,-789303.5307,1308132.243,2223427.204,IN,INR
M00395,P002,DB,12/31/2025,Active,40,M,10,64,984319.7936,865668.6789,0.066331545,0.005151523,0.114025202,0.01465192,final_average,0.10786318,IAM-2012,MP-2021,0.078902105,0.033730043,0.093823557,0.79795479,0.165816422,0.032228453,0.004000335,1638864.769,1843178.37,0.889151476,14.53185729,0,0,0.0035,equity_down_20,0,-0.2,0,-261547.9986,431207.7714,732922.1452,IN,INR
M00396,P006,DC,12/31/2025,Active,45,F,5,66,1508749.314,1377208.973,0.046667215,0.093277249,0.121103562,,account_balance,0.027707118,VBT-2015,MP-2020,0.076804571,0.05271972,0.080838105,0.123833635,0.74022846,0.114990246,0.02094766,1792905.412,1792905.412,1,11.47818079,0,0,0.005,rate_down_100bps,-100,0,50,-139434.944,155405.3063,264141.7851,IN,INR
M00397,P005,DB,12/31/2025,Active,26,F,10,64,1365946.274,1256660.132,0.042576401,0.024479291,0.078836524,0.01795283,final_average,0.083443724,VBT-2015,MP-2021,0.077080858,0.037388143,0.096779329,0.257456928,0.120572991,0.465307959,0.156662122,2735882.67,2532372.501,1.080363441,11.22475421,0,0,0.0005,equity_down_20,0,-0.2,0,-140874.3897,343455.9385,583770.7015,IN,INR
M00398,P003,DC,12/31/2025,Active,48,M,11,66,719203.2314,657918.9876,0.045537478,0.054624002,0.124521314,,account_balance,0.026001966,IALM_2012-14_Ultimate,MP-2020,0.077085308,0.039646991,0.073028214,0.067186581,0.630740883,0.062370783,0.239701753,1910433.137,1910433.137,1,14.93707523,0,0,0.0059,equity_down_20,0,-0.2,0,-25671.0942,128600.8615,218582.3761,IN,INR
M00399,P005,DB,12/31/2025,Active,34,M,8,65,803564.9481,732457.8797,0.047415905,0.004360338,0.066384177,0.022035471,final_average,0.002699213,RP-2014,MP-2021,0.050417093,0.030743727,0.061953203,0.319862519,0.28434461,0.284927902,0.110864969,1028392.854,1282310.964,0.801983983,9.931123319,0,0,0.0017,rate_down_100bps,-100,0,50,-112726.9849,126072.702,214285.2735,IN,INR
M00400,P005,DB,12/31/2025,Active,30,F,10,65,1015070.387,951357.8677,0.032942441,0.09048927,0.082257131,0.014084728,final_average,0.041643374,RP-2010,None,0.082972082,0.046684457,0.094854411,0.275793485,0.569202765,0.055235915,0.099767836,1598184.462,1478988.702,1.080592746,11.03754473,0,0,0.0005,rate_up_100bps,100,0,-50,117759.4888,171466.9519,291441.7007,IN,INR
M00401,P001,DB,12/31/2025,Active,29,F,6,65,424417.3243,385004.7295,0.049937674,0.051556394,0.137475256,0.012661525,career_average,0.173333333,RP-2010,MP-2021,0.086918158,0.044011335,0.065984707,0.150688492,0.81538175,0.032505285,0.001424473,222429.3466,265597.6613,0.837467264,9.080732853,0,0,0.0005,baseline,0,0,0,0,21073.04193,35817.76611,IN,INR
M00402,P006,DC,12/31/2025,Active,55,F,5,63,1424654.524,1292763.614,0.04977257,0.118632419,0.10065725,,account_balance,0.151288607,IAM-2012,MP-2020,0.067973975,0.052348636,0.07342568,0.285864709,0.300876027,0.360962549,0.052296715,1692143.73,1692143.73,1,13.60299071,0,0,0.008,high_inflation,150,-0.05,300,282902.6116,205893.3574,349956.1261,IN,INR
M00403,P003,DC,12/31/2025,Active,38,F,8,65,419540.035,377983.8151,0.053537753,0.106795264,0.170771334,,account_balance,0.134817543,IALM_2012-14_Ultimate,None,0.072419345,0.057170679,0.078573609,0.484655575,0.341038552,0.148992208,0.025313666,1135872.411,1135872.411,1,16.07067975,0,0,0.0029,baseline,0,0,0,0,188099.4187,319711.8387,IN,INR
M00404,P005,DB,12/31/2025,Active,59,F,5,61,991129.3383,908453.6998,0.044512801,0.005411547,0.074922227,0.021936056,final_average,0.04638642,RP-2010,MP-2021,0.062988627,0.046431264,0.079677857,0.188575842,0.665066895,0.035073958,0.111283305,1396442.163,1354689.814,1.030820596,13.59591708,0,0,0.0092,baseline,0,0,0,0,126525.0177,215054.0726,IN,INR
M00405,P002,DB,12/31/2025,Active,39,M,4,66,727761.6389,654449.2476,0.054524304,0.058646777,0.128406935,0.014404729,flat,0.136603761,RP-2014,MP-2021,0.081402884,0.058568003,0.060939245,0.297656223,0.253406974,0.300545969,0.148390835,444234.0181,436293.3072,1.018200396,11.5701102,0,0,0.0032,equity_down_20,0,-0.2,0,-26445.80399,52074.71748,88511.19153,IN,INR
M00406,P006,DC,12/31/2025,Active,27,M,3,65,1277561.958,1126102.276,0.065128652,0.067812236,0.091751934,,account_balance,0.054421744,VBT-2015,MP-2021,0.079464053,0.034444418,0.081069682,0.375385369,0.277691367,0.330368445,0.016554819,605919.6,605919.6,1,16.54138529,0,0,0.0005,baseline,0,0,0,0,86238.62874,146579.4565,IN,INR
M00407,P003,DC,12/31/2025,Active,33,M,12,62,365171.3508,320019.3448,0.06821884,0.102866266,0.167256843,,account_balance,0.048229477,VBT-2015,None,0.079540041,0.040339369,0.063081284,0.483205448,0.368716335,0.087062486,0.061015731,1497331.809,1497331.809,1,13.36228188,0,0,0.0014,rate_down_100bps,-100,0,50,-172473.1621,245551.8776,417363.556,IN,INR
M00408,P001,DB,12/31/2025,Active,56,F,8,65,466032.3014,420025.0235,0.053344489,0.087781917,0.109364848,0.018541056,final_average,0.125360811,IALM_2012-14_Ultimate,MP-2021,0.079396914,0.054895253,0.073073637,0.337453903,0.414222931,0.233704512,0.014618654,963252.962,947451.0335,1.016678359,15.20747659,0,0,0.0083,baseline,0,0,0,0,122320.9163,207908.3782,IN,INR
M00409,P006,DC,12/31/2025,Active,42,M,19,60,752727.6516,707176.7049,0.031703638,0.101785764,0.109373132,,account_balance,0.087180864,IAM-2012,MP-2020,0.058741756,0.046599433,0.099018879,0.29635754,0.258395015,0.29301628,0.152231165,6957286.381,6957286.381,1,17.87813198,0,0,0.0041,baseline,0,0,0,0,808630.0793,1374425.351,IN,INR
M00410,P001,DB,12/31/2025,Active,39,F,8,62,1243548.775,1088666.275,0.06876944,0.007585379,0.144166346,0.024492687,final_average,0.111890732,RP-2014,None,0.054500912,0.046409145,0.071214831,0.135243316,0.399588053,0.024712119,0.440456512,3098341.505,3482047.295,0.889804544,16.32350694,0,0,0.0032,equity_down_20,0,-0.2,0,-83805.99611,186198.8574,316481.4622,IN,INR
M00411,P002,DB,12/31/2025,Active,46,M,12,61,1087855.743,971421.0072,0.058234482,0.020195747,0.082327273,0.014566584,final_average,0.053255338,IAM-2012,MP-2020,0.06243017,0.043811575,0.092514879,0.224067536,0.765018956,0.010711604,0.000201904,2311842.976,2828031.271,0.817474333,16.65473545,0,0,0.0053,rate_down_100bps,-100,0,50,-382570.9417,244008.5365,414740.3452,IN,INR
M00412,P006,DC,12/31/2025,Active,49,M,7,65,1579512.633,1450739.218,0.043438546,0.061860996,0.085859213,,account_balance,0.168888889,IAM-2012,MP-2020,0.07301517,0.030559987,0.080412747,0.103790045,0.791126963,0.100196025,0.004886967,1966487.795,1966487.795,1,10.08656669,0,0,0.0062,rate_up_100bps,100,0,-50,120564.027,172046.4753,292426.7142,IN,INR
M00413,P006,DC,12/31/2025,Active,55,F,10,65,1033596.333,963222.8451,0.035886308,0.07218197,0.137387449,,account_balance,0.08902535,IALM_2012-14_Ultimate,MP-2021,0.065980935,0.032410209,0.068096582,0.319678111,0.445988362,0.187896679,0.046436847,2806126.918,2806126.918,1,13.86581467,0,0,0.008,baseline,0,0,0,0,336449.5763,571862.0155,IN,INR
M00414,P003,DC,12/31/2025,Active,58,M,3,66,976779.4607,910537.3208,0.035736744,0.099943433,0.076128735,,account_balance,0.078300551,VBT-2015,None,0.059969833,0.03268544,0.088877455,0.199819395,0.683684428,0.099280405,0.017215772,546484.9765,546484.9765,1,17.97330742,0,0,0.0089,high_inflation,150,-0.05,300,113850.4772,52586.18942,89380.53837,IN,INR
M00415,P004,Hybrid,12/31/2025,Active,40,M,8,60,607914.47,565624.3441,0.036709776,0.041863386,0.087067049,0.112221997,cash_balance,0.029651649,IAM-2012,MP-2020,0.050891551,0.035683748,0.082205576,0.149253098,0.680241693,0.168691385,0.001813824,607491.5385,579673.9809,1.047988281,11.9132951,0,0,0.0035,high_inflation,150,-0.05,300,68060.82779,54430.22122,92514.83194,IN,INR
M00416,P003,DC,12/31/2025,Active,31,M,6,64,890450.9938,836372.4094,0.031822901,0.09276376,0.131161795,,account_balance,0.060565133,IAM-2012,MP-2020,0.054845325,0.03282828,0.081321338,0.303111573,0.686839777,0.009548626,0.000500023,1420754.125,1420754.125,1,9.376082094,0,0,0.0008,baseline,0,0,0,0,171340.8395,291227.3478,IN,INR
M00417,P002,DB,12/31/2025,Active,40,M,18,65,976000.1824,858747.0971,0.066086168,0.091055225,0.122797037,0.012883426,flat,0.040044641,RP-2014,None,0.054213276,0.033198115,0.061196096,0.358112727,0.413799958,0.226120985,0.00196633,1591649.917,1853333.787,0.858803702,9.306459573,0,0,0.0035,high_inflation,150,-0.05,300,180823.2847,210806.8638,358307.5934,IN,INR
M00418,P002,DB,12/31/2025,Active,47,M,12,62,390569.1794,353159.9391,0.051630729,0.010345828,0.068442153,0.018316123,final_average,0.01733775,VBT-2015,MP-2020,0.088265569,0.049106718,0.073353811,0.385183218,0.435098709,0.177272021,0.002446051,1086202.632,1382314.393,0.785785519,17.80822363,0,0,0.0056,equity_down_20,0,-0.2,0,-83677.40506,150226.382,255339.1879,IN,INR
M00419,P004,Hybrid,12/31/2025,Active,34,M,17,65,659608.1965,589272.3197,0.057998377,0.027973075,0.051013292,0.107162357,cash_balance,0.121610697,IAM-2012,MP-2020,0.081152999,0.033550415,0.08938826,0.091439829,0.458845351,0.399350266,0.050364553,1486104.328,1670453.697,0.889641138,12.90819413,0,0,0.0017,baseline,0,0,0,0,142318.5678,241898.3073,IN,INR
M00420,P005,DB,12/31/2025,Active,34,M,20,61,1212882.445,1073125.679,0.06312434,0.053756482,0.105796823,0.013723733,final_average,0.049583207,RP-2010,MP-2020,0.054910074,0.043950984,0.091843463,0.203992746,0.454416967,0.079968046,0.261622242,2729449.173,3406026.952,0.801358654,11.56365786,0,0,0.0017,baseline,0,0,0,0,224803.8202,382098.1649,IN,INR
M00421,P005,DB,12/31/2025,Active,47,F,8,62,1067438.075,947044.6136,0.06166164,0.069828693,0.04085444,0.023233842,final_average,0.12608153,RP-2010,MI-2012,0.068688426,0.031893876,0.092592274,0.355478438,0.618806821,0.023903111,0.00181163,2570376.034,2398450.538,1.071681902,13.62540166,0,0,0.0056,high_inflation,150,-0.05,300,325219.6498,339352.2978,576795.7596,IN,INR
M00422,P005,DB,12/31/2025,Active,44,F,11,64,878654.1964,774231.2359,0.065304225,0.063063729,0.146562321,0.021175878,final_average,0.080736342,VBT-2015,MP-2020,0.076179443,0.038082212,0.06149573,0.3499963,0.43941351,0.013371961,0.197218228,2836532.725,2613487.066,1.085344084,14.49157383,0,0,0.0047,equity_down_20,0,-0.2,0,-198555.1919,349224.3161,593575.1902,IN,INR
M00423,P001,DB,12/31/2025,Active,44,M,5,65,749117.8529,655913.4035,0.068690185,0.094164274,0.105887672,0.018922313,final_average,0.080063282,VBT-2015,None,0.088441338,0.057730479,0.066508449,0.482229646,0.268658135,0.179982836,0.069129382,947562.5157,1050436.028,0.902065895,16.92695682,0,0,0.0047,baseline,0,0,0,0,156096.8062,265317.1248,IN,INR
M00424,P003,DC,12/31/2025,Active,36,F,13,62,449414.279,409530.9332,0.047562825,0.088906908,0.165978827,,account_balance,0.037696994,IALM_2012-14_Ultimate,MP-2020,0.060758557,0.030930205,0.099423067,0.332511626,0.426179916,0.226131385,0.015177073,2512737.285,2512737.285,1,12.98373819,0,0,0.0023,high_inflation,150,-0.05,300,367279.2656,315141.4935,535644.7513,IN,INR
M00425,P001,DB,12/31/2025,Active,42,M,14,62,369933.4322,324317.3355,0.068013419,0.055707684,0.070667211,0.010307921,flat,0.115755057,IAM-2012,MP-2020,0.060561869,0.056308853,0.066217851,0.258769118,0.601932551,0.108775389,0.030522942,854046.6119,780557.208,1.094149927,16.67767272,0,0,0.0041,high_inflation,150,-0.05,300,145662.2362,90540.70938,153891.686,IN,INR
M00426,P003,DC,12/31/2025,Active,35,M,13,62,857683.6152,764876.4656,0.058931598,0.066656339,0.172335123,,account_balance,0.142222222,RP-2010,MP-2021,0.072730306,0.052788278,0.068520612,0.274383015,0.589647699,0.135614597,0.000354689,3655997.694,3655997.694,1,11.34172264,0,0,0.002,baseline,0,0,0,0,404689.7156,687849.5105,IN,INR
M00427,P003,DC,12/31/2025,Active,53,M,8,62,1924208.509,1803836.6,0.032826728,0.096038072,0.102058354,,account_balance,0.164444444,RP-2010,MP-2020,0.084295113,0.057627484,0.092104974,0.192636625,0.587592473,0.17633056,0.043440341,4066505.483,4066505.483,1,13.93667213,0,0,0.0074,baseline,0,0,0,0,376942.2076,640687.1809,IN,INR
M00428,P006,DC,12/31/2025,Deferred,54,F,27,62,1001097.446,895578.0617,0.057271325,0.113298707,0.105567265,,account_balance,0.032128062,VBT-2015,MP-2021,0.061184847,0.053606147,0.075737507,0.597887897,0.312022953,0.046913981,0.04317517,14180144.42,14180144.42,1,16.03426852,0,0,0.0077,baseline,0,0,0,0,2826355.897,4803945.95,IN,INR
M00429,P002,DB,12/31/2025,Active,26,F,11,63,1559116.536,1394259.339,0.057468666,0.083796217,0.033958087,0.011380044,career_average,0.151111111,VBT-2015,MP-2020,0.05503301,0.054785371,0.064652654,0.397382246,0.402884489,0.06045814,0.139275125,2554651.372,2266181.936,1.127293149,12.98418119,0,0,0.0005,baseline,0,0,0,0,350476.7005,595703.863,IN,INR
M00430,P001,DB,12/31/2025,Active,35,M,44,65,579830.246,510029.7009,0.066234423,0.095973622,0.085784444,0.022187321,final_average,0.056825062,RP-2014,MP-2021,0.060645207,0.033231716,0.065003777,0.425498404,0.511586682,0.025587372,0.037327543,5522954.338,5724947.386,0.964717047,11.49789876,0,0,0.002,rate_down_100bps,-100,0,50,-516975.1605,822390.0882,1397813.183,IN,INR
M00431,P001,DB,12/31/2025,Active,29,M,5,63,1118408.525,1024322.334,0.044917285,0.060545277,0.039960504,0.015346494,career_average,0.04615859,RP-2014,MP-2020,0.067962691,0.055066385,0.063351087,0.490521694,0.312574126,0.16335735,0.03354683,1435960.338,1279667.364,1.122135626,16.28100787,0,0,0.0005,baseline,0,0,0,0,240436.4458,408668.8769,IN,INR
M00432,P005,DB,12/31/2025,Active,37,M,15,65,717365.6456,646482.6374,0.05339646,0.052691937,0.091460146,0.015127644,final_average,0.133333333,VBT-2015,MP-2021,0.064398132,0.04431363,0.067226732,0.174958174,0.795308157,0.021658684,0.008074986,2330680.599,2386070.633,0.976786088,16.2653678,0,0,0.0026,baseline,0,0,0,0,227087.2282,385979.2644,IN,INR
M00433,P004,Hybrid,12/31/2025,Active,43,M,18,65,705014.8473,663915.4959,0.030487502,0.001769192,0.06930006,0.1137823,cash_balance,0.09265774,RP-2014,None,0.08444852,0.040547372,0.079879301,0.150420196,0.394013638,0.118040072,0.337526094,2327348.658,2211636.04,1.052319919,11.54076558,0,0,0.0044,baseline,0,0,0,0,156733.0975,266398.6266,IN,INR
M00434,P001,DB,12/31/2025,Active,30,M,5,61,1376514.753,1264668.207,0.04328301,0.007209907,0.070275479,0.022645187,final_average,0.07958257,VBT-2015,MP-2021,0.087717819,0.034615741,0.060602954,0.544816105,0.366376112,0.08569869,0.003109093,1961764.843,2068263.049,0.948508384,14.44385973,0,0,0.0005,high_inflation,150,-0.05,300,340759.6833,360251.9086,612318.7455,IN,INR
M00435,P001,DB,12/31/2025,Active,35,M,9,60,932662.6623,874889.2773,0.032489749,0.0156105,0.10627308,0.024213013,final_average,0.16,VBT-2015,MI-2012,0.065137995,0.03002009,0.064685248,0.360542768,0.524636146,0.043114158,0.071706929,1660681.511,2138624.044,0.776518676,11.217343,0,0,0.002,equity_down_20,0,-0.2,0,-119749.3416,215412.3632,366135.5425,IN,INR
M00436,P004,Hybrid,12/31/2025,Active,34,F,4,66,527819.4804,477950.985,0.050874919,0.005475993,0.049571761,0.114011704,cash_balance,0.116738892,IALM_2012-14_Ultimate,MP-2020,0.082936852,0.049278873,0.09628493,0.061468391,0.590458904,0.149115601,0.198957104,219389.363,242398.7071,0.905076457,17.06677748,0,0,0.0017,equity_down_20,0,-0.2,0,-2697.10221,15012.53176,25516.74092,IN,INR
M00437,P001,DB,12/31/2025,Active,46,M,21,61,1029015.741,911176.2026,0.062697906,0.040086324,0.121986404,0.022015382,final_average,0.106666667,RP-2014,None,0.052744452,0.051780663,0.095063255,0.339906248,0.118648336,0.08706732,0.454378096,3614060.933,4076122.758,0.886641828,9.676078196,0,0,0.0053,equity_down_20,0,-0.2,0,-245688.3783,411973.818,700230.2706,IN,INR
M00438,P005,DB,12/31/2025,Active,45,F,10,62,713347.6495,661745.3632,0.038257708,0.033687855,0.09984371,0.014798531,final_average,0.055226193,IAM-2012,MP-2021,0.072148133,0.041642662,0.093323215,0.109577963,0.715179334,0.065427128,0.109815574,1155240.781,1218305.216,0.948235931,12.44075066,0,0,0.005,baseline,0,0,0,0,92797.17851,157726.9976,IN,INR
M00439,P004,Hybrid,12/31/2025,Active,37,F,6,60,514037.4465,465273.839,0.051097642,0.063735416,0.139793355,0.082189165,cash_balance,0.117611527,IAM-2012,MP-2020,0.083268147,0.034927331,0.088251265,0.380755124,0.365683268,0.212758127,0.040803481,260797.3693,269244.2258,0.968627529,14.85109183,0,0,0.0026,rate_up_100bps,100,0,-50,35217.24552,35719.91239,60712.99394,IN,INR
M00440,P001,DB,12/31/2025,Active,46,M,18,64,629129.6826,583729.0453,0.038160345,0.053566511,0.073780878,0.016235396,final_average,0.059700838,IALM_2012-14_Ultimate,MP-2020,0.06674493,0.034336975,0.086460866,0.148972408,0.478872342,0.261390739,0.110764511,3395857.161,2855993.077,1.189028499,16.74211984,0,0,0.0053,rate_up_100bps,100,0,-50,396844.68,290178.9024,493215.9338,IN,INR
M00441,P001,DB,12/31/2025,Active,39,F,11,64,2472281.541,2308670.593,0.034827539,0.059597076,0.147925799,0.014218559,final_average,0.02691522,IAM-2012,MP-2021,0.055737353,0.035047133,0.071020632,0.344051082,0.374700133,0.277116829,0.004131957,5623924.016,5834538.524,0.963902114,16.15832267,0,0,0.0032,high_inflation,150,-0.05,300,1159353.104,736986.3098,1252652.719,IN,INR
M00442,P006,DC,12/31/2025,Active,41,F,17,68,1699038.403,1539787.534,0.050439872,0.099446091,0.152422458,,account_balance,0.042080319,IAM-2012,MP-2020,0.061363603,0.031686249,0.073399781,0.46394135,0.445754222,0.014463265,0.075841163,12038058.01,12038058.01,1,15.15693399,0,0,0.0038,rate_up_100bps,100,0,-50,1556299.747,1912624.071,3250879.576,IN,INR
M00443,P003,DC,12/31/2025,Retired,61,M,14,66,397701.9299,372578.2799,0.033165945,0.08011526,0.062352428,,account_balance,0.050834528,IALM_2012-14_Ultimate,MP-2021,0.069676305,0.040789438,0.069432087,0.405686384,0.240960357,0.310101562,0.043251698,1188870.139,1188870.139,1,17.33462185,79258.00926,0,0.0098,rate_up_100bps,100,0,-50,191762.6142,176849.1658,300589.8283,IN,INR
M00444,P003,DC,12/31/2025,Active,57,M,6,63,904588.451,815054.6942,0.053494185,0.105124774,0.145939426,,account_balance,0.134629619,RP-2010,MP-2020,0.083739894,0.048484842,0.099212545,0.637653579,0.275673172,0.017866141,0.068807108,1630676.537,1630676.537,1,9.218474624,0,0,0.0086,baseline,0,0,0,0,345014.5568,586419.8789,IN,INR
M00445,P005,DB,12/31/2025,Active,31,F,8,63,934748.4145,878949.3867,0.031253498,0.008640916,0.117357159,0.019425917,final_average,0.041074387,IALM_2012-14_Ultimate,MP-2021,0.079943891,0.043413216,0.085372191,0.428174523,0.369108978,0.164093646,0.038622852,2232004.885,2433523.703,0.917190526,17.81558946,0,0,0.0008,rate_down_100bps,-100,0,50,-392353.9402,332718.9852,565521.1444,IN,INR
M00446,P006,DC,12/31/2025,Active,52,M,6,63,873517.3203,816591.4754,0.034268599,0.041638277,0.147557785,,account_balance,0.025850416,IALM_2012-14_Ultimate,MP-2021,0.053343022,0.033764433,0.098630695,0.304227365,0.236854076,0.39192691,0.066991649,1229202.318,1229202.318,1,12.11231763,0,0,0.0071,baseline,0,0,0,0,158139.8578,268789.6914,IN,INR
M00447,P006,DC,12/31/2025,Active,52,M,5,62,730328.5077,659913.2626,0.051999899,0.090419053,0.123254171,,account_balance,0.019347085,RP-2014,MP-2021,0.071846294,0.054484485,0.070871458,0.396189306,0.54271127,0.044916095,0.016183328,836662.5335,836662.5335,1,15.73425598,0,0,0.0071,high_inflation,150,-0.05,300,146835.1357,118138.7392,200799.9482,IN,INR
M00448,P005,DB,12/31/2025,Active,33,M,3,62,1378050.385,1241272.584,0.053656297,0.051266145,0.09947636,0.020965502,final_average,0.186666667,IAM-2012,None,0.084894031,0.038611687,0.084848364,0.515173896,0.419703114,0.06132321,0.00379978,820008.4366,898817.7506,0.912318917,11.51272065,0,0,0.0014,baseline,0,0,0,0,143419.8161,243770.0946,IN,INR
M00449,P003,DC,12/31/2025,Deferred,52,F,30,62,1504863.945,1415290.403,0.031159477,0.076530319,0.142879967,,account_balance,0.018987765,IAM-2012,MP-2020,0.07308441,0.048080397,0.09035803,0.425372074,0.386487443,0.159632061,0.028508421,34100495.97,34100495.97,1,12.73210863,0,0,0.0071,baseline,0,0,0,0,5061782.51,8603491.732,IN,INR
M00450,P001,DB,12/31/2025,Active,59,F,13,61,1578602.177,1423867.294,0.052935072,0.007093107,0.097324647,0.017179891,career_average,0.093980998,RP-2010,None,0.052597502,0.037370515,0.063789563,0.379694879,0.476827898,0.143320785,0.000156437,6167244.987,5369123.538,1.14865023,16.88379712,0,0,0.0092,high_inflation,150,-0.05,300,1022130.736,841557.547,1430392.037,IN,INR
M00451,P005,DB,12/31/2025,Active,33,F,14,62,1142293.458,1009880.416,0.063540101,0.042954545,0.037657631,0.012108803,final_average,0.086977098,IALM_2012-14_Ultimate,MI-2012,0.082924813,0.047849713,0.086678438,0.367582505,0.338203553,0.203836142,0.0903778,2060010.707,2231345.06,0.923214766,13.03369428,0,0,0.0014,high_inflation,150,-0.05,300,346126.125,271427.0734,461343.5242,IN,INR
M00452,P003,DC,12/31/2025,Active,35,M,20,63,1294836.969,1154811.833,0.058892647,0.110849746,0.133972817,,account_balance,0.066384707,VBT-2015,MP-2021,0.086270788,0.033889713,0.066762903,0.284486575,0.532512443,0.166325794,0.016675188,10791248.79,10791248.79,1,16.96351546,0,0,0.002,rate_up_100bps,100,0,-50,1543251.445,1211350.01,2058926.826,IN,INR
M00453,P003,DC,12/31/2025,Active,54,M,7,67,843218.1282,786776.9615,0.035247404,0.097024447,0.161665849,,account_balance,0.054354066,RP-2010,MP-2021,0.065567558,0.049664996,0.073123298,0.159384562,0.679043813,0.061208258,0.100363367,1823910.381,1823910.381,1,13.94113999,0,0,0.0077,equity_down_20,0,-0.2,0,-58140.6313,156795.8853,266505.3466,IN,INR
M00454,P006,DC,12/31/2025,Active,47,M,4,64,484369.0344,436257.8421,0.053698986,0.084227201,0.105732916,,account_balance,0.099221868,RP-2010,None,0.062405475,0.047194923,0.08864612,0.144242334,0.67387262,0.119332293,0.062552753,392861.1876,392861.1876,1,11.3768871,0,0,0.0056,baseline,0,0,0,0,33408.7792,56784.76999,IN,INR
M00455,P001,DB,12/31/2025,Active,50,F,16,68,478667.7967,428523.4086,0.0568901,0.027865034,0.035164102,0.015401059,career_average,0.0519633,IAM-2012,MP-2021,0.071734025,0.045578789,0.077602589,0.184090529,0.622332242,0.061890185,0.131687044,1558482.929,1412549.344,1.103312203,13.37699293,0,0,0.0065,equity_down_20,0,-0.2,0,-57380.38933,135821.5531,230855.3572,IN,INR
M00456,P003,DC,12/31/2025,Active,47,M,5,63,671143.4839,630791.6957,0.031489248,0.043067924,0.122248372,,account_balance,0.098673887,IAM-2012,None,0.089363523,0.036512653,0.096846474,0.275568548,0.522905684,0.096185601,0.105340167,656955.9456,656955.9456,1,9.798691691,0,0,0.0056,rate_down_100bps,-100,0,50,-47196.78776,69670.76444,118419.123,IN,INR
M00457,P001,DB,12/31/2025,Active,48,M,16,64,899633.0394,794342.0202,0.064213907,0.090644632,0.063012911,0.020960963,final_average,0.069018695,IAM-2012,MP-2020,0.08349857,0.04587476,0.069648088,0.139753368,0.670093794,0.084347202,0.105805635,3055443.789,3544022.355,0.8621401,13.30324824,0,0,0.0059,equity_down_20,0,-0.2,0,-85401.71214,251375.595,427262.1055,IN,INR
M00458,P003,DC,12/31/2025,Active,31,M,4,63,552706.7937,486156.5569,0.066250696,0.046667946,0.110412364,,account_balance,0.182222222,IAM-2012,MP-2021,0.082442232,0.056913136,0.066151248,0.338435837,0.619773749,0.021310613,0.020479801,347212.6408,347212.6408,1,16.08901145,0,0,0.0008,rate_down_100bps,-100,0,50,-45103.41754,44135.05497,75016.17853,IN,INR
M00459,P001,DB,12/31/2025,Active,54,M,4,62,592175.3341,523060.9396,0.064018091,0.051601754,0.147163092,0.013934508,final_average,0.182222222,RP-2010,MP-2021,0.057725741,0.033757952,0.073486879,0.348985559,0.416241357,0.219480426,0.015292658,264474.1953,280455.3493,0.943017118,9.619661931,0,0,0.0077,equity_down_20,0,-0.2,0,-18459.535,34226.4173,58174.50624,IN,INR
M00460,P001,DB,12/31/2025,Active,56,F,7,62,830450.2381,734952.261,0.062985259,0.023810563,0.044138742,0.011961491,career_average,0.035445723,IALM_2012-14_Ultimate,MP-2021,0.085806615,0.051111787,0.094076929,0.224623447,0.424047585,0.346854023,0.004474945,688752.6692,683122.0658,1.008242456,11.10083915,0,0,0.0083,baseline,0,0,0,0,75137.50906,127710.9273,IN,INR
M00461,P001,DB,12/31/2025,Active,42,F,16,67,1452579.467,1293281.935,0.059798608,0.019318391,0.04712492,0.018391095,final_average,0.080950079,IAM-2012,MP-2020,0.072237829,0.033411377,0.093896982,0.575237136,0.33927735,0.015105556,0.070379959,4891389.02,4871905.656,1.003999126,12.80200747,0,0,0.0041,equity_down_20,0,-0.2,0,-562741.7221,940219.8127,1598087.901,IN,INR
M00462,P004,Hybrid,12/31/2025,Active,44,F,25,68,1144464.859,1027590.076,0.055337281,0.095408735,0.074264448,0.083403969,cash_balance,0.061609587,RP-2014,MP-2021,0.086675146,0.040144625,0.074772223,0.357041487,0.430703883,0.065217351,0.147037279,4261396.185,4283292.616,0.994887944,15.82049547,0,0,0.0047,baseline,0,0,0,0,535261.5878,909782.0058,IN,INR
M00463,P005,DB,12/31/2025,Active,29,M,14,60,667579.1718,597356.4982,0.05714508,0.02027166,0.130346297,0.012382898,final_average,0.137777778,RP-2010,MP-2021,0.076068426,0.050514925,0.092393693,0.455770769,0.426151226,0.095673177,0.022404828,1768482.184,1632055.612,1.083591865,15.75981162,0,0,0.0005,high_inflation,150,-0.05,300,288989.147,277434.942,471555.0746,IN,INR
M00464,P004,Hybrid,12/31/2025,Active,49,F,7,62,1005376.445,890985.167,0.062255812,0.080816831,0.086067714,0.119277775,cash_balance,0.04463552,VBT-2015,MP-2021,0.083366685,0.046806932,0.06311153,0.515627371,0.39231953,0.054527027,0.037526072,876597.3974,896748.832,0.97752834,16.98562268,0,0,0.0062,rate_up_100bps,100,0,-50,135123.059,152824.4719,259755.151,IN,INR
M00465,P006,DC,12/31/2025,Active,50,F,18,63,541506.523,485137.3823,0.056499938,0.065743753,0.086370269,,account_balance,0.045957111,VBT-2015,MP-2021,0.056621029,0.050347909,0.060304064,0.452051481,0.388127732,0.101487029,0.058333757,2249988.658,2249988.658,1,10.30943887,0,0,0.0065,rate_down_100bps,-100,0,50,-188297.0556,348486.0506,592320.3633,IN,INR
M00466,P003,DC,12/31/2025,Active,43,M,4,62,667580.3524,613541.7153,0.043109078,0.066836953,0.177150893,,account_balance,0.088450257,IALM_2012-14_Ultimate,MP-2020,0.078260859,0.05890074,0.09459219,0.122424508,0.356805058,0.498128957,0.022641477,717425.7667,717425.7667,1,10.40156468,0,0,0.0044,rate_up_100bps,100,0,-50,61824.44804,80311.83287,136505.705,IN,INR
M00467,P002,DB,12/31/2025,Active,55,F,6,63,467086.9174,427694.0109,0.045038444,0.036815574,0.061262784,0.013403102,career_average,0.075661152,RP-2010,None,0.060290085,0.0590883,0.094962867,0.435337571,0.475042004,0.085480896,0.004139528,430080.5035,516631.8512,0.832469974,15.02074341,0,0,0.008,rate_up_100bps,100,0,-50,67386.62953,65220.39488,110854.8475,IN,INR
M00468,P006,DC,12/31/2025,Active,41,M,11,61,1194188.262,1051124.838,0.065882299,0.077896497,0.123897625,,account_balance,0.088947098,RP-2010,None,0.056756088,0.057446067,0.065735955,0.120988499,0.607690683,0.17523145,0.096089368,3311527.709,3311527.709,1,10.62081148,0,0,0.0038,high_inflation,150,-0.05,300,356604.9941,264527.8173,449616.8859,IN,INR
M00469,P002,DB,12/31/2025,Active,50,F,16,64,866950.1272,816097.9777,0.030684883,0.063746363,0.069912618,0.013042305,final_average,0.124554932,RP-2010,None,0.072959293,0.044844904,0.071908573,0.366214601,0.44382803,0.136031441,0.053925928,2191882.635,2166995.263,1.011484737,12.72451738,0,0,0.0065,rate_up_100bps,100,0,-50,227098.7413,287106.0003,487992.9342,IN,INR
M00470,P006,DC,12/31/2025,Active,34,F,9,63,917148.7022,819421.1176,0.057952823,0.087360239,0.166186887,,account_balance,0.16,RP-2014,MP-2020,0.074109645,0.04023125,0.09402385,0.399036988,0.48603202,0.001692407,0.113238586,2801746.938,2801746.938,1,13.85462043,0,0,0.0017,rate_up_100bps,100,0,-50,320084.4675,391644.7731,665677.0734,IN,INR
M00471,P001,DB,12/31/2025,Active,44,F,9,63,1415044.739,1240144.407,0.068191102,0.097620961,0.140910687,0.012535645,career_average,0.129440897,RP-2014,MP-2020,0.069624712,0.038387769,0.063350678,0.358919759,0.391656273,0.076115988,0.17330798,1399291.904,1582730.753,0.884099776,11.31216134,0,0,0.0047,rate_up_100bps,100,0,-50,151638.9837,175175.3809,297744.9028,IN,INR
M00472,P006,DC,12/31/2025,Active,42,M,9,61,628591.5398,561296.9651,0.058249127,0.04722958,0.083454961,,account_balance,0.124715052,IAM-2012,MI-2012,0.053561632,0.047270678,0.094523711,0.528093315,0.206666494,0.250231064,0.015009127,991226.0414,991226.0414,1,15.22398979,0,0,0.0041,equity_down_20,0,-0.2,0,-104691.9692,180181.3149,306253.4689,IN,INR
M00473,P001,DB,12/31/2025,Active,46,M,19,63,1214735.791,1061480.393,0.06975648,0.075460637,0.082690029,0.016939407,final_average,0.054792143,VBT-2015,MP-2021,0.059789961,0.043607372,0.082987303,0.494214892,0.304361691,0.084314956,0.11710846,5057164.343,5712759.207,0.885240242,16.72176585,0,0,0.0053,rate_down_100bps,-100,0,50,-878313.8637,840476.4405,1428554.485,IN,INR
M00474,P006,DC,12/31/2025,Active,40,M,6,68,2405370.364,2150897.568,0.057501796,0.085058806,0.097900772,,account_balance,0.085200556,RP-2014,MP-2021,0.059418036,0.059835741,0.086291088,0.23880919,0.689817913,0.045668896,0.025704,3026667.94,3026667.94,1,9.109624909,0,0,0.0035,baseline,0,0,0,0,315848.2304,536845.9891,IN,INR
M00475,P003,DC,12/31/2025,Active,43,M,5,63,632888.0035,594968.6282,0.031374521,0.093527636,0.143062355,,account_balance,0.097773305,VBT-2015,MP-2021,0.062548082,0.046067257,0.083792758,0.379403076,0.121255285,0.48757412,0.011767519,860648.961,860648.961,1,11.60338235,0,0,0.0044,rate_down_100bps,-100,0,50,-94646.47784,136047.1031,231238.7235,IN,INR
M00476,P006,DC,12/31/2025,Active,52,F,9,66,487303.0532,431188.2464,0.063080395,0.066204141,0.158277158,,account_balance,0.088410861,RP-2010,None,0.075122616,0.039869528,0.083301293,0.432975853,0.418665678,0.079009888,0.069348581,1248709.076,1248709.076,1,15.40973629,0,0,0.0071,baseline,0,0,0,0,186236.994,316546.2829,IN,INR
M00477,P001,DB,12/31/2025,Active,40,F,21,66,559037.4529,515487.4602,0.041385196,0.04860953,0.101577082,0.020732168,final_average,0.092261185,RP-2014,MP-2021,0.067519491,0.049078741,0.067402444,0.160730096,0.79067053,0.01109078,0.037508594,2081511.66,2576542.549,0.807870089,11.48035198,0,0,0.0035,baseline,0,0,0,0,196276.7638,333610.8398,IN,INR
M00478,P003,DC,12/31/2025,Active,28,F,7,67,1172751.646,1068105.638,0.047842289,0.058493266,0.170109934,,account_balance,0.055579215,VBT-2015,MP-2020,0.088735405,0.031311525,0.069442323,0.161192679,0.428329033,0.397861942,0.012616346,2161948.465,2161948.465,1,13.70659409,0,0,0.0005,equity_down_20,0,-0.2,0,-69698.05282,224342.6883,381314.3808,IN,INR
M00479,P006,DC,12/31/2025,Retired,61,M,9,66,2160459.504,1987959.824,0.042483677,0.118344,0.163712971,,account_balance,0.054648183,RP-2014,None,0.050633762,0.033323596,0.083202146,0.341877673,0.463492949,0.18840729,0.006222088,7230690.192,7230690.192,1,15.80817079,482046.0128,0,0.0098,equity_down_20,0,-0.2,0,-494402.307,918247.4436,1560741.552,IN,INR
M00480,P003,DC,12/31/2025,Active,58,F,4,65,2120999.642,1958187.598,0.040742164,0.079760238,0.179353382,,account_balance,0.0662784,RP-2010,MP-2021,0.058636137,0.049909889,0.076056217,0.400414208,0.278685702,0.311324232,0.009575858,2350035.645,2350035.645,1,12.09338542,0,0,0.0089,baseline,0,0,0,0,347676.8954,590945.0454,IN,INR
M00481,P004,Hybrid,12/31/2025,Active,31,F,9,66,1440077.753,1313046.292,0.047256228,0.089004791,0.112160599,0.095161905,cash_balance,0.16,RP-2010,None,0.072936296,0.03370022,0.081651566,0.236202229,0.577850269,0.159762838,0.026184664,1496658.427,1389016.756,1.077494869,16.08808695,0,0,0.0008,baseline,0,0,0,0,151795.1332,258005.5881,IN,INR
M00482,P004,Hybrid,12/31/2025,Active,51,F,12,61,1462537.409,1338904.76,0.045150058,0.035561683,0.061901464,0.110428591,cash_balance,0.018257932,RP-2010,MP-2021,0.08517358,0.052662333,0.07013464,0.651121943,0.229130798,0.116469915,0.003277345,2131266.141,2460420.338,0.86622034,16.34522923,0,0,0.0068,baseline,0,0,0,0,461702.6686,784754.2014,IN,INR
M00483,P003,DC,12/31/2025,Active,39,M,5,64,1213537.985,1089617.05,0.055333543,0.057580101,0.136347104,,account_balance,0.177777778,IAM-2012,None,0.051356286,0.031857248,0.078552906,0.456061057,0.142550752,0.155708586,0.245679605,1276398.446,1276398.446,1,17.91984054,0,0,0.0032,rate_down_100bps,-100,0,50,-219630.9883,196384.0743,333793.2351,IN,INR
M00484,P004,Hybrid,12/31/2025,Active,47,M,19,68,1364494.895,1208628.258,0.062526048,0.045628011,0.140924806,0.06531302,cash_balance,0.03790857,VBT-2015,MP-2020,0.085344443,0.047816688,0.065736187,0.094472426,0.875232049,0.016825429,0.013470095,2165306.851,2519460.161,0.85943286,12.89081369,0,0,0.0056,rate_down_100bps,-100,0,50,-230021.6176,198920.5719,338104.5101,IN,INR
M00485,P004,Hybrid,12/31/2025,Active,47,M,12,65,1128828.669,1039895.435,0.041883546,0.020808519,0.140212319,0.094572231,cash_balance,0.114279411,IAM-2012,MP-2021,0.070290939,0.050354462,0.061535815,0.481843336,0.446595634,0.035322181,0.036238849,1596961.792,1548609.604,1.031222968,13.28217333,0,0,0.0056,high_inflation,150,-0.05,300,216569.5356,263002.5293,447024.3599,IN,INR
M00486,P006,DC,12/31/2025,Active,42,M,8,67,687011.3846,636956.9472,0.038548846,0.112381584,0.068871404,,account_balance,0.148753947,IALM_2012-14_Ultimate,MP-2021,0.081419334,0.053387836,0.098044655,0.285001513,0.28838496,0.379788098,0.046825429,1342657.522,1342657.522,1,16.04598745,0,0,0.0041,rate_down_100bps,-100,0,50,-196082.5458,165660.5688,281572.6142,IN,INR
M00487,P001,DB,12/31/2025,Active,36,M,12,65,2128753.391,1906522.001,0.056675811,0.090350811,0.035768774,0.019123151,final_average,0.111402891,IALM_2012-14_Ultimate,MP-2021,0.087946071,0.056570969,0.088922206,0.288638929,0.493363672,0.040183044,0.177814355,7849369.27,7355241.155,1.06718041,16.81180699,0,0,0.0023,baseline,0,0,0,0,840304.1437,1428261.633,IN,INR
M00488,P002,DB,12/31/2025,Active,37,F,14,66,1795769.678,1607883.218,0.056812803,0.061743352,0.13467172,0.014811085,final_average,0.084618696,RP-2014,MP-2020,0.058616176,0.039367087,0.079922554,0.179825623,0.622212529,0.18493548,0.013026367,4099917.173,4516632.94,0.907737518,13.54707042,0,0,0.0026,equity_down_20,0,-0.2,0,-147454.0323,380309.0333,646409.7612,IN,INR
M00489,P006,DC,12/31/2025,Active,35,M,3,65,694088.3762,610750.0243,0.06604525,0.088786137,0.108662021,,account_balance,0.186666667,RP-2014,MP-2021,0.073516396,0.051574934,0.082040471,0.33313141,0.576940326,0.01460546,0.075322804,407195.6151,407195.6151,1,9.195513119,0,0,0.002,high_inflation,150,-0.05,300,31763.53901,50309.14466,85510.25439,IN,INR
M00490,P006,DC,12/31/2025,Active,36,M,12,65,1318250.052,1241039.603,0.030637827,0.086386739,0.086977498,,account_balance,0.050935323,RP-2014,MP-2020,0.085346758,0.032421889,0.080446951,0.422455389,0.515270737,0.014403516,0.047870358,4107211.682,4107211.682,1,13.12231202,0,0,0.0023,rate_up_100bps,100,0,-50,433144.8329,607989.0923,1033396.658,IN,INR
M00491,P003,DC,12/31/2025,Active,43,M,21,64,1900369.696,1678245.755,0.064121626,0.119738257,0.062317651,,account_balance,0.028337783,IAM-2012,None,0.083776427,0.054893841,0.095952379,0.227839249,0.602336193,0.168639177,0.001185381,16791608.77,16791608.77,1,11.02719429,0,0,0.0044,equity_down_20,0,-0.2,0,-765157.5047,1700967.847,2891128.328,IN,INR
M00492,P004,Hybrid,12/31/2025,Active,37,F,6,67,1188741.875,1076500.655,0.050840087,0.060178716,0.043944464,0.077418519,cash_balance,0.036048104,RP-2010,MP-2021,0.070838576,0.056706871,0.090945543,0.291331317,0.573547629,0.050556629,0.084564425,593552.3231,573400.9705,1.035143562,9.870211381,0,0,0.0026,baseline,0,0,0,0,66342.50061,112762.0861,IN,INR
M00493,P002,DB,12/31/2025,Active,51,F,8,66,897698.2347,806765.357,0.054852084,0.003175979,0.036028428,0.011187272,career_average,0.086393691,RP-2014,None,0.087979691,0.052459732,0.073005708,0.348334091,0.557109532,0.045384586,0.04917179,843728.9696,870286.1882,0.9694845,12.05315243,0,0,0.0068,high_inflation,150,-0.05,300,107396.6942,107515.2209,182743.1962,IN,INR
M00494,P002,DB,12/31/2025,Active,59,F,9,66,1873612.281,1753592.279,0.033654858,0.063311896,0.12049239,0.02412553,final_average,0.145923094,RP-2014,MP-2021,0.078337781,0.038439883,0.068727472,0.294960279,0.412777409,0.291882568,0.000379745,5140545.651,4769853.688,1.077715584,12.527288,0,0,0.0092,baseline,0,0,0,0,616796.2106,1048366.082,IN,INR
M00495,P003,DC,12/31/2025,Active,38,M,17,65,1104499.716,1006977.087,0.047304597,0.118070444,0.071221568,,account_balance,0.082147624,IALM_2012-14_Ultimate,MI-2012,0.070964572,0.031870306,0.062661172,0.345348369,0.54821482,0.006726036,0.099710775,5431961.717,5431961.717,1,17.8348505,0,0,0.0029,high_inflation,150,-0.05,300,1136036.278,683685.9658,1162058.335,IN,INR
M00496,P002,DB,12/31/2025,Active,46,M,5,63,742260.1799,687461.0225,0.039092096,0.0079167,0.032910352,0.021426738,final_average,0.177777778,RP-2010,MP-2021,0.05231609,0.04264817,0.065911565,0.31914019,0.471096341,0.107149456,0.102614012,960360.2267,964612.5173,0.995591711,13.09720861,0,0,0.0053,baseline,0,0,0,0,112146.9393,190615.7096,IN,INR
M00497,P004,Hybrid,12/31/2025,Active,49,F,14,60,586791.0201,542345.0057,0.040169001,0.058245613,0.077672478,0.107880623,cash_balance,0.051866611,IAM-2012,MP-2020,0.069492234,0.038119068,0.079602445,0.20184362,0.507255563,0.023742111,0.267158706,1157862.913,1120751.746,1.033112745,17.70815654,0,0,0.0062,baseline,0,0,0,0,96580.79994,164158.004,IN,INR
M00498,P001,DB,12/31/2025,Active,49,M,9,67,263288.7075,238736.1255,0.050163805,0.09154786,0.08791285,0.014836824,final_average,0.123240283,RP-2010,MI-2012,0.066876024,0.04590574,0.068102812,0.448382429,0.489707464,0.048968335,0.012941772,545599.7578,497038.3913,1.09770144,15.59151574,0,0,0.0062,baseline,0,0,0,0,84859.93233,144236.0917,IN,INR
M00499,P006,DC,12/31/2025,Active,45,M,26,64,2392635.652,2119435.15,0.062498238,0.056363517,0.128387645,,account_balance,0.019293941,IALM_2012-14_Ultimate,MI-2012,0.062210121,0.04181584,0.072495757,0.524943802,0.439089437,0.023644484,0.012322276,25288509.41,25288509.41,1,11.27777449,0,0,0.005,high_inflation,150,-0.05,300,2781425.481,4504447.77,7656192.076,IN,INR
M00500,P006,DC,12/31/2025,Active,51,M,9,63,675640.7619,601600.209,0.059751237,0.080294963,0.145829811,,account_balance,0.159452955,IAM-2012,MP-2020,0.087715657,0.034079686,0.065333165,0.345968117,0.520252922,0.018590642,0.115188319,1627732.915,1627732.915,1,15.31768435,0,0,0.0068,baseline,0,0,0,0,203366.096,345660.5497,IN,INR
M00501,P004,Hybrid,12/31/2025,Active,49,M,2,62,1519322.671,1368565.287,0.053639998,0.047490229,0.052695058,0.103101402,cash_balance,0.082892582,VBT-2015,MP-2021,0.087028001,0.055100518,0.096912566,0.561087024,0.150876178,0.021166824,0.266869975,274744.3329,298346.2435,0.920890874,12.62391784,0,0,0.0062,equity_down_20,0,-0.2,0,-30831.096,50909.14784,86530.07742,IN,INR
M00502,P003,DC,12/31/2025,Active,32,F,15,66,650713.2237,588447.47,0.051576728,0.101948831,0.114299982,,account_balance,0.071038691,RP-2014,None,0.063491375,0.055940005,0.061349002,0.364702432,0.593942715,0.0160701,0.025284753,2983247.662,2983247.662,1,14.21348807,0,0,0.0011,rate_down_100bps,-100,0,50,-335429.6397,398503.115,677334.1699,IN,INR
M00503,P002,DB,12/31/2025,Active,53,M,13,66,1061434.472,968106.8753,0.047092242,0.062753649,0.039869241,0.010481467,career_average,0.125832889,IAM-2012,MP-2020,0.067430512,0.054394357,0.074072429,0.23929033,0.413209242,0.085964908,0.26153552,1665465.102,1803702.877,0.923358899,13.67339273,0,0,0.0074,rate_up_100bps,100,0,-50,212218.0993,150516.5097,255832.3168,IN,INR
M00504,P005,DB,12/31/2025,Active,53,M,12,66,1205467.256,1055053.394,0.068908399,0.005270209,0.096604444,0.017180922,final_average,0.039240056,IALM_2012-14_Ultimate,MP-2021,0.080072774,0.036310711,0.070326187,0.159908921,0.703926179,0.083741564,0.052423336,3694919.111,3781905.188,0.976999403,17.38635231,0,0,0.0074,rate_up_100bps,100,0,-50,527487.8452,327765.4554,557101.6494,IN,INR
M00505,P004,Hybrid,12/31/2025,Active,36,M,20,65,563764.7814,509014.2095,0.052407702,0.075306305,0.047569439,0.108032828,cash_balance,0.013136133,RP-2010,None,0.083402285,0.042854775,0.060332108,0.351580955,0.243448514,0.274211845,0.130758686,1684019.848,1876062.476,0.89763527,10.16737342,0,0,0.0023,rate_up_100bps,100,0,-50,170247.671,218867.9273,372008.9513,IN,INR
M00506,P001,DB,12/31/2025,Active,44,M,3,63,1514607.025,1399912.178,0.040158656,0.000447948,0.053482701,0.024037076,final_average,0.034125526,IAM-2012,None,0.054403144,0.03514398,0.097143921,0.55409902,0.250061108,0.076449117,0.119390755,1556743.937,1311878.573,1.186652461,12.99540933,0,0,0.0047,high_inflation,150,-0.05,300,183400.3876,287359.5902,488423.9599,IN,INR
M00507,P006,DC,12/31/2025,Active,51,M,6,63,900578.7824,833912.3376,0.039203632,0.052232436,0.103064728,,account_balance,0.122257855,IALM_2012-14_Ultimate,MP-2021,0.069631795,0.049956134,0.072544299,0.353900409,0.512596543,0.128999307,0.004503741,958695.9404,958695.9404,1,9.730521087,0,0,0.0068,rate_up_100bps,100,0,-50,68714.89942,124131.0322,210985.0249,IN,INR
M00508,P005,DB,12/31/2025,Active,42,F,10,60,1262608.177,1135568.196,0.054454121,0.050395864,0.04209904,0.013465083,flat,0.155555556,IAM-2012,MP-2020,0.086580182,0.054149395,0.080091003,0.48584281,0.375805678,0.134278595,0.004072918,2013104.466,1726709.009,1.165862028,11.29267669,0,0,0.0041,rate_up_100bps,100,0,-50,157164.8613,334611.4996,568737.8437,IN,INR
M00509,P006,DC,12/31/2025,Active,55,M,11,66,1894628.256,1715498.717,0.050913101,0.061284975,0.093959021,,account_balance,0.045029259,RP-2014,MP-2021,0.076583521,0.047446078,0.08330426,0.234042722,0.343360343,0.164403478,0.258193457,4549098.862,4549098.862,1,9.691557026,0,0,0.008,baseline,0,0,0,0,410649.6165,697979.5306,IN,INR
M00510,P005,DB,12/31/2025,Retired,68,M,9,61,1373441.697,1293826.846,0.030307912,0.030747594,0.071874289,0.013135177,career_average,0.109664086,RP-2010,MP-2021,0.071718654,0.046383294,0.08441919,0.30226794,0.538141987,0.061126814,0.098463259,2934660.014,2668746.028,1.099640049,17.44828065,152951.8055,0,0.0119,baseline,0,0,0,0,332782.1868,565628.5679,IN,INR
M00511,P004,Hybrid,12/31/2025,Active,36,M,4,65,943477.5555,834640.5893,0.063202615,0.083083515,0.069560281,0.054692761,cash_balance,0.134067906,RP-2010,MP-2020,0.078721779,0.051449366,0.078410429,0.14792187,0.413436798,0.355677916,0.082963416,181720.742,202008.0166,0.899571933,11.83400423,0,0,0.0023,rate_down_100bps,-100,0,50,-20149.13514,17205.96731,29244.91465,IN,INR
M00512,P003,DC,12/31/2025,Active,30,M,8,64,2361533.854,2109052.921,0.058164894,0.05923585,0.068826457,,account_balance,0.119851835,IAM-2012,MP-2021,0.076457266,0.033406728,0.083753176,0.33695069,0.540805973,0.013483386,0.10875995,2980714.069,2980714.069,1,16.03163256,0,0,0.0005,rate_up_100bps,100,0,-50,397257.7285,366866.1247,623560.9026,IN,INR
M00513,P006,DC,12/31/2025,Active,47,M,25,64,965022.7107,864610.665,0.056473172,0.047600221,0.094489874,,account_balance,0.039871758,IALM_2012-14_Ultimate,MI-2012,0.087689955,0.03742971,0.09007044,0.332798961,0.262197375,0.174606141,0.230397523,9026230.87,9026230.87,1,15.73685454,0,0,0.0056,baseline,0,0,0,0,1062656.912,1806193.755,IN,INR
M00514,P006,DC,12/31/2025,Active,51,M,5,67,1026750.82,962661.5367,0.032751226,0.045542792,0.12834692,,account_balance,0.081706964,RP-2014,None,0.086505454,0.039410363,0.098083561,0.144372795,0.666138198,0.142947274,0.046541732,1057562.364,1057562.364,1,10.26352967,0,0,0.0068,rate_down_100bps,-100,0,50,-73319.09258,90825.64621,154375.992,IN,INR
M00515,P001,DB,12/31/2025,Active,42,F,10,60,914715.6657,838463.1925,0.044482234,0.088416418,0.12794786,0.016702164,final_average,0.151475668,RP-2014,MP-2020,0.065911034,0.045975172,0.086281491,0.378209934,0.270987724,0.107445419,0.243356924,1371837.962,1438151.662,0.953889634,10.26946803,0,0,0.0041,equity_down_20,0,-0.2,0,-103768.549,177091.1764,301001.1728,IN,INR
M00516,P001,DB,12/31/2025,Active,59,F,14,65,567206.4763,497822.2938,0.06741529,0.092086157,0.121918997,0.02094022,final_average,0.061860765,IAM-2012,MI-2012,0.05128077,0.059280808,0.078489181,0.25441545,0.658468164,0.05647076,0.030645626,2112675.337,1809916.579,1.167277742,12.40152048,0,0,0.0092,rate_down_100bps,-100,0,50,-154900.7026,225121.0106,382637.2922,IN,INR
M00517,P003,DC,12/31/2025,Active,31,M,16,61,539768.8746,476336.2062,0.06450357,0.066183491,0.145537291,,account_balance,0.071550534,VBT-2015,MP-2021,0.063307064,0.055890373,0.07778418,0.098340374,0.500145799,0.273053301,0.128460527,2937998.055,2937998.055,1,14.11726229,0,0,0.0008,rate_up_100bps,100,0,-50,341293.5222,234918.1898,399289.519,IN,INR
M00518,P005,DB,12/31/2025,Active,51,M,15,60,767281.3987,707459.2176,0.041421718,0.028344586,0.128745814,0.02177722,final_average,0.009694226,IAM-2012,MI-2012,0.058115596,0.037411353,0.088394295,0.608083116,0.258062576,0.010382542,0.123471766,3043067.786,2967412.252,1.025495458,12.84052494,0,0,0.0068,high_inflation,150,-0.05,300,420127.4152,613771.2172,1043224.513,IN,INR
M00519,P006,DC,12/31/2025,Active,38,F,7,63,623946.6088,581020.1867,0.036282355,0.044882697,0.093167225,,account_balance,0.055319568,RP-2014,MP-2021,0.055262091,0.03698954,0.085081409,0.395911987,0.460744996,0.044676065,0.098666952,747211.5188,747211.5188,1,15.91161879,0,0,0.0029,rate_up_100bps,100,0,-50,101679.75,103306.716,175590.017,IN,INR
M00520,P001,DB,12/31/2025,Retired,61,F,6,61,868956.5572,791235.4489,0.047963518,0.047909192,0.044929105,0.013961224,final_average,0.071479838,RP-2010,MP-2020,0.08551775,0.043069443,0.076815464,0.38759788,0.190715028,0.066514624,0.355172468,846075.9151,916216.9982,0.923444901,13.82349509,66279.69209,0,0.0098,baseline,0,0,0,0,109736.1891,186518.1671,IN,INR
M00521,P004,Hybrid,12/31/2025,Retired,64,M,26,65,1427982.011,1309567.022,0.044233215,0.094629692,0.03539476,0.082294327,cash_balance,0.031352239,IAM-2012,MP-2021,0.078397255,0.059239428,0.073435472,0.512129678,0.353632931,0.096098993,0.038138398,4704533.907,5389564.593,0.872896841,16.93663787,359304.3062,0,0.0107,rate_up_100bps,100,0,-50,829627.1323,814409.2467,1384248.179,IN,INR
M00522,P003,DC,12/31/2025,Active,36,F,17,64,819065.337,732708.2372,0.057289055,0.118839702,0.175084826,,account_balance,0.109890072,IAM-2012,MP-2021,0.051303147,0.034573614,0.099725946,0.368438417,0.453398528,0.120961767,0.057201288,8213605.344,8213605.344,1,14.33158943,0,0,0.0023,high_inflation,150,-0.05,300,1335097.162,1079300.724,1834483.176,IN,INR
M00523,P006,DC,12/31/2025,Active,39,F,11,60,1087055.198,951863.3568,0.068657392,0.114920398,0.10518724,,account_balance,0.087253354,RP-2010,None,0.086790154,0.058708291,0.09067188,0.686524346,0.205653072,0.004988017,0.102834565,3714668.349,3714668.349,1,14.33132568,0,0,0.0032,baseline,0,0,0,0,842431.7357,1431877.892,IN,INR
M00524,P005,DB,12/31/2025,Deferred,53,F,22,60,784139.4466,718720.0053,0.044520058,0.011288382,0.140114146,0.013610672,flat,0.102222222,IAM-2012,MP-2021,0.086120371,0.035712573,0.068271028,0.505095847,0.319119113,0.094854182,0.080930857,2555826.097,3214615.825,0.795064243,14.93712733,0,0,0.0074,equity_down_20,0,-0.2,0,-258187.4292,434934.2734,739256.0658,IN,INR
M00525,P005,DB,12/31/2025,Active,40,M,4,64,3094899.48,2903191.67,0.032488967,0.014351966,0.062713627,0.017086907,final_average,0.109996019,IALM_2012-14_Ultimate,MP-2020,0.087975572,0.056593067,0.071686867,0.199350786,0.532832194,0.17917824,0.088638781,3020816.423,2862703.367,1.055232078,14.42703897,0,0,0.0035,baseline,0,0,0,0,275548.9549,468349.4698,IN,INR
M00526,P003,DC,12/31/2025,Active,44,M,4,66,1940984.195,1708383.461,0.06590456,0.099677188,0.065693697,,account_balance,0.182222222,RP-2010,MP-2021,0.08319504,0.054908608,0.095747547,0.144778106,0.493277435,0.269501005,0.092443454,1356829.926,1356829.926,1,14.50906136,0,0,0.0047,high_inflation,150,-0.05,300,235275.9476,117282.8584,199345.211,IN,INR
M00527,P003,DC,12/31/2025,Active,44,M,2,63,880792.0015,827789.1879,0.031517989,0.050726622,0.088922717,,account_balance,0.074022152,RP-2010,None,0.053155091,0.056469621,0.086433168,0.306532786,0.578376656,0.107673458,0.007417099,251183.8099,251183.8099,1,13.04738984,0,0,0.0047,baseline,0,0,0,0,29594.04043,50300.87357,IN,INR
M00528,P002,DB,12/31/2025,Active,25,F,11,64,1112911.004,975501.5356,0.068110636,0.036078464,0.140841125,0.008865893,flat,0.106792716,RP-2010,MP-2020,0.074911806,0.056752912,0.072430113,0.219976104,0.428876754,0.334007418,0.017139723,831212.1004,933748.0877,0.890188811,9.814915775,0,0,0.0005,rate_down_100bps,-100,0,50,-73822.21099,88658.8737,150693.1373,IN,INR
M00529,P001,DB,12/31/2025,Active,44,M,12,66,538653.1395,482504.9935,0.056583177,0.087748404,0.089538413,0.015408894,final_average,0.142001605,RP-2014,MP-2021,0.053323518,0.036544085,0.074568412,0.414005517,0.18344742,0.188628479,0.213918584,1070088.108,1099184.827,0.973528821,12.32015545,0,0,0.0047,high_inflation,150,-0.05,300,166257.9324,152386.1576,259010.15,IN,INR
M00530,P006,DC,12/31/2025,Active,37,M,4,64,894050.0097,784313.5369,0.067667568,0.076390916,0.10475411,,account_balance,0.049028398,IAM-2012,MP-2021,0.078535853,0.053361051,0.075156307,0.355018625,0.485028479,0.136931212,0.023021684,656930.355,656930.355,1,15.91472967,0,0,0.0026,baseline,0,0,0,0,84805.1999,144143.0632,IN,INR
M00531,P005,DB,12/31/2025,Active,39,F,17,62,751501.4174,697503.6554,0.037986387,0.061701721,0.144091908,0.017339533,final_average,0.026758075,VBT-2015,MP-2021,0.05788036,0.050462148,0.067451808,0.381423138,0.509766629,0.094764159,0.014046074,2090152.001,1920735.449,1.088204002,9.341889843,0,0,0.0032,rate_up_100bps,100,0,-50,126158.5028,285279.1119,484887.7792,IN,INR
M00532,P006,DC,12/31/2025,Active,58,F,2,64,1375462.572,1292416.643,0.031627992,0.056892838,0.150827625,,account_balance,0.007140275,IAM-2012,MP-2020,0.087432493,0.056367638,0.080446749,0.409595944,0.453119779,0.051989565,0.085294712,580116.4576,580116.4576,1,15.21568644,0,0,0.0089,equity_down_20,0,-0.2,0,-47522.66957,82586.4575,140371.8755,IN,INR
M00533,P006,DC,12/31/2025,Active,31,F,13,64,647814.5804,588115.0987,0.049528399,0.042130535,0.095408427,,account_balance,0.11224465,IAM-2012,MP-2020,0.087366843,0.044709394,0.090622826,0.096162998,0.760144032,0.106136141,0.037556829,1848060.62,1848060.62,1,17.82770776,0,0,0.0008,baseline,0,0,0,0,155382.3396,264102.7487,IN,INR
M00534,P003,DC,12/31/2025,Active,52,F,15,65,2076061.708,1890153.286,0.048024937,0.097548467,0.07405129,,account_balance,0.01585577,RP-2014,None,0.073784106,0.042403604,0.082562398,0.353311678,0.416604393,0.16756981,0.062514119,8820678.379,8820678.379,1,12.92366508,0,0,0.0071,rate_up_100bps,100,0,-50,956218.2634,1126066.659,1913971.052,IN,INR
M00535,P005,DB,12/31/2025,Active,41,F,11,64,956042.2231,878399.7791,0.043259691,0.018993167,0.066043179,0.020179359,final_average,0.151111111,IALM_2012-14_Ultimate,MP-2020,0.080107037,0.051786679,0.086237678,0.275626782,0.353863906,0.369151989,0.001357323,1770716.238,2127578.426,0.832268374,10.91172243,0,0,0.0038,equity_down_20,0,-0.2,0,-97611.36377,215075.0347,365562.1866,IN,INR
M00536,P006,DC,12/31/2025,Active,41,M,3,67,665812.2852,583391.7169,0.068306259,0.117872209,0.106481368,,account_balance,0.186666667,IALM_2012-14_Ultimate,MP-2021,0.084326141,0.03809531,0.083815456,0.376945184,0.549276437,0.066275771,0.007502608,443044.6742,443044.6742,1,9.207059278,0,0,0.0038,high_inflation,150,-0.05,300,34585.35085,60244.30231,102397.0026,IN,INR
M00537,P005,DB,12/31/2025,Deferred,52,F,20,62,998961.3606,884221.6394,0.062903349,0.094996609,0.038867057,0.019883394,final_average,0.053269096,RP-2014,MI-2012,0.065565848,0.054601647,0.062355817,0.444570376,0.286156318,0.242799281,0.026474025,4607284.799,5869623.533,0.784937019,16.692777,0,0,0.0071,baseline,0,0,0,0,720978.9401,1225445.056,IN,INR
M00538,P002,DB,12/31/2025,Active,47,F,8,67,1371682.894,1228980.264,0.056463281,0.015369366,0.092819806,0.018417693,final_average,0.133323309,RP-2014,None,0.073167638,0.038579386,0.067522402,0.295373303,0.385127573,0.071582828,0.247916296,1719369.85,1869916.657,0.919490098,10.32647588,0,0,0.0056,high_inflation,150,-0.05,300,214588.6859,181185.5981,307960.4452,IN,INR
M00539,P003,DC,12/31/2025,Active,50,M,8,64,1244420.843,1158288.258,0.036514332,0.074780138,0.148800902,,account_balance,0.040730978,RP-2014,MP-2021,0.057040938,0.031296403,0.074013937,0.352243501,0.441986903,0.099787445,0.105982152,2756647.79,2756647.79,1,9.388325647,0,0,0.0065,rate_up_100bps,100,0,-50,197882.9605,345672.7457,587538.6,IN,INR
M00540,P001,DB,12/31/2025,Active,54,M,7,65,1056485.284,941381.5976,0.059372936,0.053446149,0.065198817,0.020309866,final_average,0.115367073,IAM-2012,MI-2012,0.08941985,0.046544357,0.0955694,0.481948538,0.32717965,0.187502475,0.003369336,1472712.009,1789237.388,0.823094811,13.36894592,0,0,0.0077,equity_down_20,0,-0.2,0,-141954.28,244463.0564,415512.891,IN,INR
M00541,P006,DC,12/31/2025,Active,41,F,15,61,1461441.977,1302937.655,0.059080498,0.077774689,0.068627441,,account_balance,0.09071583,RP-2014,None,0.087176153,0.055079207,0.073947693,0.20012904,0.467144636,0.275994949,0.056731375,4885800.839,4885800.839,1,12.43559234,0,0,0.0038,equity_down_20,0,-0.2,0,-195558.1267,474456.1577,806431.2565,IN,INR
M00542,P004,Hybrid,12/31/2025,Active,38,M,7,63,1421780.694,1296991.074,0.047002727,0.084404697,0.130671849,0.080192418,cash_balance,0.126449608,VBT-2015,MP-2021,0.069336832,0.050714078,0.073084679,0.253227555,0.418856312,0.305266784,0.022649349,832259.1358,851338.4133,0.977589079,17.63826988,0,0,0.0029,equity_down_20,0,-0.2,0,-42150.18916,92231.89013,156766.1792,IN,INR
M00543,P002,DB,12/31/2025,Active,33,F,5,65,1424978.235,1251659.971,0.066991436,0.094885965,0.053222071,0.019753868,final_average,0.045927466,RP-2010,MP-2020,0.072133375,0.059678767,0.063223466,0.653672918,0.260376176,0.055534072,0.030416833,1625207.489,1627249.267,0.998745258,13.16271768,0,0,0.0014,high_inflation,150,-0.05,300,236430.236,352452.6952,599062.4533,IN,INR
M00544,P004,Hybrid,12/31/2025,Active,36,M,18,65,869738.7536,809282.4507,0.036679115,0.053854544,0.12701375,0.092437364,cash_balance,0.063657258,IALM_2012-14_Ultimate,MP-2021,0.067467895,0.034221863,0.098883171,0.211571379,0.614983575,0.139363779,0.034081267,1748506.053,1992274.218,0.877643267,16.51887813,0,0,0.0023,baseline,0,0,0,0,168498.504,286396.2414,IN,INR
M00545,P004,Hybrid,12/31/2025,Retired,73,M,10,60,867021.1277,800541.765,0.040693502,0.092999418,0.125275242,0.051052331,cash_balance,0.107341198,VBT-2015,None,0.050066519,0.040336991,0.091141987,0.36714398,0.504129971,0.115460627,0.013265421,504167.3123,480974.7441,1.048219929,17.38794754,32064.98294,0,0.0134,baseline,0,0,0,0,66858.08813,113638.4282,IN,INR
M00546,P002,DB,12/31/2025,Active,56,M,18,64,896896.0769,841274.3159,0.032528974,0.072515915,0.089865967,0.015074737,final_average,0.013045126,IALM_2012-14_Ultimate,MP-2021,0.059199913,0.04139829,0.090637089,0.726962875,0.201432863,0.007903655,0.063700607,1850304.75,2433005.899,0.760501547,10.65818579,0,0,0.0083,high_inflation,150,-0.05,300,293762.8765,444078.7992,754798.9803,IN,INR
M00547,P001,DB,12/31/2025,Active,30,M,11,61,788329.2183,699209.6694,0.061818038,0.026455913,0.058061191,0.014613929,career_average,0.117666983,IAM-2012,MP-2021,0.054065927,0.031744487,0.075348221,0.262022059,0.531471097,0.199563655,0.006943188,1232373.471,1361948.743,0.90486039,12.11695958,0,0,0.0005,rate_down_100bps,-100,0,50,-132278.2346,133500.1732,226909.7169,IN,INR
M00548,P004,Hybrid,12/31/2025,Active,31,F,6,68,1032561.975,927935.8121,0.054870375,0.092842071,0.057227561,0.103034039,cash_balance,0.056612184,IAM-2012,MP-2020,0.062915959,0.03129014,0.063134778,0.664066466,0.213811179,0.036690803,0.085431552,558474.3326,648108.5755,0.861698724,17.30950212,0,0,0.0008,rate_down_100bps,-100,0,50,-106213.9648,122651.383,208470.0711,IN,INR
M00549,P003,DC,12/31/2025,Active,49,M,3,66,982121.0386,903507.085,0.042597612,0.076551926,0.129761232,,account_balance,0.166710483,RP-2014,MP-2021,0.059449417,0.030883353,0.070540811,0.299848508,0.424022937,0.254398592,0.021729963,619419.0905,619419.0905,1,14.00276599,0,0,0.0062,rate_down_100bps,-100,0,50,-73603.41062,73304.70754,124595.7218,IN,INR
M00550,P005,DB,12/31/2025,Active,49,M,11,60,2073566.758,1929902.533,0.036552547,0.041409593,0.031057081,0.016825463,career_average,0.032334142,IALM_2012-14_Ultimate,MP-2020,0.080465662,0.042266382,0.094115986,0.175933838,0.733240289,0.082462075,0.008363798,4541967.717,4252018.842,1.068190872,11.90419676,0,0,0.0062,baseline,0,0,0,0,427352.596,726369.5188,IN,INR
M00551,P003,DC,12/31/2025,Active,49,M,9,66,784524.5039,737189.039,0.031605911,0.081169023,0.144573207,,account_balance,0.063576239,IAM-2012,MI-2012,0.070191879,0.055342827,0.067211916,0.155023032,0.365491224,0.176797072,0.302688672,2007068.466,2007068.466,1,13.68460202,0,0,0.0062,rate_up_100bps,100,0,-50,237981.0364,143969.6378,244704.6244,IN,INR
M00552,P005,DB,12/31/2025,Active,41,M,16,67,631581.0397,587689.824,0.036669823,0.040131283,0.144333543,0.01648583,final_average,0.012205093,IAM-2012,MP-2020,0.08267977,0.051289306,0.095769984,0.138135832,0.740847968,0.046291514,0.074724687,2766253.516,2415241.929,1.145331853,15.58050974,0,0,0.0038,high_inflation,150,-0.05,300,391651.5723,239519.8064,407110.8686,IN,INR
M00553,P003,DC,12/31/2025,Active,43,M,7,63,1316623.057,1198477.829,0.048131386,0.094635024,0.075853877,,account_balance,0.137523724,IALM_2012-14_Ultimate,MI-2012,0.075427914,0.043402902,0.081430181,0.236035941,0.580916301,0.17600746,0.007040298,1881130.201,1881130.201,1,14.56509154,0,0,0.0044,baseline,0,0,0,0,192988.2305,328021.3329,IN,INR
M00554,P003,DC,12/31/2025,Active,47,F,13,65,1016814.155,940306.0268,0.039887079,0.107992915,0.088467868,,account_balance,0.142222222,IAM-2012,None,0.07624906,0.037920509,0.088581461,0.439857096,0.406706611,0.147255201,0.006181092,4169505.121,4169505.121,1,17.40232383,0,0,0.0056,baseline,0,0,0,0,637787.0083,1084044.058,IN,INR
M00555,P006,DC,12/31/2025,Active,45,M,10,63,722985.9522,667979.5427,0.040359287,0.057257879,0.137129674,,account_balance,0.030963373,RP-2014,MP-2021,0.085049808,0.030467101,0.078145656,0.637895259,0.19922161,0.046420174,0.116462957,1891554.254,1891554.254,1,17.66681556,0,0,0.005,baseline,0,0,0,0,399107.4678,678361.3861,IN,INR
M00556,P003,DC,12/31/2025,Active,22,M,6,65,1399956.919,1234231.577,0.065023055,0.100306101,0.066225133,,account_balance,0.077445023,IAM-2012,None,0.083887655,0.035261394,0.097292375,0.222499129,0.497974864,0.175012781,0.104513226,1629336.125,1629336.125,1,15.40315009,0,0,0.0005,rate_up_100bps,100,0,-50,210400.6671,154321.3167,262299.3323,IN,INR
M00557,P001,DB,12/31/2025,Active,42,M,8,63,868439.8847,786792.8692,0.050605507,0.022911467,0.132045614,0.011900812,career_average,0.049768527,VBT-2015,MP-2021,0.052531867,0.041615671,0.069586333,0.292882641,0.53472597,0.171977941,0.000413448,1016951.891,1121626.094,0.906676384,14.97342314,0,0,0.0041,baseline,0,0,0,0,116940.1629,198762.7327,IN,INR
M00558,P001,DB,12/31/2025,Active,35,M,4,63,1955053.638,1742718.613,0.059170079,0.095663501,0.128621992,0.014526233,final_average,0.061296836,VBT-2015,None,0.073133958,0.04111372,0.082897337,0.36660794,0.49927232,0.129404801,0.004714939,829203.0814,923702.6462,0.897694821,9.122038619,0,0,0.002,baseline,0,0,0,0,110095.5845,187129.0299,IN,INR
M00559,P005,DB,12/31/2025,Active,46,M,27,63,642058.559,603526.6291,0.031428438,0.002525456,0.067082833,0.010854621,flat,0.022341237,RP-2014,None,0.066523599,0.037780838,0.062764641,0.425372302,0.401752452,0.143439047,0.029436198,3016778.578,2839477.319,1.062441513,16.05327091,0,0,0.0053,high_inflation,150,-0.05,300,528680.9129,447049.7723,759848.7316,IN,INR
M00560,P004,Hybrid,12/31/2025,Retired,74,M,13,62,758145.5836,694779.7198,0.044606534,0.03326853,0.13687402,0.064874083,cash_balance,0.056539867,VBT-2015,None,0.073985498,0.059913877,0.07921709,0.306485343,0.403067417,0.273182205,0.017265035,852534.9112,798340.5524,1.06788376,13.49497042,53222.70349,0,0.0137,rate_up_100bps,100,0,-50,90554.36916,103217.3361,175438.0983,IN,INR
M00561,P004,Hybrid,12/31/2025,Active,48,F,4,66,1042828.83,947379.4767,0.049166774,0.026009243,0.142960842,0.098440937,cash_balance,0.028804011,IAM-2012,MP-2021,0.08450558,0.043421407,0.098908574,0.278772548,0.68731221,0.003506506,0.030408735,445495.7257,415657.3124,1.07178609,16.871753,0,0,0.0059,baseline,0,0,0,0,50822.72653,86383.18746,IN,INR
M00562,P002,DB,12/31/2025,Active,41,F,26,63,1813924.065,1685307.544,0.037456674,0.004812623,0.089495091,0.024265547,final_average,0.058950077,VBT-2015,None,0.050481879,0.03803496,0.063525261,0.351230187,0.237957712,0.228369431,0.182442671,18737790.68,18498714.42,1.012923939,17.39798501,0,0,0.0038,rate_up_100bps,100,0,-50,2995463.472,2366141.033,4021720.565,IN,INR
M00563,P001,DB,12/31/2025,Active,53,F,5,63,714204.2046,666965.134,0.034807662,0.040572969,0.072548526,0.020640329,final_average,0.027510844,VBT-2015,MP-2020,0.050438721,0.042211956,0.080268921,0.237384031,0.408794948,0.331367591,0.02245343,862760.9893,848081.012,1.01730964,12.32104611,0,0,0.0074,rate_up_100bps,100,0,-50,86857.83587,94535.67555,160681.9142,IN,INR
M00564,P001,DB,12/31/2025,Active,49,M,7,66,1166394.07,1028725.028,0.064812151,0.062311484,0.079707482,0.022494193,final_average,0.138678963,IAM-2012,MP-2021,0.052502192,0.038382398,0.084092252,0.367401345,0.390372474,0.238564582,0.003661599,2857631.971,2777867.106,1.028714428,17.14919387,0,0,0.0062,equity_down_20,0,-0.2,0,-209979.5658,386710.9901,657291.1418,IN,INR
M00565,P002,DB,12/31/2025,Active,48,M,9,64,583158.5958,511667.7545,0.067577265,0.088255286,0.070104773,0.016303347,career_average,0.031448609,IALM_2012-14_Ultimate,None,0.08499541,0.040562789,0.097269834,0.412311932,0.548500828,0.012856276,0.026330964,1097417.906,1121359.588,0.978649416,14.93611242,0,0,0.0059,rate_down_100bps,-100,0,50,-137390.7972,160307.6983,272474.3613,IN,INR
M00566,P004,Hybrid,12/31/2025,Active,50,M,10,64,1487379.179,1393455.266,0.033152268,0.098968972,0.055490213,0.109394931,cash_balance,0.018614718,RP-2014,None,0.064139275,0.033776263,0.071896568,0.769530322,0.199968744,0.004538037,0.025962898,1842972.89,1875362.116,0.982729082,12.85288734,0,0,0.0065,baseline,0,0,0,0,468014.8,795482.9063,IN,INR
M00567,P003,DC,12/31/2025,Retired,65,F,16,67,734304.7004,673764.2569,0.043960749,0.062346481,0.109728823,,account_balance,0.128888889,IALM_2012-14_Ultimate,MP-2020,0.064849223,0.030025411,0.080117625,0.169304225,0.342098004,0.363251819,0.125345952,3436488.702,3436488.702,1,9.456963067,229099.2468,0,0.011,rate_down_100bps,-100,0,50,-266206.671,332979.2741,565963.5564,IN,INR
M00568,P003,DC,12/31/2025,Active,33,F,2,66,1300744.997,1139672.732,0.068331425,0.093981043,0.104694197,,account_balance,0.115805017,IALM_2012-14_Ultimate,MP-2020,0.063816129,0.044748732,0.099487834,0.41394161,0.505294057,0.060126116,0.020638217,497902.5249,497902.5249,1,15.67937225,0,0,0.0014,rate_up_100bps,100,0,-50,65488.63099,72453.10874,123148.2626,IN,INR
M00569,P006,DC,12/31/2025,Active,49,M,11,62,1331321.306,1246831.523,0.033326469,0.102283345,0.110166192,,account_balance,0.116124667,VBT-2015,MP-2021,0.0592385,0.044674264,0.09076076,0.461437754,0.402129368,0.135794594,0.000638285,4698600.617,4698600.617,1,17.03888487,0,0,0.0062,high_inflation,150,-0.05,300,950769.7412,747964.3379,1271312.03,IN,INR
M00570,P002,DB,12/31/2025,Active,35,M,9,64,434882.2578,390169.291,0.055745655,0.084362379,0.041501446,0.024012841,final_average,0.12626572,RP-2010,MP-2020,0.051554501,0.034708852,0.092416583,0.480500189,0.436590998,0.012254803,0.07065401,951764.8646,1200804.461,0.792606037,14.24075966,0,0,0.002,equity_down_20,0,-0.2,0,-91464.63953,155969.8753,265101.3807,IN,INR
M00571,P003,DC,12/31/2025,Active,50,F,12,68,1081865.131,946908.5242,0.068888855,0.052426397,0.077940398,,account_balance,0.010212197,IALM_2012-14_Ultimate,None,0.086260546,0.054980389,0.091220451,0.599141661,0.305010054,0.005854658,0.089993628,2501101.069,2501101.069,1,12.62576988,0,0,0.0065,baseline,0,0,0,0,498749.6462,847722.8029,IN,INR
M00572,P005,DB,12/31/2025,Active,35,F,8,63,784216.3541,686081.515,0.069128947,0.078505443,0.050992028,0.01695374,career_average,0.021812573,IAM-2012,MP-2020,0.059314964,0.035754168,0.080609041,0.142921531,0.600314485,0.155587069,0.101176914,1449191.257,1215572.416,1.192188337,13.06320089,0,0,0.002,baseline,0,0,0,0,118335.3977,201134.2079,IN,INR
M00573,P003,DC,12/31/2025,Active,40,F,8,63,1232222.321,1120116.487,0.048848933,0.060384066,0.171366303,,account_balance,0.049259166,IAM-2012,MP-2021,0.085757616,0.053105687,0.077374163,0.25220959,0.328778651,0.254955583,0.164056177,2797949.267,2797949.267,1,15.3726133,0,0,0.0035,rate_down_100bps,-100,0,50,-384122.622,286409.7229,486809.4744,IN,INR
M00574,P004,Hybrid,12/31/2025,Active,41,F,10,62,664422.0094,618439.2536,0.036509964,0.038649599,0.104768567,0.097910573,cash_balance,0.11265006,IAM-2012,MP-2021,0.088228459,0.035708116,0.070192527,0.448512786,0.261410663,0.25102788,0.039048671,694671.5403,802651.2857,0.865471161,10.78441372,0,0,0.0038,baseline,0,0,0,0,109608.0058,186300.2943,IN,INR
M00575,P006,DC,12/31/2025,Deferred,54,F,25,61,757937.1407,703345.51,0.038083373,0.112115495,0.065202386,,account_balance,0.046010613,RP-2010,MP-2020,0.073066066,0.0384379,0.078638674,0.203694171,0.711751261,0.017760483,0.066794084,8031767.035,8031767.035,1,10.83963407,0,0,0.0077,rate_up_100bps,100,0,-50,584783.14,780347.3056,1326353.232,IN,INR
M00576,P006,DC,12/31/2025,Active,53,M,8,65,1688429.438,1486988.084,0.065584056,0.076360288,0.144740081,,account_balance,0.091069832,RP-2010,MP-2020,0.064890945,0.038096603,0.060820095,0.633628539,0.152809762,0.147048037,0.066513662,3330840.942,3330840.942,1,12.12331538,0,0,0.0074,rate_down_100bps,-100,0,50,-378359.1016,702865.9096,1194658.409,IN,INR
M00577,P001,DB,12/31/2025,Active,32,F,20,65,1630642.009,1433717.29,0.06646732,0.072688206,0.072668203,0.019924216,final_average,0.063153649,RP-2014,MP-2020,0.080631891,0.036887659,0.06388444,0.232507572,0.604022818,0.02122061,0.142249,5115953.336,5295125.274,0.966162852,9.268329658,0,0,0.0011,rate_up_100bps,100,0,-50,336262.0387,496766.6941,844352.387,IN,INR
M00578,P006,DC,12/31/2025,Active,45,F,11,67,629481.9255,566294.4963,0.054315186,0.052789492,0.089411401,,account_balance,0.151111111,RP-2010,MP-2021,0.051015318,0.05857722,0.071490304,0.2516224,0.685832219,0.04735519,0.015190191,1295008.744,1295008.744,1,15.02046722,0,0,0.005,baseline,0,0,0,0,139011.5526,236277.3867,IN,INR
M00579,P003,DC,12/31/2025,Active,37,F,11,65,2209698.964,1964225.434,0.060647056,0.077838701,0.09891096,,account_balance,0.066078972,RP-2014,MP-2021,0.087154676,0.037903841,0.073345183,0.315679398,0.670754418,0.008327998,0.005238187,5636498.162,5636498.162,1,13.03415843,0,0,0.0026,baseline,0,0,0,0,694278.4104,1180062.271,IN,INR
M00580,P002,DB,12/31/2025,Active,31,M,12,62,308067.2472,274387.222,0.05959725,0.090987087,0.073534323,0.021044399,final_average,0.03805507,IAM-2012,MP-2020,0.066316652,0.044548941,0.088300694,0.16471565,0.560304112,0.069562122,0.205418116,1303120.761,1180970.09,1.103432485,17.04343915,0,0,0.0008,high_inflation,150,-0.05,300,236423.8648,102566.4523,174331.7937,IN,INR
M00581,P003,DC,12/31/2025,Active,42,M,14,60,1084425.072,971589.5991,0.056472864,0.119776412,0.158258326,,account_balance,0.084347704,RP-2010,MP-2021,0.062344086,0.052055219,0.066864097,0.312384236,0.48115583,0.031427006,0.175032928,5949406.632,5949406.632,1,14.82326019,0,0,0.0041,baseline,0,0,0,0,674796.5844,1146949.088,IN,INR
M00582,P006,DC,12/31/2025,Active,41,M,8,68,552383.1031,488764.2569,0.063091078,0.10299269,0.130566728,,account_balance,0.057442765,VBT-2015,MP-2021,0.055077398,0.039574007,0.091830913,0.630642029,0.295551839,0.003604815,0.070201316,1297801.752,1297801.752,1,15.3423958,0,0,0.0038,high_inflation,150,-0.05,300,228980.8286,271923.5206,462187.3335,IN,INR
M00583,P003,DC,12/31/2025,Retired,68,M,19,63,1163706.344,1040762.006,0.057416265,0.110160957,0.09869745,,account_balance,0.040585831,VBT-2015,None,0.088206813,0.030351022,0.092032062,0.572682178,0.274141301,0.153124384,5.21E-05,9532201.032,9532201.032,1,15.04673713,635480.0688,0,0.0119,baseline,0,0,0,0,1837145.35,3122588.692,IN,INR
M00584,P002,DB,12/31/2025,Active,48,F,14,63,875246.116,791821.366,0.051360092,0.067668563,0.107552726,0.013972531,final_average,0.043654843,VBT-2015,MP-2020,0.082441198,0.052850718,0.083481497,0.299192135,0.438786598,0.052973051,0.209048216,2001099.794,1976620.907,1.012384209,12.76124489,0,0,0.0059,equity_down_20,0,-0.2,0,-119742.6638,216323.1412,367683.5884,IN,INR
M00585,P004,Hybrid,12/31/2025,Active,30,M,4,66,622850.8336,576438.8367,0.039478255,0.041468389,0.127548463,0.118546087,cash_balance,0.010195694,RP-2010,MP-2020,0.07895762,0.038520971,0.079659861,0.438952736,0.19812212,0.318851612,0.044073531,264382.4184,302486.7089,0.874029869,17.39444299,0,0,0.0005,baseline,0,0,0,0,41969.6915,71335.7188,IN,INR
M00586,P002,DB,12/31/2025,Active,38,M,2,64,706562.9614,629128.6864,0.059755526,0.002422234,0.092583341,0.014254806,flat,0.035636444,RP-2010,MP-2021,0.087238583,0.056195457,0.078695955,0.506288639,0.337007857,0.107279393,0.049424112,309010.6924,309027.7901,0.999944673,17.22926462,0,0,0.0029,equity_down_20,0,-0.2,0,-31289.72057,52894.78651,89905.05963,IN,INR
M00587,P001,DB,12/31/2025,Deferred,54,F,25,62,691083.8994,628103.9709,0.048937515,0.034686187,0.116156533,0.015535849,career_average,0.014033842,RP-2010,MP-2020,0.088393246,0.044734604,0.076821566,0.380496721,0.521320119,0.043531777,0.054651383,3767330.862,3254979.648,1.157405351,13.34263907,0,0,0.0077,baseline,0,0,0,0,510929.5779,868424.9847,IN,INR
M00588,P001,DB,12/31/2025,Retired,65,M,12,66,1019041.445,938923.2392,0.041791667,0.080674474,0.137547213,0.010848751,career_average,0.085201963,VBT-2015,MP-2021,0.060737879,0.048732264,0.063542997,0.26055538,0.487651079,0.150891477,0.100902063,2015967.648,1957455.676,1.02989185,16.01403867,122233.7298,0,0.011,baseline,0,0,0,0,207115.0746,352032.6739,IN,INR
M00589,P001,DB,12/31/2025,Active,28,M,4,68,1526711.327,1353456.256,0.062077851,0.079742693,0.122781477,0.014167899,flat,0.142179939,IAM-2012,MI-2012,0.081460999,0.058528798,0.086217742,0.55810553,0.328099056,0.092057883,0.021737531,1508350.845,1370361.418,1.100695645,17.86592318,0,0,0.0005,rate_up_100bps,100,0,-50,220083.2938,282565.8516,480276.0615,IN,INR
M00590,P001,DB,12/31/2025,Active,25,M,8,61,2377272.858,2124298.904,0.057868544,0.049468515,0.139182474,0.01741852,career_average,0.115225537,IALM_2012-14_Ultimate,MP-2021,0.080679251,0.056098822,0.083091867,0.382458286,0.228606978,0.21373707,0.175197667,3398099.327,3546619.185,0.95812354,11.98112788,0,0,0.0005,baseline,0,0,0,0,457551.7472,777698.8968,IN,INR
M00591,P001,DB,12/31/2025,Retired,63,M,17,66,911728.5761,800082.9606,0.067493583,0.047257793,0.081736752,0.01781935,final_average,0.124444444,IAM-2012,None,0.072292648,0.053779158,0.0606307,0.298943844,0.436349039,0.139492177,0.12521494,3156010.75,3544316.655,0.89044266,14.62368104,242368.2959,0,0.0104,baseline,0,0,0,0,349883.3591,594695.363,IN,INR
M00592,P004,Hybrid,12/31/2025,Active,48,M,9,63,1126320.183,1048152.936,0.036617666,0.057950744,0.138506431,0.117756318,cash_balance,0.121311183,RP-2010,None,0.05601702,0.045921923,0.068107831,0.460794332,0.445412527,0.087583582,0.006209559,1177386.853,1308169.854,0.900025979,14.12598923,0,0,0.0059,high_inflation,150,-0.05,300,210729.5256,186958.3599,317772.3856,IN,INR
M00593,P002,DB,12/31/2025,Active,35,F,10,64,1679148.001,1505871.154,0.055967571,0.021939671,0.104588068,0.020337218,final_average,0.108388715,IALM_2012-14_Ultimate,MP-2021,0.087613819,0.035078694,0.077452972,0.486923401,0.451085633,0.061273514,0.000717451,4807991.324,4246788.722,1.132147521,13.86696128,0,0,0.002,baseline,0,0,0,0,801534.9175,1362365.732,IN,INR
M00594,P002,DB,12/31/2025,Active,49,M,15,67,804501.8922,744136.9267,0.039769579,0.052604362,0.134405852,0.020272241,final_average,0.055120049,IALM_2012-14_Ultimate,MI-2012,0.062615289,0.05523138,0.09605231,0.317368006,0.261294715,0.417185377,0.004151902,4204274.658,3936843.591,1.067930326,17.39811857,0,0,0.0062,high_inflation,150,-0.05,300,878298.3541,569509.8317,967993.6106,IN,INR
M00595,P006,DC,12/31/2025,Active,20,F,12,68,692187.3077,608965.1673,0.066143319,0.070605896,0.11826792,,account_balance,0.012935122,IAM-2012,MP-2021,0.073155175,0.032818412,0.099611151,0.162617738,0.719555877,0.065414238,0.052412146,2439946.289,2439946.289,1,10.13938556,0,0,0.0005,baseline,0,0,0,0,219238.7678,372639.2673,IN,INR
M00596,P003,DC,12/31/2025,Active,44,M,14,62,2366189.469,2213223.435,0.033979977,0.084579884,0.08244542,,account_balance,0.095385098,VBT-2015,MP-2021,0.050775211,0.056623761,0.090053052,0.296557784,0.565762719,0.114449313,0.023230184,9463875.385,9463875.385,1,13.64743888,0,0,0.0047,equity_down_20,0,-0.2,0,-561317.1827,1085179.708,1844475.662,IN,INR
M00597,P004,Hybrid,12/31/2025,Active,47,M,15,62,908095.2605,813955.8824,0.056246472,0.033605105,0.131757009,0.10040693,cash_balance,0.1004899,RP-2014,MP-2021,0.067165796,0.052987692,0.089973671,0.299785539,0.332001537,0.056840482,0.311372443,1517689.715,1696739.999,0.894473941,9.232690602,0,0,0.0056,baseline,0,0,0,0,158841.1177,269981.6201,IN,INR
M00598,P001,DB,12/31/2025,Active,53,M,6,61,1085771.749,963343.5311,0.061643429,0.067486961,0.050904244,0.014116504,career_average,0.059990939,VBT-2015,None,0.074675766,0.054103651,0.076610984,0.487665176,0.432985388,0.074969305,0.00438013,958950.7124,960604.4218,0.99827847,11.772942,0,0,0.0074,equity_down_20,0,-0.2,0,-93529.37363,159851.4613,271698.8972,IN,INR
M00599,P002,DB,12/31/2025,Active,34,M,7,64,478427.4556,438784.6745,0.044196714,0.063835358,0.109414432,0.020369994,final_average,0.132807109,VBT-2015,MP-2021,0.065238392,0.041315908,0.08283801,0.212975341,0.603726377,0.166647003,0.016651279,1008648.446,943223.3609,1.0693633,15.07558457,0,0,0.0017,baseline,0,0,0,0,98530.98243,167472.7215,IN,INR
M00600,P001,DB,12/31/2025,Active,45,M,6,60,777846.3795,681736.7753,0.068165523,0.038083588,0.128994566,0.008048388,flat,0.084623378,IALM_2012-14_Ultimate,MP-2020,0.069084253,0.032548856,0.069312684,0.208219418,0.769605047,0.002084541,0.020090994,530482.6973,527520.3071,1.005615689,16.02368128,0,0,0.005,high_inflation,150,-0.05,300,90649.75698,54262.51156,92229.77649,IN,INR
M00601,P001,DB,12/31/2025,Active,35,M,7,63,2301824.281,2033129.546,0.064029227,0.000727298,0.064553924,0.013557051,final_average,0.124538078,RP-2010,MP-2021,0.057681008,0.051808629,0.08952608,0.228006307,0.576175231,0.116972458,0.078846003,3790683.783,3219900.185,1.177267482,16.68837636,0,0,0.002,rate_up_100bps,100,0,-50,428144.156,367441.9181,624539.5764,IN,INR
M00602,P002,DB,12/31/2025,Active,47,M,10,61,1212582.459,1117262.712,0.041784732,0.025227363,0.078629559,0.012639234,flat,0.11491003,RP-2010,MP-2020,0.064008871,0.059341995,0.062391386,0.427969618,0.426194771,0.088630127,0.057205484,1140004.942,1368292.096,0.833159049,9.689531191,0,0,0.0056,high_inflation,150,-0.05,300,138037.4492,168711.8167,286758.8082,IN,INR
M00603,P001,DB,12/31/2025,Active,35,M,10,63,971982.6696,915650.4985,0.030301644,0.063334785,0.098342126,0.012079693,flat,0.038524767,IALM_2012-14_Ultimate,MP-2020,0.078934572,0.055752229,0.076689851,0.236759099,0.533553601,0.220990147,0.008697153,1263458.882,1179199.185,1.071455016,10.6610883,0,0,0.002,rate_up_100bps,100,0,-50,92009.3146,130959.9388,222592.0906,IN,INR
M00604,P001,DB,12/31/2025,Active,40,M,22,60,1843491.718,1698310.991,0.041866287,0.007237334,0.092300123,0.022300458,final_average,0.023323999,VBT-2015,MP-2021,0.088788476,0.055241647,0.093254462,0.247288094,0.521503086,0.103565968,0.127642852,10798015.36,10509690.26,1.027434215,12.61351813,0,0,0.0035,equity_down_20,0,-0.2,0,-534044.1276,1062979.74,1806742.463,IN,INR
M00605,P001,DB,12/31/2025,Active,34,M,12,66,469632.7267,433157.9671,0.041252419,0.010764242,0.034702727,0.016957396,final_average,0.071641896,IAM-2012,MP-2021,0.068751469,0.048969197,0.099194384,0.356762738,0.468390861,0.147256155,0.027590246,1274863.992,1095699.427,1.163516163,12.4309618,0,0,0.0017,high_inflation,150,-0.05,300,136782.669,165040.8906,280519.3496,IN,INR
M00606,P003,DC,12/31/2025,Active,51,F,10,62,816974.2107,719483.8961,0.065598584,0.059609525,0.162326805,,account_balance,0.139743745,RP-2014,MP-2021,0.077441865,0.033488031,0.087862345,0.23432371,0.539655749,0.220370377,0.005650163,2432871.658,2432871.658,1,11.2853954,0,0,0.0068,rate_down_100bps,-100,0,50,-208913.5274,251336.5455,427195.7332,IN,INR
M00607,P002,DB,12/31/2025,Active,53,F,5,63,2740757.188,2399779.055,0.068684847,0.07557674,0.04205599,0.015879959,final_average,0.131264732,VBT-2015,None,0.089047521,0.055898295,0.067890626,0.166550901,0.380230333,0.1682113,0.285007466,3780040.724,3321186.611,1.13815969,17.43021063,0,0,0.0074,rate_up_100bps,100,0,-50,507025.5143,281237.8709,478018.8979,IN,INR
M00608,P003,DC,12/31/2025,Active,42,M,9,66,962716.2971,902508.008,0.032817599,0.047591134,0.07234049,,account_balance,0.16,VBT-2015,MI-2012,0.080991677,0.036661153,0.082842942,0.475210131,0.319262557,0.16387003,0.041657283,1393708.351,1393708.351,1,13.80527394,0,0,0.0041,baseline,0,0,0,0,226807.7979,385504.318,IN,INR
M00609,P003,DC,12/31/2025,Active,44,M,26,65,959724.2021,872405.1022,0.048851793,0.071077067,0.07393283,,account_balance,0.084444444,RP-2014,MP-2021,0.050405225,0.03793488,0.082420517,0.592571744,0.301673529,0.083303484,0.022451243,9209528.444,9209528.444,1,14.91319955,0,0,0.0047,rate_down_100bps,-100,0,50,-1234521.807,1822579.142,3097830.566,IN,INR
M00610,P004,Hybrid,12/31/2025,Active,30,F,26,62,1673814.267,1512623.611,0.05193328,0.094571136,0.119066686,0.075989993,cash_balance,0.005345991,IAM-2012,None,0.087421626,0.052675739,0.098630598,0.297453926,0.52210253,0.106525926,0.073917618,6253735.883,6178878.595,1.012115028,15.74692505,0,0,0.0005,baseline,0,0,0,0,704099.5638,1196755.246,IN,INR
M00611,P001,DB,12/31/2025,Active,41,M,8,61,1726997.81,1616176.986,0.033716466,0.094554356,0.098729326,0.014573787,final_average,0.074461279,RP-2014,MP-2020,0.084662662,0.051507181,0.093607468,0.218423945,0.736168416,0.019036761,0.026370877,2477323.613,2618234.339,0.94618101,13.89495682,0,0,0.0038,baseline,0,0,0,0,253339.8813,430600.7952,IN,INR
M00612,P005,DB,12/31/2025,Active,43,F,3,65,548149.9323,501861.3442,0.045099908,0.030750277,0.12167713,0.022346576,final_average,0.030672487,IALM_2012-14_Ultimate,MP-2021,0.060844515,0.03217688,0.061960459,0.397006663,0.418072455,0.147284035,0.037636847,457420.3762,555230.2732,0.823839042,16.50278173,0,0,0.0044,high_inflation,150,-0.05,300,114020.0988,64053.06172,108870.7359,IN,INR
M00613,P004,Hybrid,12/31/2025,Retired,70,M,8,63,1193719.956,1097988.07,0.042683297,0.080998788,0.038387527,0.062774815,cash_balance,0.061283019,RP-2014,MP-2020,0.057262055,0.03755877,0.068803728,0.353221192,0.381656218,0.191872491,0.073250099,672118.6059,639676.0706,1.050717131,17.86356658,42645.07137,0,0.0125,high_inflation,150,-0.05,300,140294.246,85967.39932,146118.4489,IN,INR
M00614,P001,DB,12/31/2025,Active,33,F,22,65,2169713.62,1962598.955,0.051442254,0.059394405,0.088225708,0.012843964,final_average,0.012889002,RP-2014,None,0.08596897,0.054530572,0.093676957,0.487565793,0.378806011,0.088895932,0.044732264,7787830.183,6947201.355,1.121002514,12.52727385,0,0,0.0014,baseline,0,0,0,0,1289995.803,2192600.769,IN,INR
M00615,P006,DC,12/31/2025,Active,59,M,10,63,737198.257,660523.614,0.056447636,0.106118715,0.068194318,,account_balance,0.052536135,VBT-2015,MP-2021,0.077547632,0.058487491,0.098898881,0.520452866,0.362616107,0.088736507,0.02819452,1845044.582,1845044.582,1,14.79315882,0,0,0.0092,high_inflation,150,-0.05,300,311219.4098,324367.8264,551326.7129,IN,INR
M00616,P006,DC,12/31/2025,Active,54,F,15,63,832681.1844,743691.7714,0.058139404,0.067701941,0.093635023,,account_balance,0.089833665,VBT-2015,MP-2021,0.059479633,0.037989333,0.071786888,0.865072938,0.0996966,0.033009194,0.002221268,3027132.393,3027132.393,1,11.8529628,0,0,0.0077,high_inflation,150,-0.05,300,384638.1887,862289.528,1465630.104,IN,INR
M00617,P001,DB,12/31/2025,Active,47,M,10,64,997461.0916,930295.1433,0.035470201,0.077470687,0.114934699,0.019946262,final_average,0.029980677,RP-2010,None,0.078555273,0.052819504,0.087629153,0.122041066,0.833015528,0.044370984,0.000572422,1629854.054,1785268.138,0.912946363,9.621021631,0,0,0.0056,high_inflation,150,-0.05,300,145869.0642,149811.5584,254634.1139,IN,INR
M00618,P002,DB,12/31/2025,Retired,62,F,4,65,1345740.803,1192034.715,0.062517908,0.076813713,0.134311016,0.016552928,career_average,0.103189121,RP-2014,MI-2012,0.074008993,0.045169066,0.072312074,0.372262529,0.151271397,0.47383119,0.002634884,621456.5235,729570.6293,0.851811324,9.243652735,78926.65921,0,0.0101,baseline,0,0,0,0,96218.55854,163542.3037,IN,INR
M00619,P005,DB,12/31/2025,Active,48,M,10,66,517906.8844,463431.2234,0.057141681,0.049743287,0.035571255,0.013780398,final_average,0.065667377,IALM_2012-14_Ultimate,MP-2021,0.062368602,0.041401837,0.061643872,0.347622502,0.567411407,0.068951361,0.01601473,828350.1624,708438.4277,1.169262042,11.09315446,0,0,0.0059,high_inflation,150,-0.05,300,68233.44592,106086.129,180314.1743,IN,INR
M00620,P005,DB,12/31/2025,Active,48,M,17,60,242646.9177,213705.9027,0.065562997,0.079563011,0.116498819,0.024596531,final_average,0.055895831,RP-2010,None,0.072270914,0.056943518,0.093179217,0.531394333,0.210647795,0.036183172,0.2217747,898318.8197,934772.3844,0.961002737,10.46084025,0,0,0.0059,equity_down_20,0,-0.2,0,-95472.30603,158322.6083,269100.3118,IN,INR
M00621,P002,DB,12/31/2025,Active,43,F,7,64,1084871.452,987819.8005,0.047973442,0.026104033,0.094801002,0.010340566,career_average,0.036171432,RP-2014,MP-2021,0.071090699,0.046446104,0.089553983,0.404656654,0.389530912,0.176065136,0.029747298,1198412.698,1108311.822,1.081295601,15.50036321,0,0,0.0044,equity_down_20,0,-0.2,0,-96989.1344,171211.4307,291007.3922,IN,INR
M00622,P002,DB,12/31/2025,Active,56,M,16,60,1663850.438,1464869.87,0.065755591,0.012225304,0.129000003,0.018315401,final_average,0.085193483,VBT-2015,MP-2021,0.070390971,0.050752818,0.06213213,0.314350555,0.160425406,0.337634442,0.187589596,5821889.324,5653652.04,1.029757276,13.17023787,0,0,0.0083,baseline,0,0,0,0,722437.6826,1227924.475,IN,INR
M00623,P003,DC,12/31/2025,Active,55,F,11,64,855651.3828,754916.0685,0.064630965,0.057680231,0.079557612,,account_balance,0.031559492,IALM_2012-14_Ultimate,MP-2021,0.070694662,0.047773362,0.065818486,0.535592434,0.294299173,0.054943598,0.115164795,1618166.127,1618166.127,1,13.86088523,0,0,0.008,rate_down_100bps,-100,0,50,-200480.9021,289533.7481,492119.3676,IN,INR
M00624,P003,DC,12/31/2025,Active,38,M,16,66,748121.0496,681763.3501,0.047536373,0.099098488,0.153628004,,account_balance,0.072985457,IAM-2012,MP-2020,0.050016214,0.049307422,0.099981313,0.30345785,0.637558414,0.041527784,0.017455952,5908630.893,5908630.893,1,9.736076089,0,0,0.0029,equity_down_20,0,-0.2,0,-358604.0856,698984.9169,1188061.901,IN,INR
M00625,P004,Hybrid,12/31/2025,Active,31,F,13,63,913341.4805,835980.94,0.045245733,0.050074461,0.036212086,0.064548016,cash_balance,0.142222222,RP-2010,MP-2021,0.060745337,0.045518475,0.086030452,0.43502616,0.160314355,0.131920397,0.272739088,928301.6119,905741.3524,1.024908059,9.174660069,0,0,0.0008,equity_down_20,0,-0.2,0,-80767.09703,135903.4901,230994.6251,IN,INR
M00626,P003,DC,12/31/2025,Active,42,M,5,67,2020581.252,1773753.001,0.067312481,0.084379704,0.099173463,,account_balance,0.17161037,VBT-2015,MP-2021,0.067234681,0.046003264,0.092017232,0.468667786,0.425863189,0.040075757,0.065393269,2028610.924,2028610.924,1,12.9161737,0,0,0.0041,baseline,0,0,0,0,324613.0487,551743.5161,IN,INR
M00627,P003,DC,12/31/2025,Active,36,F,9,65,730107.722,651505.0042,0.058606589,0.053559062,0.125586737,,account_balance,0.018779688,IAM-2012,MP-2021,0.055090133,0.05556509,0.07554501,0.216235114,0.427446025,0.085230174,0.271088687,1457791.952,1457791.952,1,11.30118321,0,0,0.0023,baseline,0,0,0,0,123215.2906,209428.5425,IN,INR
M00628,P005,DB,12/31/2025,Active,43,F,8,67,1272669.266,1117586.248,0.067129814,0.013257287,0.032363271,0.014585737,career_average,0.135731128,RP-2014,MP-2021,0.079966578,0.03907975,0.080729867,0.219275895,0.624490664,0.155830784,0.000402657,1443616.007,1903637.605,0.758346023,14.5977144,0,0,0.0044,baseline,0,0,0,0,143998.955,244754.4548,IN,INR
M00629,P001,DB,12/31/2025,Active,56,M,7,65,585893.3476,519599.2432,0.061878991,0.039029688,0.03797246,0.013702604,career_average,0.090820357,IALM_2012-14_Ultimate,MP-2021,0.083875481,0.052091343,0.084795266,0.443947151,0.401156937,0.077360086,0.077535827,699623.144,678053.0888,1.03181175,13.60485852,0,0,0.0083,baseline,0,0,0,0,106415.52,180874.0388,IN,INR
M00630,P002,DB,12/31/2025,Active,39,F,12,61,598650.082,538499.6213,0.054371898,0.070693897,0.144874273,0.019662247,final_average,0.011832688,VBT-2015,MP-2021,0.082710888,0.038057261,0.092240823,0.574239859,0.240168646,0.161329634,0.024261861,2085283.139,2090830.82,0.997346662,16.4558037,0,0,0.0032,baseline,0,0,0,0,402567.0835,684241.6811,IN,INR
M00631,P004,Hybrid,12/31/2025,Active,44,F,29,62,1440166.63,1345362.005,0.034634111,0.09719901,0.071529275,0.100187903,cash_balance,0.020582946,VBT-2015,None,0.06838547,0.032121893,0.073556256,0.360431599,0.474061603,0.124333297,0.041173502,7693244.58,7408941.776,1.03837293,16.54686127,0,0,0.0047,high_inflation,150,-0.05,300,1426746.164,998754.4077,1697578.92,IN,INR
M00632,P006,DC,12/31/2025,Active,45,M,19,63,2054342.046,1893308.674,0.041659227,0.093125789,0.165628805,,account_balance,0.115555556,IALM_2012-14_Ultimate,MP-2021,0.077628075,0.057097098,0.086890512,0.451627741,0.362606306,0.152091894,0.033674058,20541311.69,20541311.69,1,13.83418648,0,0,0.005,baseline,0,0,0,0,3199451.067,5438094.337,IN,INR
M00633,P003,DC,12/31/2025,Deferred,52,M,20,62,1468939.033,1286022.336,0.068753696,0.088931787,0.158859181,,account_balance,0.0455252,VBT-2015,None,0.053075446,0.042319847,0.091026313,0.244932627,0.678971208,0.016427304,0.059668861,15230572.44,15230572.44,1,17.16130623,0,0,0.0071,rate_down_100bps,-100,0,50,-2096709.169,1597106.155,2714595.02,IN,INR
M00634,P003,DC,12/31/2025,Active,22,M,7,64,390731.832,359332.0897,0.042776884,0.077868535,0.069573111,,account_balance,0.089710854,VBT-2015,MP-2021,0.057975853,0.050495572,0.092205303,0.558059684,0.288384059,0.138511128,0.015045129,504985.8348,504985.8348,1,17.39557431,0,0,0.0005,baseline,0,0,0,0,94834.38152,161189.6235,IN,INR
M00635,P001,DB,12/31/2025,Active,38,F,20,64,815066.5882,762743.8008,0.033730195,0.024237646,0.135807029,0.018564267,final_average,0.111111111,RP-2014,MP-2021,0.05187757,0.052736605,0.079969646,0.30554382,0.486193235,0.018428918,0.189834027,3717029.953,3171585.377,1.171978525,11.19927513,0,0,0.0029,equity_down_20,0,-0.2,0,-227143.1065,414425.036,704396.5961,IN,INR
M00636,P003,DC,12/31/2025,Active,46,M,24,67,1096367.05,978896.1739,0.058302134,0.110965581,0.077431334,,account_balance,0.093333333,RP-2010,MP-2021,0.088617609,0.053910306,0.078934553,0.20789643,0.269328274,0.514571004,0.008204291,11014451.55,11014451.55,1,17.79746491,0,0,0.0053,baseline,0,0,0,0,1380224.718,2345962.499,IN,INR
M00637,P003,DC,12/31/2025,Active,56,M,6,63,1011361.853,901196.0678,0.05936017,0.059611842,0.159693544,,account_balance,0.102428748,IAM-2012,None,0.072972502,0.036789684,0.064181313,0.208260304,0.729368551,0.056326774,0.00604437,1429113.497,1429113.497,1,17.87334899,0,0,0.0083,equity_down_20,0,-0.2,0,-59525.52243,142916.1831,242914.0718,IN,INR
M00638,P002,DB,12/31/2025,Active,39,M,13,65,415046.5763,382689.3872,0.041418309,0.023056688,0.048176387,0.011189454,career_average,0.037767701,IALM_2012-14_Ultimate,MP-2021,0.057009601,0.049670201,0.079909002,0.362831441,0.609738845,0.02343265,0.003997063,599427.1013,533551.6748,1.123465879,9.584684412,0,0,0.0032,baseline,0,0,0,0,80181.62809,136284.3964,IN,INR
M00639,P002,DB,12/31/2025,Active,25,M,14,67,549224.1863,505931.6435,0.041906879,0.022756266,0.106711507,0.016529365,final_average,0.040751829,IAM-2012,None,0.078301818,0.052807321,0.088077337,0.071014535,0.661050081,0.114814824,0.15312056,1002308.883,1056196.245,0.948979782,9.021288692,0,0,0.0005,baseline,0,0,0,0,73126.53471,124292.8821,IN,INR
M00640,P003,DC,12/31/2025,Active,50,F,9,66,686394.4882,624058.2126,0.048755719,0.101696082,0.072501369,,account_balance,0.095094752,IALM_2012-14_Ultimate,MP-2020,0.069565152,0.033593597,0.096823519,0.271494633,0.573450394,0.08534633,0.069708643,1482944.179,1482944.179,1,9.527387475,0,0,0.0065,rate_down_100bps,-100,0,50,-98766.09183,158799.9221,269911.6002,IN,INR
M00641,P001,DB,12/31/2025,Active,38,F,11,62,955106.5119,898757.8385,0.030871558,0.096264166,0.041849606,0.010150482,career_average,0.151111111,IALM_2012-14_Ultimate,MI-2012,0.067370305,0.034239134,0.065007983,0.339104786,0.275700224,0.131996472,0.253198519,1240914.897,1218959.965,1.0180112,12.14695444,0,0,0.0029,rate_up_100bps,100,0,-50,130960.4859,146215.3528,248521.6574,IN,INR
M00642,P002,DB,12/31/2025,Active,32,M,14,64,412371.6295,365922.5011,0.06157292,0.032361297,0.111304958,0.010823182,career_average,0.117514272,VBT-2015,MI-2012,0.086538127,0.040917019,0.098755412,0.599913629,0.380827469,0.004653938,0.014604963,773548.0511,902246.6252,0.857357655,16.27245797,0,0,0.0011,baseline,0,0,0,0,155422.1032,264170.3347,IN,INR
M00643,P002,DB,12/31/2025,Active,38,M,9,63,1289933.557,1186485.119,0.042683551,0.068799202,0.097543201,0.021420103,final_average,0.039956558,RP-2014,None,0.078328243,0.039050098,0.069362895,0.423164201,0.396623161,0.129567594,0.050645044,2326297.227,3097269.527,0.75108001,13.54105934,0,0,0.0029,rate_down_100bps,-100,0,50,-373269.9366,341655.5081,580710.517,IN,INR
M00644,P002,DB,12/31/2025,Active,42,F,18,63,944261.0252,833846.1691,0.064150524,0.025808046,0.133568088,0.017159487,career_average,0.050360598,IALM_2012-14_Ultimate,MP-2021,0.077626348,0.053917034,0.067034637,0.204988571,0.642326436,0.070191001,0.082493992,2449965.913,3004692.178,0.815380002,11.66640992,0,0,0.0041,baseline,0,0,0,0,229322.5809,389778.6846,IN,INR
M00645,P001,DB,12/31/2025,Active,38,M,4,63,615726.6964,545824.3421,0.062105217,0.092795225,0.103102055,0.018890318,final_average,0.182222222,IAM-2012,MP-2021,0.053892348,0.049280964,0.064580707,0.52153722,0.23140087,0.113953222,0.133108688,306434.5978,391605.7749,0.782507862,9.495043052,0,0,0.0029,baseline,0,0,0,0,53493.76653,90923.1436,IN,INR
M00646,P006,DC,12/31/2025,Active,22,M,8,66,1074229.424,962485.3972,0.056456081,0.100084303,0.099714349,,account_balance,0.06748571,RP-2010,MP-2021,0.053681147,0.044939207,0.099605458,0.415867395,0.382711669,0.201336766,8.42E-05,2249180.121,2249180.121,1,12.56261279,0,0,0.0005,baseline,0,0,0,0,331525.1691,563492.0199,IN,INR
M00647,P004,Hybrid,12/31/2025,Active,53,M,16,64,515034.8509,473447.8721,0.042994995,0.080267685,0.082890207,0.099491248,cash_balance,0.077213418,IAM-2012,MP-2020,0.076577332,0.033192166,0.082440741,0.262488587,0.501793402,0.20336325,0.032354761,1158935.235,1117081.685,1.037466866,9.325467134,0,0,0.0074,high_inflation,150,-0.05,300,97433.31038,124403.8778,211448.7795,IN,INR
M00648,P004,Hybrid,12/31/2025,Deferred,57,M,27,64,961799.6147,871297.0988,0.050652662,0.004935404,0.085534448,0.07263783,cash_balance,0.048998633,RP-2014,MP-2020,0.056259621,0.033377017,0.070823999,0.532094839,0.432341395,0.019623404,0.015940363,2508295.081,2796591.265,0.896911577,10.55451238,0,0,0.0086,high_inflation,150,-0.05,300,294684.3292,452062.041,768368.0649,IN,INR
M00649,P005,DB,12/31/2025,Active,51,M,19,68,437869.9074,398835.6517,0.04779317,0.059850597,0.144525747,0.014990596,final_average,0.115555556,RP-2010,MP-2021,0.068130139,0.045510463,0.072701368,0.372708534,0.49911892,0.025481683,0.102690863,1536826.582,1920754.535,0.800116076,16.90851244,0,0,0.0068,rate_down_100bps,-100,0,50,-286418.0583,203250.4038,345463.9082,IN,INR
M00650,P003,DC,12/31/2025,Active,33,F,11,61,467589.8359,429372.4216,0.043555275,0.099117723,0.137023293,,account_balance,0.125806492,VBT-2015,None,0.072792203,0.056486304,0.098010847,0.137039584,0.581269351,0.256934294,0.024756771,1865240.027,1865240.027,1,15.85463036,0,0,0.0014,rate_up_100bps,100,0,-50,241516.5687,165752.3629,281728.6363,IN,INR
M00651,P001,DB,12/31/2025,Active,42,M,10,64,802654.0842,709097.6126,0.063925452,0.029299691,0.083546258,0.016363565,final_average,0.093166727,IAM-2012,MP-2021,0.065523624,0.053252196,0.095998739,0.435731753,0.492644513,0.068326799,0.003296934,1830423.697,2084130.235,0.878267426,17.96142973,0,0,0.0041,baseline,0,0,0,0,278182.7691,472826.1535,IN,INR
M00652,P003,DC,12/31/2025,Active,44,F,9,65,713316.0551,647812.4773,0.049340283,0.110707544,0.101460906,,account_balance,0.033480822,IAM-2012,MP-2020,0.053406185,0.056447058,0.073999343,0.32220959,0.265123301,0.412282666,0.000384443,1705653.04,1705653.04,1,17.04980414,0,0,0.0047,rate_up_100bps,100,0,-50,268200.0846,232280.1018,394805.5713,IN,INR
M00653,P004,Hybrid,12/31/2025,Active,50,M,9,62,1170486.353,1035255.239,0.063308924,0.05800248,0.081961277,0.116042391,cash_balance,0.028290281,IALM_2012-14_Ultimate,MP-2020,0.079734033,0.046954409,0.062543418,0.384136317,0.405594426,0.208629049,0.001640208,1474511.719,1360996.434,1.083406012,16.70145629,0,0,0.0065,baseline,0,0,0,0,204690.5063,347911.6447,IN,INR
M00654,P005,DB,12/31/2025,Active,51,M,3,64,976377.3725,912853.9512,0.034208739,0.070648564,0.063985875,0.01748765,career_average,0.071710109,IALM_2012-14_Ultimate,None,0.085401279,0.0366413,0.093340896,0.416493069,0.289624854,0.075442697,0.21843938,442357.0502,506337.2227,0.873641183,10.57269853,0,0,0.0068,baseline,0,0,0,0,62289.21024,105872.7245,IN,INR
M00655,P003,DC,12/31/2025,Active,37,F,26,62,2533666.51,2362277.901,0.035640992,0.082990335,0.14346571,,account_balance,0.008722258,RP-2010,MP-2020,0.056467333,0.030954221,0.096576885,0.341308051,0.499715151,0.156148662,0.002828136,46110134.1,46110134.1,1,14.83492539,0,0,0.0026,high_inflation,150,-0.05,300,7745573.036,5831041.015,9910997.373,IN,INR
M00656,P001,DB,12/31/2025,Active,45,M,10,66,873861.5238,764560.3968,0.069092812,0.056740158,0.058038726,0.011036453,flat,0.068528849,VBT-2015,MI-2012,0.084164144,0.058208225,0.093501333,0.394934678,0.427400749,0.16427339,0.013391183,1270907.051,1215482.884,1.045598476,14.40480986,0,0,0.005,baseline,0,0,0,0,178442.9563,303298.7877,IN,INR
M00657,P002,DB,12/31/2025,Active,49,M,6,63,223075.4423,200989.7126,0.053510739,0.017045953,0.071268384,0.019280054,final_average,0.109377887,IALM_2012-14_Ultimate,MI-2012,0.081547838,0.044256832,0.096519171,0.483811117,0.419135688,0.021487737,0.075565457,451545.3596,401332.0989,1.125116483,17.26118347,0,0,0.0062,rate_down_100bps,-100,0,50,-59811.73116,74288.78087,126268.3473,IN,INR
M00658,P003,DC,12/31/2025,Active,59,M,13,63,394173.8891,357261.3579,0.050390787,0.083571124,0.060149145,,account_balance,0.113261336,IAM-2012,MP-2020,0.072554411,0.05577052,0.083036081,0.151834007,0.588849367,0.057617212,0.201699413,1121053.75,1121053.75,1,16.02916699,0,0,0.0092,baseline,0,0,0,0,86934.64937,147762.48,IN,INR
M00659,P004,Hybrid,12/31/2025,Active,51,M,7,64,574780.2102,520424.0201,0.050926243,0.062311949,0.090626946,0.111679409,cash_balance,0.040680386,RP-2010,MP-2021,0.073844013,0.051989432,0.093586354,0.201272871,0.686373892,0.109074775,0.003278461,507918.4692,480423.9108,1.057229788,15.97262035,0,0,0.0068,rate_down_100bps,-100,0,50,-59305.18853,49343.76957,83869.41017,IN,INR
M00660,P003,DC,12/31/2025,Active,52,F,17,62,4515572.277,4186076.594,0.038610751,0.076099604,0.134790663,,account_balance,0.044727243,IALM_2012-14_Ultimate,MP-2021,0.076062724,0.05496501,0.097756476,0.326371128,0.569371492,0.068379393,0.035877987,33159936.9,33159936.9,1,11.92264099,0,0,0.0071,high_inflation,150,-0.05,300,3973163.839,4043646.341,6872969.708,IN,INR
M00661,P002,DB,12/31/2025,Active,45,M,6,63,968471.7456,863975.8826,0.058748158,0.044088023,0.076143206,0.018570191,final_average,0.053845238,IALM_2012-14_Ultimate,None,0.070990459,0.036319602,0.095596129,0.364907082,0.511438133,0.071180014,0.052474771,1144338.636,974177.8098,1.17467122,10.11973159,0,0,0.005,high_inflation,150,-0.05,300,83103.02464,149901.2147,254786.5022,IN,INR
M00662,P006,DC,12/31/2025,Active,58,F,16,63,1621462.714,1518369.347,0.033391225,0.113418065,0.112176385,,account_balance,0.128888889,RP-2014,MP-2020,0.083773709,0.050383278,0.083487046,0.381769095,0.37112175,0.196496957,0.050612198,10409158.15,10409158.15,1,12.32150085,0,0,0.0089,rate_up_100bps,100,0,-50,1089411.26,1420491.537,2414403.852,IN,INR
M00663,P004,Hybrid,12/31/2025,Active,48,M,9,63,1549192.052,1397345.589,0.052932949,0.064833632,0.138484289,0.059410737,cash_balance,0.019707002,RP-2010,MP-2021,0.068963947,0.051680879,0.089861241,0.327886395,0.423088736,0.096820205,0.152204664,858437.8746,912642.0064,0.940607455,10.87588995,0,0,0.0059,high_inflation,150,-0.05,300,107573.7508,100669.1303,171106.9231,IN,INR
M00664,P002,DB,12/31/2025,Active,35,M,12,64,556761.1668,502286.8554,0.052830752,0.047011977,0.07898374,0.017030933,final_average,0.085658306,RP-2010,MP-2021,0.071882107,0.046578522,0.088852118,0.542788153,0.382729007,0.029845356,0.044637485,1547643.643,1596182.114,0.969590894,15.54930394,0,0,0.002,baseline,0,0,0,0,282639.2176,480400.7614,IN,INR
M00665,P001,DB,12/31/2025,Active,58,F,17,64,439368.5437,386235.5446,0.066567537,0.096345866,0.147646945,0.023534883,final_average,0.020390326,VBT-2015,MP-2021,0.051470616,0.055056904,0.092118585,0.291872661,0.409709808,0.284884052,0.013533479,1739155.044,2029576.304,0.856905474,13.13385403,0,0,0.0089,baseline,0,0,0,0,205917.8931,349997.8293,IN,INR
M00666,P001,DB,12/31/2025,Active,51,F,7,64,1314597.395,1190003.491,0.051047312,0.035238276,0.071704653,0.024637913,final_average,0.13043116,IALM_2012-14_Ultimate,MP-2021,0.057202787,0.05964621,0.06915399,0.520070297,0.180006279,0.292856082,0.007067342,1773577.689,2276133.682,0.779206293,11.09040909,0,0,0.0068,rate_down_100bps,-100,0,50,-236469.7807,321863.6412,547070.3592,IN,INR
M00667,P002,DB,12/31/2025,Active,40,M,16,65,362505.8213,338087.7626,0.035482508,0.074028434,0.130362726,0.024292722,final_average,0.07234489,RP-2010,MP-2021,0.086151119,0.030316135,0.060087124,0.255343204,0.484373666,0.217918439,0.042364691,2333785.467,1960868.559,1.190179452,14.92185672,0,0,0.0035,equity_down_20,0,-0.2,0,-119183.2515,246916.9345,419683.7378,IN,INR
M00668,P001,DB,12/31/2025,Active,39,M,3,63,1528728.056,1378947.169,0.05291013,0.025729257,0.060766238,0.021131788,final_average,0.099790682,VBT-2015,MP-2020,0.054862884,0.043649856,0.080395984,0.076815282,0.535866646,0.369445522,0.017872551,958886.9577,841132.6368,1.139994949,9.621867084,0,0,0.0032,equity_down_20,0,-0.2,0,-14731.43433,89719.75258,152496.3089,IN,INR
M00669,P002,DB,12/31/2025,Active,47,M,23,61,934087.2279,874254.3585,0.033653106,0.050875309,0.039138347,0.02050475,final_average,0.061671003,IALM_2012-14_Ultimate,MP-2021,0.086161979,0.052616941,0.090622034,0.073460752,0.344296406,0.176116997,0.406125845,6346345.139,7116623.31,0.891763532,17.26051931,0,0,0.0056,baseline,0,0,0,0,347149.8963,590049.307,IN,INR
M00670,P002,DB,12/31/2025,Active,49,F,18,65,1299154.734,1205422.23,0.038151753,0.055256975,0.033808003,0.011115841,career_average,0.076599144,IAM-2012,MI-2012,0.075436973,0.051769664,0.065004897,0.244137715,0.627882343,0.113601033,0.014378909,3787311.6,3426018.415,1.105455704,14.20481758,0,0,0.0062,baseline,0,0,0,0,393497.2888,668825.787,IN,INR
M00671,P001,DB,12/31/2025,Active,46,F,10,66,1128668.314,1061312.243,0.031244343,0.032910928,0.102740211,0.015951713,final_average,0.073405954,RP-2014,MP-2020,0.086804949,0.044035402,0.081311489,0.410147025,0.356718785,0.224852534,0.008281656,2500703.067,2226075.23,1.123368623,13.14889752,0,0,0.0053,high_inflation,150,-0.05,300,320870.1478,365976.0204,622047.9957,IN,INR
M00672,P006,DC,12/31/2025,Active,47,F,20,62,1156111.555,1047565.971,0.050531743,0.061188192,0.157366347,,account_balance,0.003552707,VBT-2015,None,0.082572235,0.055264656,0.072576359,0.284743303,0.502856948,0.024160561,0.188239188,9226848.987,9226848.987,1,11.2419526,0,0,0.0056,baseline,0,0,0,0,979599.0936,1665020.709,IN,INR
M00673,P001,DB,12/31/2025,Retired,61,M,19,63,1032010.03,966412.8981,0.033381305,0.027927864,0.083222386,0.013438396,final_average,0.10311439,RP-2014,MP-2021,0.084611338,0.050251357,0.09352961,0.239558124,0.47310004,0.2579171,0.029424737,2957304.971,3437537.24,0.860297581,13.9310438,246753.7457,0,0.0098,baseline,0,0,0,0,309946.3919,526814.6575,IN,INR
M00674,P003,DC,12/31/2025,Active,55,F,10,64,1117629.843,1016091.212,0.048775775,0.063578582,0.132055898,,account_balance,0.075423419,IAM-2012,MP-2020,0.070975316,0.046450755,0.064010161,0.374429541,0.482312281,0.094034769,0.049223409,2710859.261,2710859.261,1,11.58451285,0,0,0.008,baseline,0,0,0,0,361536.54,614502.2285,IN,INR
M00675,P003,DC,12/31/2025,Active,46,M,10,64,1005241.386,882435.2629,0.067317801,0.060945725,0.147793538,,account_balance,0.104742543,RP-2010,MP-2021,0.083011932,0.038186604,0.093915762,0.60577732,0.358740717,0.017673444,0.017808519,2885402.482,2885402.482,1,12.55074885,0,0,0.0053,equity_down_20,0,-0.2,0,-349582.2766,584155.0397,992886.0128,IN,INR
M00676,P006,DC,12/31/2025,Active,53,M,6,65,529975.9735,472755.0156,0.058790457,0.091016914,0.066790902,,account_balance,0.067365498,IALM_2012-14_Ultimate,None,0.06842111,0.041020309,0.084430688,0.334863563,0.259384535,0.072990456,0.332761446,570849.0744,570849.0744,1,16.99690952,0,0,0.0074,high_inflation,150,-0.05,300,124877.0166,65162.96874,110757.2405,IN,INR
M00677,P001,DB,12/31/2025,Active,34,M,11,60,824690.6661,772697.1787,0.033096467,0.077096302,0.131440342,0.011710613,career_average,0.03410595,RP-2010,MP-2021,0.051766917,0.059671653,0.096777787,0.22137835,0.586901044,0.167513757,0.024206848,1251815.454,1069745.491,1.170199328,10.74728651,0,0,0.0017,baseline,0,0,0,0,123631.3849,210135.7764,IN,INR
M00678,P003,DC,12/31/2025,Active,48,F,4,65,2614012.191,2421602.952,0.038968392,0.094859499,0.150640797,,account_balance,0.081141649,RP-2014,None,0.076054331,0.057183644,0.097425067,0.096975287,0.752650691,0.105892579,0.044481443,2863945.181,2863945.181,1,12.13230327,0,0,0.0059,rate_down_100bps,-100,0,50,-239684.9987,239167.7527,406512.4842,IN,INR
M00679,P006,DC,12/31/2025,Retired,62,F,16,61,1134102.483,1015187.576,0.056946497,0.114131953,0.119611458,,account_balance,0.027629403,RP-2010,MI-2012,0.079138129,0.05086942,0.092355095,0.489304232,0.353205564,0.140547019,0.016943185,7696909.204,7696909.204,1,14.90258062,513127.2803,0,0.0101,high_inflation,150,-0.05,300,1328356.3,1285638.104,2185194.005,IN,INR
M00680,P006,DC,12/31/2025,Active,42,M,16,64,1646401.085,1449418.936,0.065788074,0.102730581,0.131226011,,account_balance,0.128888889,RP-2010,MP-2021,0.054061949,0.055767202,0.081204406,0.234344739,0.61438481,0.114106751,0.0371637,10132384.32,10132384.32,1,15.5229806,0,0,0.0041,baseline,0,0,0,0,1019764.862,1733290.307,IN,INR
M00681,P005,DB,12/31/2025,Active,36,M,3,66,632594.9413,594759.7599,0.031316743,0.02370629,0.077804398,0.016895434,career_average,0.110740747,VBT-2015,MP-2021,0.082636278,0.034079375,0.06570236,0.267882864,0.363409746,0.009852089,0.358855301,270495.1129,302494.4335,0.894215175,10.03425671,0,0,0.0023,rate_down_100bps,-100,0,50,-25438.03997,25793.22193,43840.63739,IN,INR
M00682,P002,DB,12/31/2025,Active,37,F,22,64,627658.3786,555990.0905,0.062498045,0.077921928,0.050056603,0.010954937,career_average,0.076150442,VBT-2015,MP-2020,0.053006951,0.038027289,0.069016955,0.328256368,0.397685198,0.262834935,0.011223499,2348120.322,2335074.218,1.005587019,17.42613563,0,0,0.0026,rate_up_100bps,100,0,-50,360222.5654,296047.9409,503191.5154,IN,INR
M00683,P001,DB,12/31/2025,Active,33,M,7,62,572888.5126,517188.1367,0.052472555,0.060598627,0.139961502,0.017117173,final_average,0.064717102,IAM-2012,None,0.067664565,0.056554682,0.076710075,0.576006602,0.259745315,0.070175327,0.094072756,635226.4687,572825.6812,1.108935038,9.243657565,0,0,0.0014,rate_up_100bps,100,0,-50,44700.18945,121798.1574,207019.8468,IN,INR
M00684,P004,Hybrid,12/31/2025,Active,36,M,42,68,540745.4634,488754.2009,0.051843653,0.020577052,0.137614043,0.074035966,cash_balance,0.055594969,VBT-2015,MP-2020,0.069516949,0.044125864,0.089160857,0.123616822,0.569898137,0.174187237,0.132297804,3884478.903,3894125.432,0.9975228,9.602081742,0,0,0.0023,baseline,0,0,0,0,301016.3331,511636.2719,IN,INR
M00685,P006,DC,12/31/2025,Active,40,F,12,66,474454.3455,415717.0019,0.068312527,0.112431459,0.158741869,,account_balance,0.05484773,VBT-2015,MP-2021,0.051470276,0.047728239,0.081794169,0.523040725,0.115908117,0.265965486,0.095085672,2168172.446,2168172.446,1,15.85888082,0,0,0.0035,rate_up_100bps,100,0,-50,331282.4448,390881.2856,664379.3766,IN,INR
M00686,P003,DC,12/31/2025,Active,30,F,22,65,1093557.337,973435.172,0.059905785,0.076150599,0.162058823,,account_balance,0.093764091,VBT-2015,None,0.052632182,0.056509965,0.077532084,0.299047665,0.59333568,0.105646152,0.001970504,11599011.1,11599011.1,1,15.94327446,0,0,0.0005,equity_down_20,0,-0.2,0,-693731.436,1349897.048,2294414.679,IN,INR
M00687,P003,DC,12/31/2025,Active,44,M,6,63,838929.1399,741034.0131,0.064004755,0.040725048,0.13699734,,account_balance,0.016037173,VBT-2015,MP-2021,0.068025767,0.042120271,0.079101374,0.298367075,0.59862968,0.025773339,0.077229906,992929.1683,992929.1683,1,14.99480632,0,0,0.0047,baseline,0,0,0,0,113881.8111,193564.4644,IN,INR
M00688,P002,DB,12/31/2025,Active,53,M,9,62,1460037.528,1339152.579,0.044159823,0.033415773,0.079794448,0.024082619,final_average,0.098909262,IAM-2012,MP-2021,0.062450308,0.044454305,0.089659463,0.469558301,0.495076753,0.024635071,0.010729875,3445384.331,3974988.514,0.866765858,13.69492296,0,0,0.0074,high_inflation,150,-0.05,300,607737.2547,558501.9451,949283.5492,IN,INR
M00689,P005,DB,12/31/2025,Active,35,M,7,67,856253.3507,773440.1067,0.052174562,0.066435869,0.084515855,0.01107079,career_average,0.057308457,VBT-2015,MP-2021,0.082636311,0.033365291,0.061374257,0.203145752,0.350300968,0.29744103,0.14911225,813132.6475,695146.8512,1.169727873,11.59773566,0,0,0.002,high_inflation,150,-0.05,300,91309.63273,77635.10391,131956.0793,IN,INR
M00690,P002,DB,12/31/2025,Active,59,M,4,64,333881.7255,300195.2046,0.054616227,0.056111239,0.129599927,0.0161369,final_average,0.094541463,VBT-2015,MI-2012,0.066554192,0.059742395,0.077705237,0.326634647,0.590190148,0.083148769,2.64E-05,241156.571,320878.2494,0.751551629,16.55985122,0,0,0.0092,baseline,0,0,0,0,29742.46352,50553.14771,IN,INR
M00691,P002,DB,12/31/2025,Active,49,F,4,66,1202156.47,1105366.203,0.042863358,0.046087021,0.051284013,0.014846203,flat,0.128177892,RP-2014,MP-2020,0.054221083,0.059201248,0.082908126,0.277108641,0.504859294,0.15945586,0.058576205,989732.3465,1003586.544,0.986195313,15.28879536,0,0,0.0062,baseline,0,0,0,0,107450.6328,182633.416,IN,INR
M00692,P003,DC,12/31/2025,Active,54,M,10,63,394870.7957,356250.1649,0.052809925,0.081393135,0.081523163,,account_balance,0.087601369,VBT-2015,MP-2020,0.056315141,0.038896127,0.083548534,0.460023979,0.389440554,0.124742753,0.025792714,866884.9273,866884.9273,1,17.71245683,0,0,0.0077,baseline,0,0,0,0,137039.6163,232925.6943,IN,INR
M00693,P003,DC,12/31/2025,Active,37,F,13,63,1084335.003,1003558.562,0.039466215,0.09481686,0.088393121,,account_balance,0.082565602,IAM-2012,MP-2021,0.076938922,0.0555743,0.084747484,0.293502467,0.450664407,0.251942752,0.003890373,4055752.43,4055752.43,1,13.08884895,0,0,0.0026,baseline,0,0,0,0,476032.4727,809110.5129,IN,INR
M00694,P002,DB,12/31/2025,Active,53,M,5,68,695849.7983,648661.5843,0.035735027,0.074141989,0.124581484,0.016577471,final_average,0.078126564,IAM-2012,None,0.088002612,0.052112024,0.062137976,0.405795544,0.525255606,0.042317719,0.026631131,548012.4604,711577.4547,0.77013747,13.23474972,0,0,0.0074,rate_down_100bps,-100,0,50,-79783.16432,78619.621,133629.4592,IN,INR
M00695,P001,DB,12/31/2025,Active,33,M,8,64,1093210.694,1001164.697,0.04495881,0.015906384,0.074718186,0.018230991,final_average,0.103368613,RP-2010,MP-2021,0.084783892,0.03439763,0.082317916,0.223341428,0.546074739,0.022880146,0.207703687,2459298.073,2354171.596,1.044655401,16.12249757,0,0,0.0014,baseline,0,0,0,0,224541.2384,381651.8557,IN,INR
M00696,P004,Hybrid,12/31/2025,Active,53,M,7,62,514202.0956,458008.1814,0.059571585,0.061573383,0.072980185,0.064917061,cash_balance,0.066659704,VBT-2015,MP-2021,0.055179773,0.030716785,0.082021976,0.605052224,0.350845281,0.037606333,0.006496162,203030.2493,235916.6143,0.860601742,17.93743916,0,0,0.0074,baseline,0,0,0,0,41050.28635,69773.0095,IN,INR
M00697,P002,DB,12/31/2025,Active,46,F,10,62,1397571.277,1228378.307,0.066647486,0.087062356,0.149857961,0.012673029,career_average,0.068681114,IALM_2012-14_Ultimate,MI-2012,0.050654725,0.030422224,0.094194154,0.126284839,0.840673053,0.006432936,0.026609172,2060505.177,2656969.164,0.775509632,17.0676584,0,0,0.0053,baseline,0,0,0,0,191225.2339,325024.7745,IN,INR
M00698,P004,Hybrid,12/31/2025,Active,50,M,15,64,1001414.693,911246.1222,0.048308562,0.045790179,0.076056737,0.095760155,cash_balance,0.133333333,RP-2010,MP-2021,0.051057551,0.031971661,0.090403084,0.439060711,0.408465727,0.137629621,0.014843941,1634128.796,1678975.176,0.973289432,11.67730793,0,0,0.0065,equity_down_20,0,-0.2,0,-143496.3503,249061.7799,423329.3231,IN,INR
M00699,P001,DB,12/31/2025,Active,32,M,11,60,843325.7791,756665.0602,0.055712948,0.072429451,0.059732464,0.021102729,final_average,0.023547155,IAM-2012,None,0.072193937,0.048821755,0.061249067,0.296844596,0.690612713,0.007399528,0.005143163,3272118.848,3088282.447,1.059527069,17.58255698,0,0,0.0011,baseline,0,0,0,0,389729.0151,662420.8671,IN,INR
M00700,P003,DC,12/31/2025,Active,35,M,7,64,459255.6308,429448.774,0.034121485,0.07592234,0.116749314,,account_balance,0.096205467,RP-2010,MP-2021,0.069435906,0.044765104,0.082236615,0.196335479,0.753455416,0.034531891,0.015677214,763756.6625,763756.6625,1,10.78171607,0,0,0.002,rate_up_100bps,100,0,-50,53573.24513,75412.12295,128177.6874,IN,INR
M00701,P003,DC,12/31/2025,Active,50,M,18,63,2223828.19,1956326.551,0.06617855,0.053082097,0.152230915,,account_balance,0.116035519,IALM_2012-14_Ultimate,MP-2021,0.050535864,0.059902667,0.087637764,0.74975391,0.026954788,0.206856853,0.016434448,15398869.32,15398869.32,1,12.79301299,0,0,0.0065,baseline,0,0,0,0,3850337.632,6544403.659,IN,INR
M00702,P001,DB,12/31/2025,Active,35,M,13,65,654707.1255,590746.8013,0.052744169,0.07058269,0.03835294,0.014070502,career_average,0.142222222,RP-2014,MP-2021,0.052284909,0.038596129,0.083205729,0.210194406,0.292594236,0.356190111,0.141021247,1723941.229,1835079.599,0.939436758,16.98245929,0,0,0.002,baseline,0,0,0,0,177200.8523,301187.5885,IN,INR
M00703,P002,DB,12/31/2025,Active,49,M,11,63,1108283.911,984114.1396,0.06121353,0.091984102,0.104267068,0.013687725,career_average,0.04450778,IALM_2012-14_Ultimate,MI-2012,0.089990178,0.051770993,0.087054769,0.14363707,0.354462022,0.241840552,0.260060356,2034061.98,1751556.312,1.161288373,11.82101213,0,0,0.0062,high_inflation,150,-0.05,300,241894.3619,154300.8442,262264.5353,IN,INR
M00704,P001,DB,12/31/2025,Active,30,M,5,68,642424.4331,569842.5736,0.061777648,0.057637061,0.034288255,0.014367381,final_average,0.028476191,RP-2010,MP-2021,0.088597649,0.041613056,0.064666239,0.374208342,0.524202128,0.091879008,0.009710522,581473.111,498191.836,1.167167081,12.17009846,0,0,0.0005,rate_up_100bps,100,0,-50,45389.96484,78365.36782,133197.306,IN,INR
M00705,P001,DB,12/31/2025,Active,52,M,17,62,5389000.498,4979951.067,0.040259221,0.018612224,0.093159882,0.012821976,final_average,0.124444444,VBT-2015,MP-2021,0.055068989,0.032949605,0.066769675,0.212587338,0.510185641,0.166427834,0.110799187,18550779.65,19487827.38,0.951916255,17.95289395,0,0,0.0071,baseline,0,0,0,0,1711309.86,2908706.608,IN,INR
M00706,P006,DC,12/31/2025,Active,32,M,13,64,1053090.378,953064.3532,0.051166978,0.077685398,0.094546893,,account_balance,0.142222222,RP-2014,None,0.056563996,0.056314367,0.083309489,0.300222956,0.365199705,0.025775068,0.30880227,3589812.088,3589812.088,1,13.05918248,0,0,0.0011,rate_down_100bps,-100,0,50,-403250.1955,378331.5289,643048.6047,IN,INR
M00707,P002,DB,12/31/2025,Active,50,M,14,61,746678.8809,654109.5776,0.06841919,0.025973533,0.066797004,0.012939122,career_average,0.081391642,IALM_2012-14_Ultimate,MI-2012,0.086006514,0.042000059,0.092027423,0.078762557,0.352179272,0.313808041,0.255250131,2120392.367,2076792.252,1.020993971,17.52708567,0,0,0.0065,baseline,0,0,0,0,160571.8507,272923.3401,IN,INR
M00708,P005,DB,12/31/2025,Active,50,M,9,65,1293149.74,1210475.768,0.033585382,0.010351327,0.086051516,0.022659456,final_average,0.16,VBT-2015,MP-2021,0.070297576,0.057507603,0.061039558,0.36833895,0.335526388,0.113885053,0.182249609,3369996.118,2830548.51,1.190580591,11.46627945,0,0,0.0065,baseline,0,0,0,0,430206.4113,731220.1374,IN,INR
M00709,P002,DB,12/31/2025,Active,37,M,8,68,1379908.58,1234342.779,0.057321996,0.051339407,0.141252895,0.013617794,career_average,0.066773111,IALM_2012-14_Ultimate,MP-2021,0.088319035,0.058107822,0.07744961,0.189394702,0.618233035,0.022791702,0.169580562,2033950.932,1816375.251,1.119785645,13.50744012,0,0,0.0026,high_inflation,150,-0.05,300,254448.5482,177712.5929,302057.3919,IN,INR
M00710,P004,Hybrid,12/31/2025,Deferred,50,M,26,66,1175929.576,1030006.42,0.068490563,0.006970468,0.115280077,0.067319773,cash_balance,0.0610894,IAM-2012,MP-2020,0.07081359,0.054604337,0.09968215,0.065043814,0.318551633,0.52336901,0.093035544,2882185.527,3261941.511,0.883579769,12.44468849,0,0,0.0065,high_inflation,150,-0.05,300,530674.9047,317333.7485,539370.9184,IN,INR
M00711,P005,DB,12/31/2025,Active,47,F,8,64,851212.5577,783940.9335,0.042023084,0.022340462,0.142421472,0.017958864,final_average,0.152010229,VBT-2015,None,0.073088963,0.030830362,0.090629831,0.334090578,0.237801934,0.261966614,0.166140874,1239919.209,1585551.822,0.782011153,14.07758761,0,0,0.0056,baseline,0,0,0,0,153439.6657,260800.7936,IN,INR
M00712,P004,Hybrid,12/31/2025,Active,39,M,5,64,1200475.43,1059488.587,0.064457917,0.043991044,0.109196521,0.111967202,cash_balance,0.131660944,IAM-2012,MP-2021,0.058805436,0.058980791,0.07800746,0.558024521,0.167271023,0.129398235,0.145306221,647406.3533,652405.1543,0.992337889,17.0856653,0,0,0.0032,equity_down_20,0,-0.2,0,-72253.7241,120487.2632,204791.7251,IN,INR
M00713,P003,DC,12/31/2025,Active,34,M,12,66,918131.8628,805924.5029,0.067346302,0.099886858,0.162379487,,account_balance,0.051703292,RP-2014,None,0.085043036,0.033724932,0.063921617,0.225312083,0.61575662,0.120601279,0.038330018,3678544.117,3678544.117,1,17.91791062,0,0,0.0017,baseline,0,0,0,0,363333.1143,617555.8586,IN,INR
M00714,P003,DC,12/31/2025,Active,24,M,10,67,973465.8885,866571.7314,0.059883448,0.052048022,0.135270335,,account_balance,0.155555556,RP-2014,MP-2020,0.083000104,0.05793928,0.074367303,0.506442406,0.439826337,0.052841441,0.000889817,2323532.595,2323532.595,1,13.50959514,0,0,0.0005,baseline,0,0,0,0,400803.5238,681244.1656,IN,INR
M00715,P002,DB,12/31/2025,Active,47,F,19,68,691462.7796,640215.4097,0.039253132,0.070561496,0.138692709,0.01939257,final_average,0.038317508,RP-2014,MP-2021,0.063496924,0.048196313,0.066177151,0.514067293,0.389154034,0.04887316,0.047905513,2816901.859,2494637.068,1.129183036,10.57528986,0,0,0.0056,rate_down_100bps,-100,0,50,-209004.6648,489309.0205,831676.6087,IN,INR
M00716,P006,DC,12/31/2025,Active,28,F,9,63,509636.8691,468158.0003,0.043360029,0.089677314,0.152892854,,account_balance,0.16,RP-2014,MP-2020,0.074494921,0.041323802,0.096831157,0.541979947,0.295123434,0.00019284,0.162703779,1549178.118,1549178.118,1,9.454290381,0,0,0.0005,baseline,0,0,0,0,279928.3902,475793.1787,IN,INR
M00717,P005,DB,12/31/2025,Active,45,F,15,68,1268646.511,1192501.994,0.031432372,0.008062095,0.147797668,0.012459816,flat,0.124816546,IAM-2012,MP-2020,0.063657694,0.051639441,0.087425775,0.333393338,0.351416724,0.110809318,0.204380619,2536901.653,2325865.291,1.090734559,10.4357233,0,0,0.005,baseline,0,0,0,0,297195.7327,505142.4125,IN,INR
M00718,P006,DC,12/31/2025,Active,41,M,23,62,1293464.82,1144134.805,0.063258129,0.059728541,0.068946357,,account_balance,0.073194749,IAM-2012,MP-2020,0.068558731,0.045205829,0.094227901,0.208607789,0.136464063,0.244678174,0.410249973,9537584.204,9537584.204,1,15.71813366,0,0,0.0038,rate_up_100bps,100,0,-50,1434053.358,813223.3943,1382232.59,IN,INR
M00719,P001,DB,12/31/2025,Active,51,M,13,62,1764693.266,1558829.69,0.063984447,0.042315032,0.06560974,0.021312849,final_average,0.082868228,RP-2010,None,0.084142049,0.053834425,0.095898581,0.16595634,0.633201186,0.11751911,0.083323364,6395274.248,6197269.608,1.031950303,14.34884249,0,0,0.0068,equity_down_20,0,-0.2,0,-212267.2618,551146.0728,936780.8021,IN,INR
M00720,P005,DB,12/31/2025,Active,41,F,5,61,1006341.06,903621.1607,0.055308412,0.004184794,0.073484119,0.01472413,career_average,0.177777778,RP-2010,MP-2021,0.066616881,0.045413229,0.084275593,0.313901336,0.653763515,0.008411289,0.02392386,1178665.233,1047045.977,1.125705326,15.73909299,0,0,0.0038,rate_down_100bps,-100,0,50,-126267.1236,143545.7459,243984.1372,IN,INR
M00721,P006,DC,12/31/2025,Active,41,F,3,63,893516.2779,819629.0648,0.044101114,0.071794822,0.089209492,,account_balance,0.098199028,IAM-2012,MP-2020,0.083622624,0.041067274,0.060263935,0.268315485,0.553919317,0.147459888,0.030305309,432212.2788,432212.2788,1,17.58575729,0,0,0.0038,baseline,0,0,0,0,46609.20724,79221.48538,IN,INR
M00722,P002,DB,12/31/2025,Active,51,M,13,65,522084.2195,489191.6259,0.033072441,0.022300018,0.060238984,0.014116734,career_average,0.040431985,RP-2014,None,0.08840501,0.040825256,0.082242883,0.493501862,0.380838925,0.048216193,0.07744302,1115092.557,1379075.998,0.808579483,15.36142836,0,0,0.0068,baseline,0,0,0,0,186145.6124,316390.9619,IN,INR
M00723,P001,DB,12/31/2025,Active,47,F,8,66,967251.9313,860652.1573,0.060122304,0.093921249,0.083215886,0.017616154,career_average,0.152222098,RP-2010,MP-2020,0.066653763,0.040623266,0.0920998,0.323311552,0.353880198,0.320766393,0.002041858,1866428.236,1940407.893,0.961874172,15.99794825,0,0,0.0056,baseline,0,0,0,0,240064.8089,408037.207,IN,INR
M00724,P005,DB,12/31/2025,Active,47,F,12,65,1157865.939,1032324.629,0.059061048,0.048640376,0.107075775,0.019865022,final_average,0.034084734,VBT-2015,MP-2020,0.085101278,0.044186939,0.072579589,0.252840567,0.366898453,0.335782399,0.044478581,3493317.219,3160800.538,1.105200147,12.84430172,0,0,0.0056,baseline,0,0,0,0,392513.8199,667154.1887,IN,INR
M00725,P003,DC,12/31/2025,Active,49,M,10,65,434137.9467,381682.8869,0.066504101,0.098849932,0.146231978,,account_balance,0.037779059,IAM-2012,None,0.062159334,0.033303725,0.097110061,0.361405214,0.548284714,0.0901958,0.000114273,1486842.386,1486842.386,1,13.6019018,0,0,0.0062,rate_down_100bps,-100,0,50,-161478.1936,196033.7001,333197.7055,IN,INR
M00726,P005,DB,12/31/2025,Active,29,M,4,64,1592889.197,1419750.962,0.059221281,0.078053869,0.039563991,0.016251479,career_average,0.182222222,VBT-2015,MP-2021,0.050114575,0.049851186,0.099872768,0.480618142,0.306680401,0.098622581,0.114078877,1244838.108,1514476.868,0.821959142,16.40958482,0,0,0.0005,baseline,0,0,0,0,201885.5785,343144.12,IN,INR
M00727,P001,DB,12/31/2025,Active,52,M,9,65,714674.9702,632297.2376,0.063147798,0.071315398,0.115023903,0.010217835,career_average,0.024455811,RP-2014,MP-2021,0.053379657,0.040241205,0.081970516,0.219434339,0.589556021,0.150663619,0.040346021,787453.5903,857751.74,0.918043711,14.75159391,0,0,0.0071,baseline,0,0,0,0,76682.40236,130336.7763,IN,INR
M00728,P005,DB,12/31/2025,Active,50,M,5,63,901445.5073,802528.295,0.059838185,0.060730904,0.085081987,0.016270522,career_average,0.177777778,IAM-2012,None,0.079484052,0.046846279,0.081249644,0.312673362,0.555120914,0.009328572,0.122877152,863131.4979,902243.8554,0.956649904,13.81949236,0,0,0.0065,equity_down_20,0,-0.2,0,-53975.64541,100626.5112,171034.4834,IN,INR
M00729,P002,DB,12/31/2025,Active,34,F,8,66,1288509.643,1157165.513,0.055227488,0.093514671,0.096777877,0.015709565,career_average,0.051227105,RP-2010,MP-2020,0.054007273,0.04579553,0.086207573,0.39929463,0.445627374,0.105849268,0.049228728,1252728.513,1598374.012,0.783751803,10.99078655,0,0,0.0017,rate_down_100bps,-100,0,50,-147761.3701,175513.1093,298318.9384,IN,INR
M00730,P001,DB,12/31/2025,Active,42,M,17,65,981374.1564,895109.1642,0.047078656,0.042225926,0.084648079,0.017746503,final_average,0.002420501,RP-2010,None,0.087566393,0.055713842,0.082653552,0.64540526,0.177463477,0.175265781,0.001865481,2961138.699,3895547.094,0.760134232,14.42549608,0,0,0.0041,equity_down_20,0,-0.2,0,-382226.8985,639162.6628,1086382.252,IN,INR
M00731,P001,DB,12/31/2025,Active,44,F,11,65,1851510.816,1629081.6,0.066084692,0.080853168,0.1368429,0.017472057,career_average,0.07555901,VBT-2015,MP-2021,0.084663183,0.055850732,0.066418238,0.439174696,0.526811294,0.015682572,0.018331438,3559729.445,3638211.074,0.978428511,11.62005883,0,0,0.0047,baseline,0,0,0,0,546742.5351,929296.1265,IN,INR
M00732,P005,DB,12/31/2025,Active,43,F,14,64,1306631.184,1171637.642,0.056038743,0.038009295,0.0970494,0.019529534,final_average,0.054423419,IAM-2012,MP-2021,0.070594041,0.059675449,0.070844355,0.560113829,0.420322603,0.017435523,0.002128045,5309757.387,4584728.49,1.158139986,14.31200187,0,0,0.0044,baseline,0,0,0,0,1003124.061,1705006.002,IN,INR
M00733,P004,Hybrid,12/31/2025,Active,47,M,11,66,921032.4538,841911.0218,0.045934213,0.083834567,0.140793221,0.106303117,cash_balance,0.084336522,RP-2014,None,0.073260402,0.037247285,0.068071551,0.600862979,0.335632985,0.017702897,0.04580114,1117182.333,1275822.533,0.875656531,13.17500774,0,0,0.0056,rate_down_100bps,-100,0,50,-149341.5554,223964.0149,380670.7511,IN,INR
M00734,P003,DC,12/31/2025,Active,58,M,9,62,241805.1955,226454.095,0.033338772,0.111006404,0.077784496,,account_balance,0.152667545,IALM_2012-14_Ultimate,MP-2021,0.077773923,0.031033726,0.062885017,0.200524361,0.5913534,0.174975953,0.033146286,506281.4643,506281.4643,1,9.915503762,0,0,0.0089,baseline,0,0,0,0,47902.78016,81420.16616,IN,INR
M00735,P002,DB,12/31/2025,Active,55,F,12,63,1541526.939,1420776.174,0.041628194,0.028926707,0.065110579,0.014951121,career_average,0.016081587,IALM_2012-14_Ultimate,None,0.079260242,0.04274717,0.065615566,0.234527832,0.735337135,0.030096482,3.86E-05,3443653.652,4260583.689,0.808258657,16.7143093,0,0,0.008,rate_up_100bps,100,0,-50,585514.8154,365359.1906,620999.5726,IN,INR
M00736,P006,DC,12/31/2025,Active,31,F,3,65,579081.9828,523498.9078,0.051749069,0.107952927,0.062574649,,account_balance,0.019955945,RP-2014,MP-2021,0.069648268,0.056899083,0.098893089,0.188043913,0.27933996,0.384700272,0.147915854,308506.8545,308506.8545,1,14.23184477,0,0,0.0008,baseline,0,0,0,0,31401.67628,53373.30509,IN,INR
M00737,P003,DC,12/31/2025,Active,50,F,16,64,1444594.499,1332978.954,0.041025415,0.055583503,0.078092581,,account_balance,0.087019028,RP-2010,MI-2012,0.062536005,0.048007547,0.082199211,0.166632666,0.601995545,0.205533769,0.02583802,5363579.124,5363579.124,1,17.12653109,0,0,0.0065,rate_up_100bps,100,0,-50,757152.509,485163.5429,824630.5568,IN,INR
M00738,P005,DB,12/31/2025,Active,57,M,6,66,1227616.661,1137516.161,0.038849414,0.022915419,0.093598733,0.021410516,final_average,0.047218222,IALM_2012-14_Ultimate,None,0.086409598,0.041205741,0.065036137,0.303899623,0.557675092,0.019797102,0.118628182,1966443.213,2534306.572,0.775929493,17.34295876,0,0,0.0086,equity_down_20,0,-0.2,0,-119520.2702,224599.8053,381751.4017,IN,INR
M00739,P003,DC,12/31/2025,Active,48,M,14,63,900356.7102,814948.2909,0.051095741,0.08466077,0.145422027,,account_balance,0.137777778,RP-2014,MP-2020,0.051862743,0.0531637,0.08852381,0.082282765,0.630809155,0.285351475,0.001556604,4753437.296,4753437.296,1,13.65821441,0,0,0.0059,high_inflation,150,-0.05,300,729407.3059,419331.3885,712735.904,IN,INR
M00740,P003,DC,12/31/2025,Active,55,M,9,63,1512056.291,1406643.367,0.036792814,0.097111277,0.136939525,,account_balance,0.064431425,VBT-2015,None,0.064243371,0.051370358,0.079071516,0.282694068,0.586350189,0.061207197,0.069748547,4173137.316,4173137.316,1,15.10245901,0,0,0.008,rate_up_100bps,100,0,-50,507900.3598,459930.7768,781742.524,IN,INR
M00741,P003,DC,12/31/2025,Retired,64,F,4,66,1244778.165,1103645.286,0.062016403,0.042411305,0.117283683,,account_balance,0.113026464,RP-2010,MP-2020,0.076660231,0.051406937,0.068986848,0.345933964,0.546232786,0.076106327,0.031726922,805611.2366,805611.2366,1,17.05845567,53707.41578,0,0.0107,equity_down_20,0,-0.2,0,-55737.65776,102175.6415,173667.5341,IN,INR
M00742,P002,DB,12/31/2025,Active,54,M,7,64,1141396.508,1036514.399,0.049374726,0.067456765,0.123430561,0.015782796,career_average,0.107097175,RP-2014,None,0.085642859,0.045437495,0.097742815,0.399886099,0.569015586,0.009963241,0.021135075,1580905.263,1731606.285,0.912970389,15.121394,0,0,0.0077,rate_up_100bps,100,0,-50,216865.0221,226168.041,384416.9255,IN,INR
M00743,P005,DB,12/31/2025,Active,46,F,14,64,454818.0831,410221.5814,0.052954511,0.082781424,0.111191039,0.013447319,career_average,0.040301632,VBT-2015,MP-2020,0.052968967,0.045914425,0.068981726,0.557039194,0.351828159,0.047832922,0.043299724,801752.9323,864615.139,0.92729458,11.19542496,0,0,0.0053,high_inflation,150,-0.05,300,101709.6739,149740.9791,254514.1505,IN,INR
M00744,P003,DC,12/31/2025,Deferred,54,M,31,63,1002424.083,934156.7172,0.035895331,0.068589494,0.175977799,,account_balance,0.046711345,IAM-2012,MI-2012,0.076358175,0.046674685,0.063903591,0.233337868,0.215803283,0.392857812,0.158001037,18499716.42,18499716.42,1,11.32631007,0,0,0.0077,equity_down_20,0,-0.2,0,-863336.8781,2057365.546,3496896.089,IN,INR
M00745,P002,DB,12/31/2025,Active,45,F,10,63,562827.3919,517393.2061,0.042983053,0.006892322,0.149001678,0.013395508,flat,0.06546688,IALM_2012-14_Ultimate,MP-2021,0.069483082,0.046578764,0.068230911,0.477169373,0.381084728,0.051880183,0.089865717,1055420.024,885052.9458,1.192493657,12.76995388,0,0,0.005,rate_up_100bps,100,0,-50,92910.63038,170727.9097,290185.5535,IN,INR
M00746,P006,DC,12/31/2025,Active,44,F,29,65,601287.2178,549140.5723,0.046403587,0.092132173,0.155344104,,account_balance,0.051493638,IALM_2012-14_Ultimate,MP-2020,0.077459556,0.036189475,0.096477133,0.601745575,0.169283572,0.149021863,0.079948989,14983352.6,14983352.6,1,9.33907862,0,0,0.0047,baseline,0,0,0,0,3009382.132,5115034.918,IN,INR
M00747,P003,DC,12/31/2025,Active,40,M,3,61,836921.7901,741595.693,0.062328513,0.058752116,0.143370902,,account_balance,0.104544308,IALM_2012-14_Ultimate,MP-2021,0.062688102,0.037373573,0.094311832,0.135791171,0.670960562,0.144696249,0.048552018,514773.1317,514773.1317,1,12.33883453,0,0,0.0035,baseline,0,0,0,0,43673.75965,74232.1167,IN,INR
M00748,P003,DC,12/31/2025,Retired,60,M,9,66,1902230.783,1690405.739,0.060806381,0.051674318,0.128898665,,account_balance,0.16,RP-2014,MP-2021,0.078428051,0.041220748,0.095772985,0.492411848,0.451622567,0.033157361,0.022808224,4145996.143,4145996.143,1,10.29203521,276399.7428,0,0.0095,equity_down_20,0,-0.2,0,-408307.5242,697157.09,1184955.151,IN,INR
M00749,P006,DC,12/31/2025,Active,36,M,10,65,1160574.679,1075250.444,0.038919099,0.090323759,0.074473059,,account_balance,0.155555556,IAM-2012,MP-2021,0.057210468,0.055664044,0.096647157,0.3655999,0.484526967,0.101456726,0.048416408,2810561.149,2810561.149,1,16.44427534,0,0,0.0023,high_inflation,150,-0.05,300,539753.1269,368136.3774,625719.946,IN,INR
M00750,P004,Hybrid,12/31/2025,Active,59,M,14,62,1195494.899,1074814.086,0.054647163,0.046625693,0.115594269,0.0905076,cash_balance,0.027906601,RP-2014,MP-2021,0.081015983,0.043871778,0.063099947,0.28348654,0.499348975,0.086428678,0.130735808,2068131.138,1958978.364,1.055719234,16.03998067,0,0,0.0092,high_inflation,150,-0.05,300,364561.322,221043.7941,375707.2635,IN,INR
M00751,P001,DB,12/31/2025,Active,49,M,7,65,1392612.514,1288196.893,0.039738254,0.066649674,0.051477154,0.014357388,flat,0.059012645,RP-2014,MP-2021,0.079973971,0.057789574,0.088453283,0.162480844,0.559935034,0.250405772,0.027178351,1252147.907,1369244.225,0.914481058,10.57609107,0,0,0.0062,baseline,0,0,0,0,114456.0783,194540.5441,IN,INR
M00752,P006,DC,12/31/2025,Active,30,M,13,64,664236.7156,580680.2139,0.069529886,0.066109936,0.156397549,,account_balance,0.037723366,IAM-2012,MP-2021,0.087871467,0.053801538,0.086580849,0.262260863,0.500522425,0.004079192,0.233137519,2881564.255,2881564.255,1,11.56204406,0,0,0.0005,rate_up_100bps,100,0,-50,261053.3523,286723.1618,487342.2252,IN,INR
M00753,P004,Hybrid,12/31/2025,Active,48,M,9,62,484375.4395,424590.7402,0.068084955,0.080254226,0.049175832,0.107019695,cash_balance,0.023745178,VBT-2015,MI-2012,0.056928957,0.055845102,0.099716335,0.1725089,0.459572372,0.145083593,0.222835135,456383.185,482852.0996,0.945182149,14.12952873,0,0,0.0059,equity_down_20,0,-0.2,0,-15746.03222,35680.72323,60646.38429,IN,INR
M00754,P002,DB,12/31/2025,Active,23,F,20,63,447176.0888,403653.87,0.052530589,0.073852325,0.075238644,0.018852313,final_average,0.04078635,RP-2010,MP-2020,0.078879941,0.034024444,0.088586969,0.422314769,0.182406343,0.125967036,0.269311852,1604067.402,1711354.81,0.937308496,11.24440025,0,0,0.0005,rate_down_100bps,-100,0,50,-177801.981,228357.585,388138.485,IN,INR
M00755,P001,DB,12/31/2025,Active,50,M,12,63,1092503.034,976084.3635,0.057956103,0.073491488,0.04279419,0.015261414,final_average,0.024352844,IALM_2012-14_Ultimate,MP-2021,0.062906002,0.034463596,0.091681256,0.344849334,0.465227168,0.057091511,0.132831987,1724765.156,1698175.628,1.015657702,9.499904426,0,0,0.0065,baseline,0,0,0,0,212029.5186,360385.7349,IN,INR
M00756,P005,DB,12/31/2025,Deferred,53,M,40,65,1534954.12,1360816.515,0.062057215,0.098518969,0.05372149,0.019511163,final_average,0.049489624,IAM-2012,MI-2012,0.061274273,0.037098789,0.088599459,0.170010934,0.642759551,0.186502117,0.000727398,19310625.36,16873819.47,1.144413415,15.88805303,0,0,0.0074,baseline,0,0,0,0,1781255.257,3027592.522,IN,INR
M00757,P004,Hybrid,12/31/2025,Active,38,F,9,65,1484720.951,1324293.386,0.058839937,0.029522998,0.121755153,0.06711685,cash_balance,0.008571611,VBT-2015,MP-2020,0.066063824,0.049878631,0.084823272,0.405736326,0.482815893,0.10661219,0.004835591,879422.722,969187.7261,0.9073812,9.820115798,0,0,0.0029,rate_down_100bps,-100,0,50,-73945.39363,126014.4082,214186.1916,IN,INR
M00758,P003,DC,12/31/2025,Active,45,M,20,64,677407.62,605179.7225,0.057993148,0.106103309,0.118297954,,account_balance,0.034013333,IAM-2012,MP-2021,0.061408063,0.04428861,0.082120937,0.358159787,0.298296026,0.328219396,0.015324791,5979951.473,5979951.473,1,15.09994943,0,0,0.005,baseline,0,0,0,0,823187.1845,1399168.005,IN,INR
M00759,P006,DC,12/31/2025,Retired,64,F,23,65,1812056.579,1587636.296,0.06834216,0.050205484,0.171518952,,account_balance,0.068450893,RP-2010,None,0.059927741,0.035094402,0.098770417,0.265506397,0.496846383,0.21803574,0.01961148,23917866.17,23917866.17,1,10.34868444,1594524.411,0,0.0107,baseline,0,0,0,0,2607778.922,4432431.529,IN,INR
M00760,P005,DB,12/31/2025,Active,39,F,1,65,2469111.703,2223188.787,0.053858244,0.057952443,0.130938628,0.011900918,flat,0.139060005,IAM-2012,MP-2021,0.08073541,0.052373477,0.097453682,0.418470998,0.497645938,0.063228337,0.020654727,206477.7423,239950.0297,0.860503091,9.069096076,0,0,0.0032,baseline,0,0,0,0,30292.04158,51487.26338,IN,INR
M00761,P001,DB,12/31/2025,Active,33,M,16,64,1294240.108,1161817.174,0.055452107,0.078950218,0.080452307,0.017663299,final_average,0.093134233,IAM-2012,MP-2021,0.07798014,0.045524266,0.077514007,0.586982949,0.294515891,0.075850215,0.042650946,5520949.279,4617338.316,1.195699535,14.06248591,0,0,0.0014,baseline,0,0,0,0,1081373.366,1838006.037,IN,INR
M00762,P002,DB,12/31/2025,Active,59,M,4,65,1922766.961,1698506.736,0.06397075,0.041445219,0.134105959,0.023471217,final_average,0.072421425,VBT-2015,MP-2021,0.05437434,0.051929899,0.071366155,0.303943255,0.498671221,0.127629599,0.069755925,1788649.921,1843734.622,0.970123302,11.56206832,0,0,0.0092,rate_up_100bps,100,0,-50,168576.4447,204392.055,347404.3683,IN,INR
M00763,P002,DB,12/31/2025,Retired,64,M,9,63,1458501.391,1305944.818,0.056795635,0.059049135,0.093112425,0.020351984,final_average,0.065596238,IALM_2012-14_Ultimate,MP-2021,0.072407257,0.057284173,0.080362774,0.239936959,0.606063816,0.044931932,0.109067293,2574028.576,2432894.58,1.058010732,10.17066138,239207.1164,0,0.0107,rate_down_100bps,-100,0,50,-169440.1903,256003.255,435127.721,IN,INR
M00764,P005,DB,12/31/2025,Active,44,M,5,66,887912.0577,791257.4641,0.059317305,0.005566639,0.086471654,0.014675895,career_average,0.067805997,IALM_2012-14_Ultimate,MP-2020,0.063240106,0.057442436,0.089844584,0.297064034,0.515820668,0.109276365,0.077838933,980654.1152,880497.0659,1.113750577,15.16475872,0,0,0.0047,baseline,0,0,0,0,110125.68,187180.1832,IN,INR
M00765,P001,DB,12/31/2025,Deferred,54,M,21,64,730101.0169,675842.2169,0.039366747,0.098576761,0.116224359,0.014358718,final_average,0.097339858,VBT-2015,MP-2020,0.088841386,0.039033529,0.076037909,0.162154029,0.733619023,0.103651634,0.000575314,2925604.74,3015511.44,0.970185257,14.79723965,0,0,0.0077,baseline,0,0,0,0,269849.1608,458661.5524,IN,INR
M00766,P003,DC,12/31/2025,Active,57,M,7,66,476448.4592,436422.8388,0.044850677,0.047538247,0.179963473,,account_balance,0.050610822,VBT-2015,None,0.067001711,0.034756046,0.081489238,0.526628815,0.282201621,0.060706386,0.130463178,914256.1747,914256.1747,1,12.70243862,0,0,0.0086,rate_up_100bps,100,0,-50,103232.6007,160824.2557,273352.3519,IN,INR
M00767,P005,DB,12/31/2025,Active,37,M,3,64,806014.3606,751127.6967,0.035892054,0.086880907,0.124739685,0.018814445,final_average,0.113843197,RP-2014,None,0.051622947,0.043014791,0.071948236,0.45614827,0.146585217,0.375331055,0.021935458,314595.28,415370.7707,0.757384251,9.797369588,0,0,0.0026,rate_up_100bps,100,0,-50,38389.6587,52848.89061,89827.05054,IN,INR
M00768,P006,DC,12/31/2025,Active,39,M,12,62,885073.3868,802435.1266,0.050230618,0.097982613,0.080054136,,account_balance,0.094424319,RP-2014,MP-2021,0.063268645,0.032516423,0.077108175,0.239540974,0.52943472,0.095024828,0.135999478,2677051.727,2677051.727,1,13.19260476,0,0,0.0032,rate_down_100bps,-100,0,50,-282306.647,258142.2825,438763.4176,IN,INR
M00769,P002,DB,12/31/2025,Deferred,56,M,22,64,893920.9906,813554.6178,0.048229096,0.018605003,0.04527545,0.013455912,career_average,0.026383154,RP-2010,MP-2021,0.06250831,0.031319087,0.098291816,0.168262637,0.693183014,0.044838274,0.093716075,2602368.037,2393313.647,1.087349349,9.937498848,0,0,0.0083,baseline,0,0,0,0,230220.3044,391304.5417,IN,INR
M00770,P005,DB,12/31/2025,Retired,61,M,5,63,935969.6605,817685.5932,0.069886513,0.003102844,0.04431743,0.013143278,final_average,0.084097532,RP-2014,MP-2021,0.05022539,0.059343442,0.068594335,0.383208629,0.467153973,0.08047361,0.069163788,976459.5368,964498.0943,1.012401727,17.94904496,53735.34339,0,0.0098,equity_down_20,0,-0.2,0,-74837.54404,132001.5354,224362.4881,IN,INR
M00771,P001,DB,12/31/2025,Active,50,F,17,65,350752.5392,315464.2891,0.054448346,0.086465661,0.049788809,0.01338672,career_average,0.108754368,RP-2014,MP-2020,0.069511292,0.05915473,0.099549377,0.376832714,0.554728801,0.063460197,0.004978288,913438.3498,797778.9496,1.144976751,11.11243607,0,0,0.0065,high_inflation,150,-0.05,300,77765.04899,124325.7077,211315.9141,IN,INR
M00772,P005,DB,12/31/2025,Active,35,M,2,64,1398014.106,1240812.311,0.061457793,0.039633065,0.136868728,0.020768069,final_average,0.070578262,IAM-2012,None,0.086231845,0.040553414,0.068621595,0.414994808,0.422493613,0.011095373,0.151416206,516603.6063,465286.5819,1.110291219,9.027932673,0,0,0.002,equity_down_20,0,-0.2,0,-42877.56293,73769.91139,125386.4269,IN,INR
M00773,P001,DB,12/31/2025,Retired,64,M,23,66,1472966.682,1353081.852,0.043360587,0.026386488,0.148912539,0.018617209,final_average,0.045794983,IAM-2012,MP-2021,0.08209253,0.054615731,0.072769439,0.461204504,0.361785021,0.150881302,0.026129173,5902017.877,6361785.712,0.927729751,10.98025853,579383.964,0,0.0107,baseline,0,0,0,0,936660.5201,1592038.185,IN,INR
M00774,P003,DC,12/31/2025,Active,39,M,13,65,1163524.184,1029188.634,0.063261813,0.119746781,0.092779643,,account_balance,0.012896882,VBT-2015,MI-2012,0.077386138,0.036702769,0.063486599,0.285321659,0.582895683,0.128162215,0.003620442,4242378.471,4242378.471,1,14.57676872,0,0,0.0032,baseline,0,0,0,0,479251.6131,814582.0731,IN,INR
M00775,P005,DB,12/31/2025,Active,41,M,5,65,581749.1042,523067.0825,0.054603399,0.042089852,0.065057262,0.024111971,final_average,0.038290901,IALM_2012-14_Ultimate,MP-2021,0.063741388,0.04251877,0.09008382,0.113843839,0.832214569,0.00939341,0.044548181,862802.141,1121728.629,0.7691719,17.78802373,0,0,0.0038,equity_down_20,0,-0.2,0,-19644.94169,77909.33433,132422.1877,IN,INR
M00776,P001,DB,12/31/2025,Active,47,M,16,62,1161407.966,1037796.589,0.057879693,0.0651666,0.056252517,0.017458941,final_average,0.113751217,RP-2010,MI-2012,0.059278549,0.0517935,0.060705379,0.212204825,0.479775967,0.223177003,0.084842205,3969640.115,3980005.823,0.997395555,13.7288321,0,0,0.0056,high_inflation,150,-0.05,300,634653.2919,377833.4715,642202.0585,IN,INR
M00777,P002,DB,12/31/2025,Retired,60,M,7,68,994678.1642,916500.8275,0.041777231,0.048379323,0.128857977,0.010231076,flat,0.046051915,RP-2014,None,0.063704661,0.046516286,0.091513636,0.280128867,0.144299266,0.436540683,0.139031184,1017148.419,853657.832,1.191517703,13.00563633,65637.52901,0,0.0095,baseline,0,0,0,0,129173.0068,219554.8493,IN,INR
M00778,P005,DB,12/31/2025,Active,53,M,6,66,1218970.506,1101556.273,0.051945536,0.069723314,0.055104898,0.012533816,career_average,0.112142736,IAM-2012,MP-2021,0.054922374,0.054633545,0.083085331,0.36781413,0.223734879,0.376459178,0.031991812,1228606.643,1485350.023,0.827149577,17.93029942,0,0,0.0074,rate_up_100bps,100,0,-50,252583.5986,176569.0845,300113.7752,IN,INR
M00779,P005,DB,12/31/2025,Active,48,M,7,65,1978807.929,1776647.076,0.055361479,0.085342327,0.140890816,0.020158114,final_average,0.058436801,IALM_2012-14_Ultimate,MP-2021,0.05397954,0.059401171,0.089950685,0.331599348,0.549998953,0.113586504,0.004815195,2571327.212,2628490.14,0.978252562,10.48472996,0,0,0.0059,baseline,0,0,0,0,318591.2699,541508.3226,IN,INR
M00780,P004,Hybrid,12/31/2025,Active,49,M,15,63,908626.0956,818584.5361,0.053563787,0.019555701,0.110082045,0.114122207,cash_balance,0.02311359,RP-2014,MP-2021,0.07298131,0.030270529,0.091324819,0.15258132,0.407165143,0.221167986,0.21908555,1753677.057,1992901.088,0.879961914,10.77997449,0,0,0.0062,rate_down_100bps,-100,0,50,-179132.4204,136449.5376,231922.74,IN,INR
M00781,P004,Hybrid,12/31/2025,Active,44,M,5,64,1068414.651,939140.0602,0.066607748,0.032943288,0.137655335,0.081679527,cash_balance,0.016505426,IALM_2012-14_Ultimate,MP-2021,0.082559756,0.057735619,0.06497529,0.520233171,0.415234672,0.018438794,0.046093363,474879.6873,437757.2828,1.084801341,12.42627992,0,0,0.0047,rate_up_100bps,100,0,-50,44537.61978,83595.15311,142086.3514,IN,INR
M00782,P003,DC,12/31/2025,Active,50,M,2,62,667328.2441,587328.9348,0.065930907,0.0922986,0.067143508,,account_balance,0.125024036,IAM-2012,MP-2020,0.053975632,0.042403418,0.060855654,0.274232203,0.431401036,0.108820183,0.185546578,198687.5778,198687.5778,1,15.72752012,0,0,0.0065,rate_down_100bps,-100,0,50,-26962.92743,20285.43715,34479.07737,IN,INR
M00783,P002,DB,12/31/2025,Active,20,M,8,64,1490696.985,1304861.732,0.068839362,0.096205845,0.112881583,0.014871187,career_average,0.061141388,VBT-2015,MP-2020,0.063407484,0.042238475,0.066750659,0.133429036,0.753064476,0.053693308,0.05981318,2042351.956,1819807.358,1.122290196,11.72263631,0,0,0.0005,equity_down_20,0,-0.2,0,-54501.81042,177636.8163,301928.5948,IN,INR
M00784,P002,DB,12/31/2025,Active,41,F,21,62,1350832.331,1209763.282,0.05669712,0.036533361,0.104334972,0.019993656,final_average,0.037220351,RP-2014,None,0.054910164,0.030019784,0.075362702,0.148145503,0.421180726,0.346064712,0.084609059,6664145.57,6719661.974,0.991738215,13.22925875,0,0,0.0038,high_inflation,150,-0.05,300,1073568.32,624167.9972,1060895.878,IN,INR
M00785,P002,DB,12/31/2025,Active,46,F,21,64,1085392.517,950017.7338,0.068876565,0.038109985,0.129743455,0.016914493,final_average,0.033074654,RP-2014,MP-2020,0.062419229,0.055030502,0.062932658,0.435684444,0.192163891,0.353334101,0.018817563,6110347.156,5889901.914,1.037427659,17.4541248,0,0,0.0053,baseline,0,0,0,0,980916.0754,1667259.177,IN,INR
M00786,P006,DC,12/31/2025,Active,32,M,7,65,612982.1545,542171.7969,0.06329912,0.094718294,0.103496557,,account_balance,0.003937796,RP-2010,MP-2021,0.083210534,0.052769667,0.078269583,0.283264678,0.162430024,0.527469798,0.0268355,979302.5686,979302.5686,1,16.85511648,0,0,0.0011,rate_up_100bps,100,0,-50,157109.1816,137743.8904,234122.7462,IN,INR
M00787,P004,Hybrid,12/31/2025,Active,48,M,7,63,723975.9858,668285.1582,0.040833286,0.041919971,0.10077516,0.08096232,cash_balance,0.087719131,RP-2014,MI-2012,0.051393871,0.056820312,0.071403575,0.609652605,0.199638535,0.188780187,0.001928672,430609.0481,425724.6817,1.011473064,17.52321962,0,0,0.0059,rate_down_100bps,-100,0,50,-70302.36296,88256.54837,150009.3065,IN,INR
M00788,P003,DC,12/31/2025,Active,42,M,7,64,431893.1994,393914.6937,0.047097427,0.040719543,0.136139908,,account_balance,0.040906914,IAM-2012,MP-2021,0.075888546,0.035020827,0.074553399,0.312236634,0.458492252,0.224560629,0.004710485,627229.5367,627229.5367,1,10.50133827,0,0,0.0041,baseline,0,0,0,0,75698.71343,128664.8041,IN,INR
M00789,P003,DC,12/31/2025,Retired,62,F,7,66,720142.078,666406.7269,0.039535698,0.090668633,0.16599632,,account_balance,0.168888889,IALM_2012-14_Ultimate,None,0.052393464,0.036453378,0.097614697,0.523369958,0.318629242,0.157737615,0.000263185,1658741.382,1658741.382,1,13.33927633,110582.7588,0,0.0101,rate_up_100bps,100,0,-50,194837.9211,294899.3688,501239.292,IN,INR
M00790,P006,DC,12/31/2025,Retired,60,M,7,61,1354868.999,1276677.753,0.030167886,0.049061527,0.114581007,,account_balance,0.107186248,IALM_2012-14_Ultimate,MP-2021,0.067061836,0.039105917,0.088970829,0.34994097,0.574115226,0.047886617,0.028057187,1970753.86,1970753.86,1,15.41795874,131383.5907,0,0.0095,high_inflation,150,-0.05,300,336434.6648,253573.7741,430998.3419,IN,INR
M00791,P001,DB,12/31/2025,Active,39,F,12,66,1176545.09,1092984.464,0.03752195,0.064477523,0.109709974,0.012786663,career_average,0.038135909,VBT-2015,MP-2021,0.068962113,0.045906206,0.086326399,0.323065186,0.534944044,0.132987172,0.009003599,3084361.634,2615575.942,1.179228477,15.59605919,0,0,0.0032,rate_up_100bps,100,0,-50,325428.7278,374900.7977,637217.4045,IN,INR
M00792,P004,Hybrid,12/31/2025,Active,42,F,21,62,1057966.876,996920.8101,0.030162423,0.005803056,0.030930513,0.094459593,cash_balance,0.033274274,VBT-2015,MP-2021,0.066060402,0.04035349,0.086142608,0.355145726,0.48884794,0.109127186,0.046879147,3381498.573,3094558.604,1.092724038,13.95076154,0,0,0.0041,equity_down_20,0,-0.2,0,-240184.9534,433635.5971,737048.7109,IN,INR
M00793,P003,DC,12/31/2025,Active,43,F,5,60,1920189.795,1712858.917,0.058793538,0.117539675,0.167395965,,account_balance,0.164353371,IAM-2012,MP-2021,0.075495419,0.038991796,0.08221524,0.273655828,0.521061536,0.199778104,0.005504532,2973188.781,2973188.781,1,16.38681427,0,0,0.0044,baseline,0,0,0,0,329823.5367,560599.7621,IN,INR
M00794,P004,Hybrid,12/31/2025,Active,39,M,6,62,1129220.791,1030072.451,0.047021372,0.070720087,0.132953104,0.064938269,cash_balance,0.173333333,IALM_2012-14_Ultimate,MP-2021,0.088946535,0.035480819,0.080519217,0.266481405,0.626644933,0.102792446,0.004081215,483681.2092,475918.7805,1.016310406,9.384460554,0,0,0.0032,rate_down_100bps,-100,0,50,-29507.59128,52815.66182,89770.57171,IN,INR
M00795,P001,DB,12/31/2025,Active,46,M,13,65,759397.2634,698738.0765,0.042502989,0.03591993,0.040165694,0.020429575,final_average,0.111389829,VBT-2015,MP-2020,0.060691992,0.03477603,0.095286102,0.432178633,0.459238825,0.024724529,0.083858014,1763760.734,1999038.079,0.882304721,10.772189,0,0,0.0053,baseline,0,0,0,0,263369.8551,447648.702,IN,INR
M00796,P006,DC,12/31/2025,Active,36,M,16,63,718577.7253,638966.2657,0.060468836,0.068284262,0.072775656,,account_balance,0.062419297,VBT-2015,MP-2021,0.074390761,0.044188192,0.063000077,0.336936422,0.546981857,0.115749258,0.000332464,2351082.722,2351082.722,1,11.95154432,0,0,0.0023,rate_up_100bps,100,0,-50,216690.714,294823.0045,501109.4957,IN,INR
M00797,P006,DC,12/31/2025,Active,33,M,4,66,887113.5465,784635.6121,0.063299471,0.112036566,0.09716154,,account_balance,0.071755603,RP-2010,MP-2021,0.064199142,0.043377001,0.0715408,0.139879006,0.575954235,0.255829758,0.028337001,753881.6618,753881.6618,1,15.56014599,0,0,0.0014,equity_down_20,0,-0.2,0,-21090.44357,67006.26016,113890.2756,IN,INR
M00798,P003,DC,12/31/2025,Deferred,50,M,26,64,804046.3924,703584.0118,0.069011982,0.102999165,0.126289254,,account_balance,0.04686115,RP-2010,MP-2021,0.089980027,0.053553939,0.064165086,0.384404905,0.455048832,0.148530969,0.012015294,9414310.263,9414310.263,1,17.11558513,0,0,0.0065,rate_up_100bps,100,0,-50,1397115.743,1293273.052,2198171.097,IN,INR
M00799,P004,Hybrid,12/31/2025,Active,50,F,9,60,1511845.537,1356570.559,0.055680543,0.06537061,0.099195936,0.103361695,cash_balance,0.05015254,IAM-2012,MP-2020,0.088039872,0.054714829,0.060442114,0.559205133,0.190580875,0.1926435,0.057570492,1641509.478,1625469.974,1.00986761,13.75974783,0,0,0.0065,high_inflation,150,-0.05,300,266130.8047,309932.1409,526790.4353,IN,INR
M00800,P006,DC,12/31/2025,Active,36,M,4,65,1190222.988,1082738.655,0.048461158,0.07257096,0.155204164,,account_balance,0.137685197,IAM-2012,MP-2020,0.053736115,0.051018419,0.060554683,0.478682651,0.460879638,0.033631271,0.026806439,1109573.449,1109573.449,1,15.37352301,0,0,0.0023,high_inflation,150,-0.05,300,190960.6305,182036.0933,309406.0285,IN,INR
M00801,P004,Hybrid,12/31/2025,Active,53,M,3,61,852686.3884,785015.7708,0.042210572,0.041406717,0.054913364,0.082348202,cash_balance,0.022042264,IAM-2012,MI-2012,0.088943839,0.054936093,0.060960391,0.277568476,0.412098692,0.298525113,0.011807718,208858.5221,211183.1394,0.98899241,14.34968895,0,0,0.0074,rate_down_100bps,-100,0,50,-26000.60742,24236.93258,41195.41854,IN,INR
M00802,P001,DB,12/31/2025,Active,38,M,3,65,867419.7579,803688.765,0.038892728,0.081725881,0.121743844,0.02383353,final_average,0.186666667,IAM-2012,MP-2021,0.079530854,0.033265558,0.087269501,0.336056024,0.267672794,0.389440559,0.006830623,1099870.857,995305.2548,1.105058826,17.320434,0,0,0.0029,rate_up_100bps,100,0,-50,157670.9146,150934.5702,256542.8926,IN,INR
M00803,P003,DC,12/31/2025,Active,47,F,19,62,1351139.378,1252774.484,0.038517038,0.072822857,0.134796964,,account_balance,0.045828579,IALM_2012-14_Ultimate,None,0.089693788,0.04373279,0.064456198,0.234610877,0.370980616,0.172533129,0.221875378,8945597.703,8945597.703,1,17.10081204,0,0,0.0056,rate_up_100bps,100,0,-50,1363837.682,823374.9419,1399487.135,IN,INR
M00804,P004,Hybrid,12/31/2025,Active,52,F,11,63,1551796.653,1417314.612,0.046367575,0.060316116,0.036336682,0.059506547,cash_balance,0.136725577,RP-2014,MP-2021,0.080838026,0.038593594,0.068096363,0.31409124,0.496069562,0.149304197,0.040535002,1314878.51,1233708.692,1.065793342,16.27115838,0,0,0.0071,equity_down_20,0,-0.2,0,-82598.36424,155270.9412,263913.4052,IN,INR
M00805,P003,DC,12/31/2025,Active,44,M,20,65,429539.6173,375407.0408,0.069671454,0.08819482,0.148374214,,account_balance,0.031073359,IAM-2012,MP-2021,0.055157342,0.037553921,0.076759363,0.174771452,0.49180426,0.333360498,6.38E-05,3721147.409,3721147.409,1,11.51623959,0,0,0.0047,baseline,0,0,0,0,371980.9432,632254.5393,IN,INR
M00806,P005,DB,12/31/2025,Active,49,M,10,67,911597.9917,859211.5654,0.030034148,0.041652565,0.107059679,0.015521366,career_average,0.155555556,RP-2010,MP-2020,0.08001875,0.051380851,0.07077001,0.074206541,0.412728935,0.394767137,0.118297386,1708966.07,1648089.083,1.036937923,12.35806936,0,0,0.0062,equity_down_20,0,-0.2,0,-25363.2923,155993.1299,265140.9066,IN,INR
M00807,P006,DC,12/31/2025,Active,39,M,19,63,1025992.651,952451.941,0.037888236,0.115022797,0.140301963,,account_balance,0.031214479,RP-2014,MP-2021,0.079065105,0.05493686,0.092667905,0.563173071,0.411569759,0.021487332,0.003769838,10723273.41,10723273.41,1,12.74789541,0,0,0.0032,baseline,0,0,0,0,2034549.337,3458115.468,IN,INR
M00808,P006,DC,12/31/2025,Active,42,M,10,66,1260050.391,1170527.98,0.037535719,0.074215961,0.149510113,,account_balance,0.024238139,RP-2014,MP-2021,0.056669431,0.033442119,0.084938163,0.507826666,0.412697784,0.078176479,0.001299071,3936618.529,3936618.529,1,9.039064624,0,0,0.0041,equity_down_20,0,-0.2,0,-399823.973,679695.6285,1155275.974,IN,INR
M00809,P003,DC,12/31/2025,Active,42,M,14,62,1035967.774,924299.9029,0.058684779,0.097886257,0.075977287,,account_balance,0.097426136,IALM_2012-14_Ultimate,MP-2021,0.080126912,0.033722982,0.073332344,0.26306481,0.58959395,0.097286361,0.050054879,3692232.054,3692232.054,1,11.07989052,0,0,0.0041,rate_down_100bps,-100,0,50,-300249.3851,391559.6439,665532.3796,IN,INR
M00810,P001,DB,12/31/2025,Active,37,F,10,66,1182616.556,1084826.465,0.044099389,0.09020193,0.136491355,0.017483364,career_average,0.155555556,VBT-2015,MP-2020,0.076990904,0.049182103,0.072711318,0.185562667,0.336190659,0.096487856,0.381758818,2874490.593,2925432.784,0.982586443,15.42427871,0,0,0.0026,baseline,0,0,0,0,207887.0386,353344.7781,IN,INR
M00811,P006,DC,12/31/2025,Active,42,M,9,65,885022.5351,805361.9093,0.048290432,0.11191086,0.142630115,,account_balance,0.094645794,RP-2014,MP-2021,0.08977776,0.034328969,0.087347749,0.403290535,0.467942416,0.05591785,0.072849199,2689362.634,2689362.634,1,13.89951465,0,0,0.0041,equity_down_20,0,-0.2,0,-216918.899,379010.1603,644202.0719,IN,INR
M00812,P005,DB,12/31/2025,Active,29,M,6,62,685129.1024,638409.0685,0.035944965,0.089539166,0.042874914,0.012412522,career_average,0.019557988,IALM_2012-14_Ultimate,MP-2021,0.074749583,0.053051541,0.066826799,0.599584911,0.290327617,0.066299601,0.043787871,951355.614,837740.6031,1.135620752,17.61973016,0,0,0.0005,high_inflation,150,-0.05,300,172175.1663,190046.9319,323022.0192,IN,INR
M00813,P001,DB,12/31/2025,Active,39,M,15,63,1401267.574,1280241.023,0.046199882,0.000328113,0.103843556,0.017084443,final_average,0.054663234,IALM_2012-14_Ultimate,MI-2012,0.066584384,0.054860854,0.071221828,0.221741668,0.541773121,0.220520498,0.015964713,2889456.77,3038839.518,0.950842173,9.262408949,0,0,0.0032,equity_down_20,0,-0.2,0,-128142.5926,290048.7714,492994.7506,IN,INR
M00814,P006,DC,12/31/2025,Active,41,F,5,62,1421406.873,1329137.23,0.034127992,0.065618403,0.177586839,,account_balance,0.142024179,IALM_2012-14_Ultimate,MP-2021,0.088156602,0.04568532,0.07413735,0.771233729,0.17393928,0.006906023,0.047920969,1932690.467,1932690.467,1,12.40460745,0,0,0.0038,baseline,0,0,0,0,491523.5735,835440.6757,IN,INR
M00815,P006,DC,12/31/2025,Active,41,M,15,63,1320241.43,1194488.777,0.051321732,0.074755676,0.085928608,,account_balance,0.038653106,IAM-2012,MP-2021,0.075113661,0.057252076,0.078185828,0.452252999,0.524114183,0.019665399,0.00396742,5063477.409,5063477.409,1,15.36546484,0,0,0.0038,rate_up_100bps,100,0,-50,645334.8248,797877.8605,1356149.847,IN,INR
M00816,P003,DC,12/31/2025,Active,42,M,11,62,1430315.871,1338012.455,0.033917535,0.05354118,0.110003914,,account_balance,0.151111111,VBT-2015,MP-2020,0.063945284,0.030610526,0.067621273,0.435387616,0.497800494,0.053412128,0.013399762,3449729.676,3449729.676,1,10.20330447,0,0,0.0041,rate_up_100bps,100,0,-50,266122.5656,523673.9528,890086.5484,IN,INR
M00817,P004,Hybrid,12/31/2025,Active,43,F,16,65,635852.9455,564180.7059,0.061620335,0.005538853,0.125467735,0.052156607,cash_balance,0.128888889,IAM-2012,MP-2021,0.050841827,0.036792315,0.06628932,0.355145781,0.547608842,0.088975202,0.008270176,594520.451,613357.1264,0.969289221,13.4965996,0,0,0.0044,baseline,0,0,0,0,77246.65686,131295.8374,IN,INR
M00818,P003,DC,12/31/2025,Active,49,M,12,68,783600.1835,707155.5118,0.052664069,0.093057146,0.171635513,,account_balance,0.068131269,RP-2010,MP-2021,0.080265583,0.053188178,0.099598403,0.33248623,0.564734882,0.026247105,0.076531782,3970476.93,3970476.93,1,9.142667865,0,0,0.0062,baseline,0,0,0,0,487917.0251,829310.6396,IN,INR
M00819,P001,DB,12/31/2025,Deferred,53,F,20,60,1629754.558,1453329.693,0.058958715,0.062080409,0.037230875,0.008514868,flat,0.056546704,VBT-2015,MI-2012,0.054781047,0.058719016,0.096527921,0.392438448,0.430315868,0.148320912,0.028924772,1991858.961,2628772.886,0.757714359,10.62138113,0,0,0.0074,baseline,0,0,0,0,276942.3172,470717.7622,IN,INR
M00820,P002,DB,12/31/2025,Active,38,M,14,64,1155801.852,1054885.204,0.046740655,0.04023112,0.042929069,0.015841288,career_average,0.069588432,IAM-2012,MP-2021,0.086946775,0.058817386,0.080944729,0.233566073,0.611579047,0.056744597,0.098110283,3192714.902,4080960.478,0.78234399,17.44370211,0,0,0.0029,rate_down_100bps,-100,0,50,-614240.7121,314066.9743,533818.3953,IN,INR
M00821,P005,DB,12/31/2025,Active,32,F,11,64,1009812.538,924256.228,0.045259652,0.002555428,0.124180516,0.014426898,career_average,0.080369538,VBT-2015,MP-2020,0.088455667,0.030011941,0.090622013,0.366242667,0.570624278,0.021900958,0.041232097,1991567.286,2111247.987,0.943312817,14.39399061,0,0,0.0011,equity_down_20,0,-0.2,0,-145879.383,265035.0868,450479.0898,IN,INR
M00822,P001,DB,12/31/2025,Active,34,M,2,67,879095.0123,822346.643,0.033928356,0.047648263,0.053788551,0.012421783,career_average,0.074654542,RP-2010,MP-2021,0.059456854,0.048955905,0.086960151,0.250787442,0.561704804,0.159056862,0.028450892,243710.4957,323470.0717,0.753425176,15.8330737,0,0,0.0017,equity_down_20,0,-0.2,0,-12223.90634,25406.05843,43182.57712,IN,INR
M00823,P002,DB,12/31/2025,Active,39,M,21,64,1742017.457,1577193.224,0.050954224,0.044213074,0.033460221,0.012747326,career_average,0.049599791,IAM-2012,MP-2021,0.054512215,0.03081987,0.063004573,0.345273674,0.369485027,0.207274507,0.077966792,3524536.728,4188116.492,0.841556517,9.919629845,0,0,0.0032,equity_down_20,0,-0.2,0,-243385.9489,444560.2472,755617.2956,IN,INR
M00824,P003,DC,12/31/2025,Active,40,F,3,64,443877.8735,402165.8295,0.050580087,0.089432594,0.096484735,,account_balance,0.004036222,VBT-2015,MP-2021,0.073812801,0.051009774,0.080715898,0.220224325,0.449158108,0.227262074,0.103355494,252007.5804,252007.5804,1,11.11131782,0,0,0.0035,baseline,0,0,0,0,24211.51495,41152.2163,IN,INR
M00825,P003,DC,12/31/2025,Active,36,M,4,64,1123919.664,1021910.327,0.048724082,0.11051128,0.157295049,,account_balance,0.061552046,RP-2010,MP-2020,0.058549272,0.053041253,0.067356777,0.35031706,0.366540954,0.280007053,0.003134934,1247133.193,1247133.193,1,10.72727292,0,0,0.0023,baseline,0,0,0,0,165674.1476,281595.6941,IN,INR
M00826,P006,DC,12/31/2025,Active,31,M,17,62,955533.297,851030.1167,0.059620735,0.050515681,0.16935739,,account_balance,0.090977429,IALM_2012-14_Ultimate,MP-2020,0.071673596,0.055729885,0.083362333,0.529410241,0.271207343,0.075337937,0.124044479,6282646.314,6282646.314,1,11.47282806,0,0,0.0008,high_inflation,150,-0.05,300,787098.4631,1111143.051,1888605.454,IN,INR
M00827,P002,DB,12/31/2025,Active,39,M,11,61,560378.4923,495643.8102,0.063300176,0.025593896,0.123624751,0.009143673,flat,0.045470691,VBT-2015,MP-2021,0.066568186,0.045883303,0.062471659,0.236866335,0.287585731,0.280963138,0.194584796,596077.3492,564566.0834,1.055815017,11.32483133,0,0,0.0032,equity_down_20,0,-0.2,0,-28238.13139,59503.0842,101137.1571,IN,INR
M00828,P002,DB,12/31/2025,Active,46,M,3,63,2038018.419,1813721.042,0.060031587,0.030373982,0.035757559,0.018484003,final_average,0.106073125,RP-2010,None,0.081681015,0.055503372,0.06651635,0.351183267,0.516262531,0.130983984,0.001570217,1461943.262,1415260.677,1.03298515,14.071768,0,0,0.0053,equity_down_20,0,-0.2,0,-102682.0023,188439.3137,320289.5569,IN,INR
M00829,P005,DB,12/31/2025,Active,50,M,7,61,293380.924,273475.2988,0.03575463,0.059916487,0.06420696,0.015990393,career_average,0.110002909,IALM_2012-14_Ultimate,MP-2020,0.089994461,0.057715302,0.091268714,0.356903051,0.442597265,0.158674704,0.041824979,472299.1121,469913.0518,1.005077664,15.35119643,0,0,0.0065,baseline,0,0,0,0,60993.55534,103670.505,IN,INR
M00830,P003,DC,12/31/2025,Active,38,F,20,64,1039826.716,934443.1709,0.05488238,0.065905483,0.08103932,,account_balance,0.022153726,RP-2010,MP-2020,0.068272179,0.045996866,0.093729896,0.381222929,0.43236848,0.184015593,0.002392998,6727255.947,6727255.947,1,13.93594195,0,0,0.0029,rate_up_100bps,100,0,-50,792073.8124,924144.3806,1570764.552,IN,INR
M00831,P002,DB,12/31/2025,Active,40,F,12,63,1248942.625,1169937.948,0.033212924,0.033689457,0.12158148,0.013875064,final_average,0.052757452,RP-2014,MP-2021,0.077400698,0.045723457,0.096298424,0.230352297,0.604067922,0.049825307,0.115754474,2553710.255,2277443.458,1.121305667,11.69145421,0,0,0.0035,high_inflation,150,-0.05,300,254290.6539,247572.8307,420798.5621,IN,INR
M00832,P003,DC,12/31/2025,Active,35,M,11,64,634899.9291,567427.7346,0.057784891,0.064121163,0.144672314,,account_balance,0.151111111,RP-2010,MP-2021,0.063672212,0.045175709,0.095869062,0.252736486,0.323506121,0.262304361,0.161453032,2156218.834,2156218.834,1,15.25334786,0,0,0.002,equity_down_20,0,-0.2,0,-108991.0341,222222.4666,377710.6483,IN,INR
M00833,P001,DB,12/31/2025,Active,44,M,7,62,1115448.509,1020915.021,0.045273564,0.037092366,0.069145034,0.018288804,final_average,0.041157081,IAM-2012,None,0.084500059,0.04513909,0.096281158,0.23469888,0.400582863,0.220587102,0.144131155,1665941.314,1825459.868,0.912614592,13.96687836,0,0,0.0047,baseline,0,0,0,0,161752.5932,274930.2436,IN,INR
M00834,P001,DB,12/31/2025,Active,36,M,17,67,890005.597,830348.3841,0.035299958,0.097240669,0.055721467,0.017578789,final_average,0.037298409,IAM-2012,MP-2020,0.051478106,0.053236025,0.06378836,0.358434037,0.593656213,0.01093202,0.03697773,3831081.917,3659295.685,1.046945163,14.74685099,0,0,0.0023,high_inflation,150,-0.05,300,570210.8963,504548.1986,857578.5795,IN,INR
M00835,P003,DC,12/31/2025,Active,50,F,10,66,1535892.482,1355451.999,0.064482034,0.10886323,0.169044543,,account_balance,0.150758697,IAM-2012,MP-2021,0.069740895,0.032019898,0.086379546,0.32528454,0.368520901,0.231066727,0.075127831,5700234.706,5700234.706,1,10.90417763,0,0,0.0065,baseline,0,0,0,0,694821.2895,1180985,IN,INR
M00836,P003,DC,12/31/2025,Active,26,M,15,62,4785754.932,4303359.143,0.054560334,0.090710707,0.14768963,,account_balance,0.107977382,IAM-2012,MP-2020,0.057071017,0.043574718,0.08804215,0.247501927,0.662429748,0.062752719,0.027315606,28976679.46,28976679.46,1,17.63671198,0,0,0.0005,rate_up_100bps,100,0,-50,4150782.775,3047235.357,5179373.896,IN,INR
M00837,P006,DC,12/31/2025,Active,40,M,6,63,1146663.739,1051666.046,0.044188999,0.057223864,0.092600017,,account_balance,0.157743734,RP-2014,MP-2021,0.057073734,0.045719599,0.070727801,0.506602465,0.25379129,0.130378197,0.109228048,1160505.978,1160505.978,1,11.94969212,0,0,0.0035,equity_down_20,0,-0.2,0,-117583.0379,197874.5809,336326.6433,IN,INR
M00838,P003,DC,12/31/2025,Active,47,M,31,64,1292154.382,1215077.827,0.031229087,0.066890354,0.119623663,,account_balance,0.062222222,RP-2014,MP-2021,0.071319829,0.036433672,0.09971723,0.473398833,0.1274048,0.083501698,0.31569467,30657251.91,30657251.91,1,12.3272361,0,0,0.0056,baseline,0,0,0,0,4819559.856,8191786.843,IN,INR
M00839,P004,Hybrid,12/31/2025,Active,46,M,22,61,634872.7247,574214.8037,0.05149241,0.099317622,0.101840431,0.096416308,cash_balance,0.085405093,RP-2014,MP-2021,0.062311964,0.046238281,0.071433142,0.15450769,0.525845045,0.055784011,0.263863254,1918547.565,1897416.89,1.011136548,13.8645601,0,0,0.0053,baseline,0,0,0,0,141216.0524,240024.3662,IN,INR
M00840,P004,Hybrid,12/31/2025,Retired,71,M,12,63,1084532.479,952733.6275,0.066929035,0.075643937,0.107004177,0.079929126,cash_balance,0.146666667,IALM_2012-14_Ultimate,MP-2020,0.0683602,0.043669796,0.082995516,0.39669692,0.278417267,0.3170816,0.007804213,1208119.002,1190497.831,1.014801515,9.447227368,79366.52205,0,0.0128,high_inflation,150,-0.05,300,119513.6117,177994.186,302536.0146,IN,INR
M00841,P001,DB,12/31/2025,Active,47,M,13,62,832463.5839,749554.7563,0.053855193,0.068244959,0.127968711,0.009826782,flat,0.136739783,VBT-2015,MP-2020,0.062226397,0.052127474,0.094894217,0.686979565,0.204077611,0.070730341,0.038212483,1081206.545,1026533.966,1.053259396,10.7205061,0,0,0.0056,baseline,0,0,0,0,245803.7261,417791.622,IN,INR
M00842,P004,Hybrid,12/31/2025,Active,34,F,7,67,1397876.484,1223551.501,0.068866024,0.040532471,0.064629222,0.093916048,cash_balance,0.146978062,IAM-2012,MP-2021,0.068202758,0.04059883,0.071567445,0.446431886,0.248604239,0.284109662,0.020854214,985716.0679,938250.3318,1.050589629,16.31424222,0,0,0.0017,baseline,0,0,0,0,156850.0396,266597.3925,IN,INR
M00843,P001,DB,12/31/2025,Active,43,M,16,66,518285.9012,483397.4797,0.035458045,0.055520309,0.14777137,0.012252598,career_average,0.088139551,VBT-2015,MI-2012,0.061436807,0.058493195,0.084260213,0.493280983,0.48226257,0.018167621,0.006288826,1566293.005,1529984.995,1.023730958,16.1448729,0,0,0.0044,high_inflation,150,-0.05,300,275237.7349,264960.2583,450351.904,IN,INR
M00844,P006,DC,12/31/2025,Active,26,M,2,64,607386.1498,548061.2125,0.052732204,0.06351829,0.153209684,,account_balance,0.012218769,IAM-2012,MP-2020,0.082142052,0.04241191,0.088800587,0.231024876,0.505682498,0.132221265,0.131071361,258655.8952,258655.8952,1,10.27639253,0,0,0.0005,high_inflation,150,-0.05,300,27073.11338,24475.55933,41601.01148,IN,INR
M00845,P001,DB,12/31/2025,Active,43,M,26,64,1674472.404,1484876.393,0.061925002,0.003548341,0.065513251,0.016751157,final_average,0.030231084,IAM-2012,None,0.072313124,0.048926773,0.085068425,0.420423694,0.536084129,0.039511264,0.003980913,10587486.28,9252579.396,1.144274026,14.30719049,0,0,0.0044,equity_down_20,0,-0.2,0,-890246.018,1570118.117,2668723.56,IN,INR
M00846,P003,DC,12/31/2025,Active,36,M,15,67,1082187.147,979668.3202,0.051021629,0.057190478,0.129649203,,account_balance,0.053541663,IAM-2012,MP-2021,0.056457333,0.036650388,0.076238596,0.374408589,0.409077305,0.027969077,0.188545029,4763801.542,4763801.542,1,9.596342581,0,0,0.0023,baseline,0,0,0,0,618262.44,1050858.226,IN,INR
M00847,P001,DB,12/31/2025,Active,53,M,5,67,1786414.463,1672019.665,0.033642654,0.089648449,0.092350326,0.018204838,final_average,0.028726291,RP-2014,MI-2012,0.050338324,0.050659711,0.097790195,0.341700743,0.465078529,0.157060894,0.036159834,1387241.677,1471961.288,0.942444403,9.671596959,0,0,0.0074,baseline,0,0,0,0,173858.8167,295507.1437,IN,INR
M00848,P006,DC,12/31/2025,Active,39,M,25,67,1159715.286,1045284.429,0.05331544,0.044966279,0.111020145,,account_balance,0.076179596,IALM_2012-14_Ultimate,None,0.050699777,0.04541559,0.084492398,0.277790197,0.289561442,0.383410272,0.049238089,11235507.47,11235507.47,1,16.196424,0,0,0.0032,high_inflation,150,-0.05,300,2329567.22,1371393.891,2330952.778,IN,INR
M00849,P003,DC,12/31/2025,Active,43,F,30,61,1238486.477,1113841.027,0.054469516,0.064317622,0.084901755,,account_balance,0.032453066,IAM-2012,MP-2020,0.066867604,0.04026709,0.06897441,0.322925405,0.389074199,0.241422499,0.046577897,13560612.93,13560612.93,1,13.23477332,0,0,0.0044,high_inflation,150,-0.05,300,2077414.906,1662704.924,2826092.989,IN,INR
M00850,P004,Hybrid,12/31/2025,Active,38,M,13,62,856597.5446,763595.2548,0.05914837,0.074115267,0.099253158,0.077066358,cash_balance,0.066663299,IAM-2012,MI-2012,0.062564746,0.040437315,0.09224517,0.265295984,0.546127934,0.141151869,0.047424213,1088034.678,995126.1804,1.093363535,17.3388519,0,0,0.0029,baseline,0,0,0,0,115663.2802,196592.4203,IN,INR
M00851,P001,DB,12/31/2025,Retired,61,M,6,65,902449.2078,802497.4037,0.060448461,0.0178375,0.049537247,0.017848441,final_average,0.101771997,IAM-2012,None,0.060484447,0.041263632,0.086235135,0.430608687,0.410678707,0.036008666,0.12270394,874745.5731,1143267.926,0.765127362,13.30309999,85939.96341,0,0.0098,rate_down_100bps,-100,0,50,-134128.1064,129060.0037,219362.7783,IN,INR
M00852,P005,DB,12/31/2025,Active,41,M,11,64,1519645.826,1350361.516,0.060830908,0.04218288,0.047922397,0.013707754,final_average,0.086692596,RP-2010,MP-2021,0.074917028,0.043123602,0.064380608,0.238887028,0.672339108,0.06299511,0.025778754,2683277.881,3311311.793,0.810336824,16.26263978,0,0,0.0038,rate_down_100bps,-100,0,50,-448303.0761,278019.6733,472548.9401,IN,INR
M00853,P002,DB,12/31/2025,Retired,62,F,15,60,923147.2235,826991.2389,0.056537776,0.042275792,0.09026363,0.020417596,final_average,0.047792623,IAM-2012,MI-2012,0.082527937,0.037429463,0.071125685,0.096945796,0.490002542,0.17064293,0.242408732,2942390.712,3735562.526,0.787670047,14.74888663,253277.5944,0,0.0101,equity_down_20,0,-0.2,0,-57050.48217,197532.4058,335745.0496,IN,INR
M00854,P006,DC,12/31/2025,Active,52,F,13,61,1677123.951,1554681.35,0.038632447,0.04363018,0.116536118,,account_balance,0.037686095,RP-2014,MP-2021,0.052535195,0.038322031,0.066325519,0.216414774,0.758405923,0.011018572,0.014160731,4914050.314,4914050.314,1,12.87539532,0,0,0.0071,rate_down_100bps,-100,0,50,-446361.1611,507778.8693,863069.7378,IN,INR
M00855,P002,DB,12/31/2025,Active,49,F,5,66,937119.2893,856230.7611,0.04616943,0.083766091,0.120121461,0.017529443,career_average,0.03983191,RP-2014,MP-2021,0.054398944,0.058750885,0.062906922,0.61318661,0.309622748,0.055929908,0.021260734,994760.7806,1050185.043,0.947224289,13.99383898,0,0,0.0062,baseline,0,0,0,0,203268.1031,345493.9917,IN,INR
M00856,P002,DB,12/31/2025,Active,48,M,14,66,579060.5075,514346.9602,0.061045199,0.009477512,0.057109726,0.013532199,final_average,0.111494303,VBT-2015,None,0.064749841,0.039037851,0.06920799,0.30118816,0.694822615,0.002282855,0.001706369,1720978.101,1696301.147,1.014547507,17.40805917,0,0,0.0059,baseline,0,0,0,0,207392.4242,352504.084,IN,INR
M00857,P001,DB,12/31/2025,Active,48,F,20,63,555797.6651,487150.0316,0.068137079,0.056296923,0.042011942,0.01891897,final_average,0.051985682,RP-2014,None,0.067659462,0.048807243,0.071125532,0.635952428,0.285028058,0.077605453,0.00141406,1694027.592,1784788.826,0.949147354,9.682703389,0,0,0.0059,baseline,0,0,0,0,358568.4967,609457.4569,IN,INR
M00858,P003,DC,12/31/2025,Active,25,M,5,66,911383.2652,853822.6394,0.033157879,0.055278562,0.13853038,,account_balance,0.03561676,VBT-2015,MP-2021,0.065809205,0.040360211,0.078661007,0.176833471,0.38646909,0.193927036,0.242770402,999824.8604,999824.8604,1,13.76523853,0,0,0.0005,equity_down_20,0,-0.2,0,-35360.50011,79491.4579,135111.3169,IN,INR
M00859,P003,DC,12/31/2025,Active,41,M,5,64,1486720.014,1344855.143,0.051421467,0.072383632,0.174287421,,account_balance,0.006379036,IALM_2012-14_Ultimate,MP-2021,0.075545464,0.054325186,0.09877052,0.209726408,0.496298935,0.288149938,0.00582472,2099090.668,2099090.668,1,9.466614032,0,0,0.0038,equity_down_20,0,-0.2,0,-88046.94908,214024.2357,363776.1478,IN,INR
M00860,P001,DB,12/31/2025,Active,52,F,7,66,729933.4345,671630.465,0.042500891,0.014799352,0.09544407,0.013228188,career_average,0.05441946,RP-2010,MP-2021,0.053488612,0.050878383,0.097730751,0.323305005,0.291494845,0.184765326,0.200434824,735287.34,870612.0025,0.844563753,13.99896336,0,0,0.0071,equity_down_20,0,-0.2,0,-47544.41544,85378.4927,145117.4867,IN,INR
M00861,P005,DB,12/31/2025,Active,44,F,9,63,1368606.9,1267752.45,0.039015756,0.052550514,0.068411972,0.015493595,career_average,0.16,RP-2014,MP-2021,0.069789127,0.039846818,0.090147328,0.444721896,0.321969287,0.208771148,0.024537669,2184437.55,2556634.969,0.854419022,14.46237252,0,0,0.0047,equity_down_20,0,-0.2,0,-194293.4416,339228.8076,576585.8639,IN,INR
M00862,P003,DC,12/31/2025,Active,30,M,17,61,1030269.381,934071.1226,0.050232427,0.044832959,0.15036492,,account_balance,0.049908362,IAM-2012,MP-2021,0.082469781,0.051498717,0.085860457,0.107031192,0.563087808,0.320897459,0.008983541,6242853.106,6242853.106,1,16.26746318,0,0,0.0005,rate_down_100bps,-100,0,50,-839790.1068,570167.0492,969110.6806,IN,INR
M00863,P003,DC,12/31/2025,Active,43,M,20,63,1293412.198,1163737.496,0.054243574,0.087737783,0.170614933,,account_balance,0.075837536,IALM_2012-14_Ultimate,MP-2021,0.087138367,0.052702331,0.097890907,0.180518437,0.351387682,0.406327244,0.061766638,15299947.31,15299947.31,1,16.18362915,0,0,0.0044,rate_up_100bps,100,0,-50,2207276.081,1616632.836,2747784.443,IN,INR
M00864,P003,DC,12/31/2025,Retired,61,M,6,64,864270.2362,814039.609,0.030390889,0.097362874,0.085682144,,account_balance,0.019184682,IAM-2012,None,0.072415051,0.034148749,0.065697888,0.082605775,0.534945877,0.378099689,0.00434866,1082074.133,1082074.133,1,9.090839146,72138.27554,0,0.0098,baseline,0,0,0,0,103206.4217,175419.5472,IN,INR
M00865,P003,DC,12/31/2025,Active,56,M,12,64,1069128.595,949355.1261,0.061208263,0.118231349,0.159279236,,account_balance,0.059488942,VBT-2015,MP-2021,0.055536971,0.047344391,0.073213221,0.680163445,0.090196845,0.098972732,0.130666978,4830650.132,4830650.132,1,9.640714346,0,0,0.0083,baseline,0,0,0,0,1085986.427,1845846.838,IN,INR
M00866,P003,DC,12/31/2025,Active,43,M,20,61,1502189.741,1329920.111,0.062795285,0.104572806,0.168662445,,account_balance,0.05213929,VBT-2015,MP-2021,0.079098908,0.054232779,0.082133088,0.308624456,0.363493358,0.107176532,0.220705654,16002912.97,16002912.97,1,15.16083637,0,0,0.0044,baseline,0,0,0,0,1757246.81,2986785.46,IN,INR
M00867,P001,DB,12/31/2025,Deferred,54,F,32,68,977030.2109,855580.829,0.068620433,0.085949329,0.0901914,0.008965265,flat,0.017299238,RP-2010,MP-2021,0.081853263,0.031510467,0.092557367,0.51552626,0.174628062,0.240499446,0.069346232,2908965.82,2613080.113,1.113232543,10.6458067,0,0,0.0077,rate_down_100bps,-100,0,50,-252784.1047,514805.8505,875013.4698,IN,INR
M00868,P002,DB,12/31/2025,Active,40,F,12,62,777481.6714,722675.9138,0.037225749,0.031115672,0.05006579,0.015572448,final_average,0.080436469,IALM_2012-14_Ultimate,MI-2012,0.05785164,0.045235993,0.084951465,0.431179423,0.369614902,0.188593825,0.01061185,1437641.173,1857313.183,0.774043487,13.7531893,0,0,0.0035,baseline,0,0,0,0,217272.0056,369296.3694,IN,INR
M00869,P006,DC,12/31/2025,Active,27,F,12,62,434527.5273,391305.2347,0.053782102,0.101062231,0.174244309,,account_balance,0.132904901,VBT-2015,MP-2020,0.077100199,0.055195047,0.092354768,0.491196136,0.301685255,0.179179451,0.027939158,2196320.337,2196320.337,1,11.08546341,0,0,0.0005,high_inflation,150,-0.05,300,261572.418,369175.1234,627485.4985,IN,INR
M00870,P006,DC,12/31/2025,Active,35,F,13,64,1256310.267,1145907.63,0.047065015,0.09837884,0.135315939,,account_balance,0.055978492,IAM-2012,MP-2021,0.087220589,0.058582881,0.066123002,0.264547787,0.654590868,0.07913955,0.001721795,5278244.584,5278244.584,1,16.51133209,0,0,0.002,rate_up_100bps,100,0,-50,698753.9568,578047.6784,982505.3548,IN,INR
M00871,P003,DC,12/31/2025,Retired,60,M,9,64,695756.7859,639089.2587,0.043393114,0.105611525,0.105681178,,account_balance,0.03057854,RP-2014,MP-2021,0.078753675,0.049679554,0.067709394,0.380997659,0.514848968,0.06304673,0.041106643,1632026.908,1632026.908,1,15.12815191,108801.7939,0,0.0095,rate_down_100bps,-100,0,50,-204883.1415,221677.9758,376785.1796,IN,INR
M00872,P002,DB,12/31/2025,Active,41,F,11,63,778989.54,703046.3964,0.052625338,0.009238491,0.132016696,0.024123949,final_average,0.027839431,RP-2014,None,0.06662272,0.039834165,0.089622609,0.302704631,0.258880574,0.140059148,0.298355647,2883223.911,2410362.645,1.196178474,12.91984558,0,0,0.0038,baseline,0,0,0,0,307296.6871,522310.9649,IN,INR
M00873,P004,Hybrid,12/31/2025,Active,42,M,2,65,608111.9164,539897.1221,0.061295324,0.069283573,0.129518687,0.071276616,cash_balance,0.048884772,IALM_2012-14_Ultimate,MP-2021,0.06771052,0.04814532,0.073932622,0.371569069,0.355998967,0.219110552,0.053321412,82826.48454,80400.19383,1.030177672,11.02177832,0,0,0.0041,rate_up_100bps,100,0,-50,7387.223985,11127.85344,18913.96852,IN,INR
M00874,P003,DC,12/31/2025,Active,41,M,7,64,887764.565,835306.9544,0.030922111,0.048381109,0.08116891,,account_balance,0.168888889,IALM_2012-14_Ultimate,MI-2012,0.053182266,0.0308209,0.077443776,0.347236766,0.449786762,0.114698374,0.088278097,983473.758,983473.758,1,14.93428676,0,0,0.0038,high_inflation,150,-0.05,300,170060.7636,122585.7727,208358.5534,IN,INR
M00875,P001,DB,12/31/2025,Retired,63,M,14,64,2530417.234,2215229.608,0.068776005,0.093474236,0.097250702,0.016134905,final_average,0.083539047,VBT-2015,MP-2020,0.071044585,0.043675851,0.091666581,0.145596407,0.597262913,0.245391471,0.011749208,7086887.798,6085582.558,1.164537286,12.16155076,500395.2769,0,0.0104,baseline,0,0,0,0,638453.8312,1085177.454,IN,INR
M00876,P001,DB,12/31/2025,Retired,60,M,6,65,1153622.558,1022095.528,0.062395263,0.051644455,0.115608968,0.013980741,final_average,0.069215811,RP-2014,MP-2021,0.082107384,0.051819822,0.062801449,0.093299451,0.682787325,0.211892572,0.012020652,1020549.694,1226223.691,0.83227041,14.30199959,85737.91963,0,0.0095,baseline,0,0,0,0,86796.91563,147528.3745,IN,INR
M00877,P004,Hybrid,12/31/2025,Retired,66,F,17,60,736848.6783,655735.6031,0.060046148,0.046009826,0.111209775,0.072425614,cash_balance,0.038022453,RP-2010,MP-2020,0.089139864,0.031086213,0.06671918,0.301340142,0.587123365,0.05918144,0.052355053,1296459.297,1309816.872,0.989801953,15.01293156,87321.12477,0,0.0113,high_inflation,150,-0.05,300,218340.4885,149651.1419,254361.4546,IN,INR
M00878,P004,Hybrid,12/31/2025,Active,42,F,3,64,801839.2845,713074.9816,0.060415495,0.043428352,0.031984317,0.093079325,cash_balance,0.100516602,RP-2010,MP-2021,0.065972151,0.048097004,0.071832433,0.359064287,0.403736297,0.107774974,0.129424441,208484.2323,212253.8315,0.982240136,10.23900382,0,0,0.0041,equity_down_20,0,-0.2,0,-14971.84846,26371.63089,44823.75682,IN,INR
M00879,P001,DB,12/31/2025,Active,47,M,17,66,515334.5666,471399.7378,0.045562428,0.069258764,0.044692236,0.011906644,flat,0.051410159,RP-2010,MP-2021,0.067414699,0.047649661,0.095339739,0.237967529,0.474223978,0.26946999,0.018338503,927518.676,901058.889,1.029365214,9.443338085,0,0,0.0056,rate_up_100bps,100,0,-50,63097.45743,97939.77747,166467.8528,IN,INR
M00880,P002,DB,12/31/2025,Active,29,F,17,60,591977.9309,526793.8192,0.060064822,0.045226276,0.049510867,0.012458419,final_average,0.04569797,RP-2010,MP-2021,0.052190556,0.035690171,0.076195235,0.33068048,0.461606108,0.026084757,0.181628654,1649390.026,1499504.74,1.099956526,13.43987748,0,0,0.0005,equity_down_20,0,-0.2,0,-109084.2172,194790.8642,331085.2623,IN,INR
M00881,P002,DB,12/31/2025,Deferred,59,M,32,63,551125.3051,504227.5029,0.045470808,0.012860036,0.120681107,0.010358731,career_average,0.044616788,VBT-2015,None,0.081004848,0.047076682,0.070084354,0.483232051,0.373696917,0.016812129,0.126258904,1866431.029,1742394.578,1.071187349,10.42469715,0,0,0.0092,baseline,0,0,0,0,304699.9534,517897.3068,IN,INR
M00882,P004,Hybrid,12/31/2025,Active,32,F,9,67,1111976.296,978640.6899,0.065948273,0.088017218,0.082810028,0.113436259,cash_balance,0.134263022,IAM-2012,MP-2021,0.07866631,0.042283508,0.087137095,0.412829191,0.497159728,0.057680056,0.032331025,1189044.649,1253946.531,0.948241906,9.807031025,0,0,0.0011,equity_down_20,0,-0.2,0,-98174.46821,172247.5855,292768.5405,IN,INR
M00883,P001,DB,12/31/2025,Active,46,M,11,63,1203831.993,1119267.55,0.037088895,0.042839535,0.095460315,0.014190066,final_average,0.092291194,RP-2010,None,0.066117026,0.044364871,0.061211605,0.500593931,0.204619681,0.283299169,0.011487218,1954142.882,1712381.986,1.141183975,9.801434475,0,0,0.0053,equity_down_20,0,-0.2,0,-195646.4135,342169.7997,581584.6564,IN,INR
M00884,P001,DB,12/31/2025,Active,33,M,24,64,1019598.328,939612.6933,0.041693897,0.007400458,0.122722492,0.024934798,final_average,0.065064177,VBT-2015,MI-2012,0.078371032,0.039762195,0.091004271,0.556433531,0.2290338,0.184223932,0.030308737,6515566.896,8613777.616,0.756412249,15.31890348,0,0,0.0014,baseline,0,0,0,0,1224980.757,2082094.952,IN,INR
M00885,P005,DB,12/31/2025,Active,38,M,22,68,1162901.009,1050671.846,0.052053502,0.052936599,0.070917872,0.015502977,final_average,0.008585647,RP-2010,MP-2020,0.074921017,0.054310339,0.087915708,0.301920083,0.388482392,0.268378461,0.041219065,5308781.022,6144735.389,0.863956002,17.14740113,0,0,0.0029,equity_down_20,0,-0.2,0,-320565.521,631368.0503,1073133.78,IN,INR
M00886,P001,DB,12/31/2025,Active,36,M,19,62,697465.6955,641426.7883,0.042768441,0.064734686,0.119866827,0.019762851,final_average,0.081273712,RP-2010,MP-2021,0.080759719,0.04096958,0.062203331,0.257054565,0.476575618,0.178141768,0.088228049,4119576.117,4187587.014,0.983758929,17.386556,0,0,0.0023,rate_up_100bps,100,0,-50,629912.6845,424206.6829,721022.4228,IN,INR
M00887,P004,Hybrid,12/31/2025,Active,38,M,13,61,587290.8282,535778.3577,0.04696949,0.027558246,0.083075913,0.05624589,cash_balance,0.142222222,IAM-2012,MP-2020,0.062565708,0.053724301,0.079921154,0.134411084,0.565216134,0.284883734,0.015489048,542612.5247,509598.0531,1.064785317,17.423217,0,0,0.0029,rate_up_100bps,100,0,-50,73453.70696,49226.19424,83669.56783,IN,INR
M00888,P002,DB,12/31/2025,Active,39,F,24,66,585617.678,531479.2858,0.049696908,0.080034041,0.075261623,0.017353788,career_average,0.035862315,RP-2010,MP-2021,0.076032749,0.032297192,0.076166017,0.097401619,0.216613263,0.476248953,0.209736164,3094307.266,3328968.132,0.929509429,15.03895856,0,0,0.0032,rate_down_100bps,-100,0,50,-467128.7382,314556.6481,534650.6919,IN,INR
M00889,P001,DB,12/31/2025,Active,39,M,39,66,574056.5949,506831.9903,0.064254134,0.066977585,0.069964472,0.008755414,flat,0.003690179,VBT-2015,MP-2020,0.075024853,0.038357364,0.066325568,0.170065045,0.648850035,0.104059294,0.077025625,3297286.296,2999672.588,1.099215397,17.33279312,0,0,0.0032,rate_down_100bps,-100,0,50,-412954.8274,288496.9749,490357.1683,IN,INR
M00890,P002,DB,12/31/2025,Active,52,F,15,64,1157072.444,1047646.775,0.05092769,0.065034117,0.145793378,0.013262428,final_average,0.05840376,VBT-2015,MP-2021,0.053619612,0.042080101,0.066161791,0.181143038,0.649755199,0.110662288,0.058439474,1845555.634,2123044.388,0.869296773,10.18661498,0,0,0.0071,baseline,0,0,0,0,166535.9229,283060.4501,IN,INR
M00891,P005,DB,12/31/2025,Active,33,F,11,64,2436722.014,2233523.025,0.044498394,0.042082495,0.122636809,0.022594748,final_average,0.10315989,RP-2014,MP-2021,0.061238111,0.042137388,0.066407928,0.323427259,0.487305036,0.16076133,0.028506374,9491221.883,8001338.168,1.186204318,14.41358496,0,0,0.0014,baseline,0,0,0,0,1148523.247,1952140.424,IN,INR
M00892,P005,DB,12/31/2025,Active,46,M,16,66,614599.8484,568331.0739,0.039909447,0.09619153,0.032423513,0.0233367,final_average,0.128106521,IALM_2012-14_Ultimate,None,0.084408029,0.04323884,0.083986495,0.169948157,0.658326231,0.040767884,0.130957728,2544400.531,3361363.641,0.756954856,15.83998168,0,0,0.0053,high_inflation,150,-0.05,300,651409.8474,219138.4222,372468.7103,IN,INR
M00893,P005,DB,12/31/2025,Active,56,M,12,65,844182.8396,771054.4007,0.046347039,0.027418917,0.144889858,0.012212387,career_average,0.039591435,RP-2010,MP-2020,0.056245284,0.049571688,0.066844266,0.336921768,0.334049491,0.078179936,0.250848805,1639279.703,1976043.182,0.829576862,17.48757594,0,0,0.0083,rate_down_100bps,-100,0,50,-318182.0247,191377.5895,325283.7327,IN,INR
M00894,P003,DC,12/31/2025,Active,39,F,9,62,1078737.594,977274.7507,0.050629444,0.098801105,0.101414216,,account_balance,0.053498516,RP-2010,MP-2021,0.065182554,0.047221641,0.062383838,0.215529981,0.455735426,0.070387247,0.258347345,2312187.461,2312187.461,1,11.95525419,0,0,0.0032,baseline,0,0,0,0,197046.0273,334918.354,IN,INR
M00895,P004,Hybrid,12/31/2025,Active,37,M,17,60,868433.5846,773129.4778,0.059844594,0.030905516,0.047900966,0.09410716,cash_balance,0.101884159,VBT-2015,None,0.059009431,0.04563143,0.09830308,0.22175401,0.367692545,0.409979086,0.000574359,1464305.047,1711681.055,0.855477744,14.26297426,0,0,0.0026,baseline,0,0,0,0,168168.4909,285835.3194,IN,INR
M00896,P002,DB,12/31/2025,Active,42,F,8,64,1143755.37,1068034.038,0.034841951,0.074480475,0.039160575,0.017148545,final_average,0.055350376,RP-2010,None,0.055607417,0.055130172,0.06156687,0.293161112,0.595333556,0.111347185,0.000158147,1402422.197,1850863.601,0.757712344,12.63199831,0,0,0.0041,baseline,0,0,0,0,161360.1824,274263.2644,IN,INR
M00897,P002,DB,12/31/2025,Active,56,M,15,66,760000.2979,704200.0663,0.038864368,0.004779148,0.066983291,0.024182512,final_average,0.096371055,VBT-2015,MP-2020,0.055456454,0.035885007,0.086555842,0.265597354,0.286724748,0.437537173,0.010140725,4093667.516,3536417.163,1.157574835,13.84441943,0,0,0.0083,high_inflation,150,-0.05,300,591999.59,516129.8747,877263.9085,IN,INR
M00898,P006,DC,12/31/2025,Active,46,M,4,66,724943.8409,663616.3283,0.045186161,0.074329865,0.098393863,,account_balance,0.062884352,RP-2014,MI-2012,0.063918211,0.055807164,0.097441317,0.15802567,0.695285645,0.070048587,0.076640098,552193.9872,552193.9872,1,13.5321025,0,0,0.0053,baseline,0,0,0,0,48155.45263,81849.63256,IN,INR
M00899,P001,DB,12/31/2025,Active,39,F,26,67,907044.5415,831537.1074,0.044415936,0.081086097,0.103985603,0.020502838,final_average,0.021282966,RP-2010,MI-2012,0.082138939,0.054342903,0.061517413,0.594898005,0.201757837,0.10668772,0.096656438,6450576.711,7379216.839,0.87415465,16.64720467,0,0,0.0032,high_inflation,150,-0.05,300,1553169.154,1276325.935,2169366.148,IN,INR
M00900,P001,DB,12/31/2025,Active,49,M,6,66,1140471.856,1043026.492,0.045669924,0.043426816,0.063102015,0.0161857,career_average,0.048127429,RP-2014,None,0.088652636,0.035870836,0.098629275,0.344241889,0.544412105,0.110825267,0.000520738,1422462.822,1662881.655,0.855420359,16.41660156,0,0,0.0062,rate_down_100bps,-100,0,50,-234268.3568,181009.231,307660.6747,IN,INR
M00901,P002,DB,12/31/2025,Active,33,M,4,64,1753494.859,1555490.785,0.061740851,0.034118005,0.083480997,0.01231332,career_average,0.029758141,RP-2014,MP-2021,0.07287346,0.0487219,0.080093564,0.34748772,0.449504344,0.130066169,0.072941767,836977.1922,961815.9424,0.870205156,12.55420899,0,0,0.0014,baseline,0,0,0,0,104869.1039,178245.6016,IN,INR
M00902,P001,DB,12/31/2025,Deferred,51,M,22,63,1166462.146,1072334.309,0.042966176,0.060752686,0.055426819,0.014392076,career_average,0.08957635,IALM_2012-14_Ultimate,MP-2021,0.075408972,0.036698328,0.091403409,0.63257702,0.17545709,0.131012918,0.060952972,4350009.549,3914454.092,1.111268506,11.5290861,0,0,0.0068,baseline,0,0,0,0,915393.1387,1555890.101,IN,INR
M00903,P002,DB,12/31/2025,Active,48,F,24,65,878990.5424,797155.0419,0.050075927,0.070189934,0.036069442,0.01201059,final_average,0.00559676,VBT-2015,MP-2021,0.081149754,0.058284619,0.085004877,0.373686722,0.47210291,0.02284822,0.131362148,3407824.851,3827710.595,0.890303686,16.65791771,0,0,0.0059,equity_down_20,0,-0.2,0,-254691.7796,448374.6441,762100.6108,IN,INR
M00904,P004,Hybrid,12/31/2025,Active,41,F,13,65,1430961.66,1285757.52,0.054956281,0.020120135,0.092036456,0.068078032,cash_balance,0.042686214,RP-2014,None,0.076472046,0.044788489,0.084673879,0.185758487,0.608829261,0.175287448,0.030124804,1563286.424,1565986.558,0.998275761,17.59192238,0,0,0.0038,baseline,0,0,0,0,144496.1763,245599.5798,IN,INR
M00905,P003,DC,12/31/2025,Active,36,M,10,64,1544244.58,1429700.198,0.039287142,0.060163749,0.094598462,,account_balance,0.088904592,VBT-2015,None,0.083932867,0.036111672,0.091550341,0.215963228,0.592904765,0.126196447,0.06493556,3428694.191,3428694.191,1,9.167558524,0,0,0.0023,rate_up_100bps,100,0,-50,212683.0904,326980.1671,555766.898,IN,INR
M00906,P006,DC,12/31/2025,Active,35,M,9,61,858973.9603,766293.151,0.058747815,0.102790393,0.11461959,,account_balance,0.116674316,IALM_2012-14_Ultimate,None,0.085362058,0.049083293,0.062617601,0.322169003,0.327008656,0.213376364,0.137445977,1970667.97,1970667.97,1,13.50903794,0,0,0.002,equity_down_20,0,-0.2,0,-126977.6269,233635.2676,397108.9411,IN,INR
M00907,P005,DB,12/31/2025,Active,49,M,12,67,922019.0381,833304.6711,0.051884453,0.058966431,0.143580879,0.010030533,flat,0.130891895,VBT-2015,MP-2020,0.075108322,0.051216269,0.075695595,0.268948661,0.303408306,0.126033637,0.301609397,1817082.659,1599178.509,1.136260054,15.94365505,0,0,0.0062,baseline,0,0,0,0,175889.5405,298958.7569,IN,INR
M00908,P002,DB,12/31/2025,Active,56,M,10,64,812445.1171,739908.7884,0.047871247,0.039011648,0.047204437,0.014426762,final_average,0.038136814,IALM_2012-14_Ultimate,MP-2021,0.071322509,0.048149089,0.098782724,0.088689269,0.828404497,0.03269045,0.050215784,1704636.341,1907930.3,0.893447911,17.87374094,0,0,0.0083,equity_down_20,0,-0.2,0,-30236.59036,148401.2893,252237.085,IN,INR
M00909,P002,DB,12/31/2025,Active,38,M,10,63,1424606.919,1262193.642,0.062391361,0.080144169,0.030235442,0.014712697,final_average,0.155555556,RP-2010,MP-2021,0.06564205,0.037250609,0.062183491,0.559083384,0.368579781,0.063102591,0.009234244,2086336.769,2557997.397,0.815613327,13.77468991,0,0,0.0029,baseline,0,0,0,0,392053.4471,666371.6948,IN,INR
M00910,P003,DC,12/31/2025,Active,49,F,6,64,1018035.916,941702.5673,0.03973981,0.098620949,0.113332972,,account_balance,0.14541311,IALM_2012-14_Ultimate,MP-2020,0.068463226,0.052056433,0.070511832,0.249547022,0.501349849,0.110804347,0.138298781,1469199.851,1469199.851,1,15.47107511,0,0,0.0062,baseline,0,0,0,0,144496.037,245599.3431,IN,INR
M00911,P004,Hybrid,12/31/2025,Active,23,M,5,65,523094.0114,460907.5776,0.065327039,0.024166281,0.085524996,0.088755313,cash_balance,0.145646986,IALM_2012-14_Ultimate,MI-2012,0.063818318,0.057886883,0.086884278,0.349729781,0.301203543,0.345651706,0.003414971,196567.1812,226755.2336,0.866869435,17.40014158,0,0,0.0005,baseline,0,0,0,0,26936.45941,45783.79362,IN,INR
M00912,P002,DB,12/31/2025,Active,38,M,11,62,1182062.644,1067196.008,0.052441949,0.020673531,0.114831844,0.010283394,flat,0.151111111,IALM_2012-14_Ultimate,MP-2021,0.067078653,0.058564045,0.064017425,0.488474464,0.445341897,0.041530538,0.024653101,1499354.424,1494129.4,1.003497036,12.37698452,0,0,0.0029,rate_up_100bps,100,0,-50,151541.8973,250111.5999,425113.6981,IN,INR
M00913,P004,Hybrid,12/31/2025,Active,44,F,12,66,1924806.262,1731423.937,0.054366995,0.039685927,0.099691632,0.072638557,cash_balance,0.077068993,IAM-2012,MP-2020,0.085988394,0.05038439,0.081466943,0.458295661,0.370244264,0.166749807,0.004710268,2102252.459,2099194.142,1.0014569,16.96338513,0,0,0.0047,rate_down_100bps,-100,0,50,-317177.0411,333412.7596,566700.35,IN,INR
M00914,P003,DC,12/31/2025,Active,35,M,7,63,1994434.178,1758403.618,0.065002359,0.07038837,0.168540497,,account_balance,0.100735153,RP-2014,None,0.088894876,0.055207358,0.088534817,0.262613261,0.596879446,0.074774972,0.065732321,3957613.407,3957613.407,1,11.3953722,0,0,0.002,rate_up_100bps,100,0,-50,332873.8731,417984.4385,710446.4984,IN,INR
M00915,P003,DC,12/31/2025,Active,35,M,7,62,793653.1506,702759.427,0.062703308,0.101075592,0.156269186,,account_balance,0.11274132,VBT-2015,MP-2021,0.064461354,0.059358954,0.090296815,0.123727297,0.567807419,0.273288527,0.035176758,1713273.439,1713273.439,1,15.52912281,0,0,0.002,rate_down_100bps,-100,0,50,-217415.868,150421.1522,255670.2381,IN,INR
M00916,P003,DC,12/31/2025,Active,37,M,12,63,719653.872,647725.4403,0.054062483,0.097096648,0.089211711,,account_balance,0.04741114,VBT-2015,None,0.058823602,0.031301424,0.082447584,0.355272688,0.340487971,0.289858989,0.014380352,2329409.24,2329409.24,1,17.60319813,0,0,0.0026,baseline,0,0,0,0,313090.1495,532158.09,IN,INR
M00917,P002,DB,12/31/2025,Active,47,M,6,65,2312964.595,2058035.101,0.060127508,0.089315182,0.075154341,0.016637655,final_average,0.173333333,IAM-2012,MP-2020,0.053127623,0.044309717,0.080025212,0.589785895,0.231121238,0.168179822,0.010913045,3480413.637,3047726.684,1.141970392,14.83473752,0,0,0.0056,baseline,0,0,0,0,689736.0463,1172341.633,IN,INR
M00918,P006,DC,12/31/2025,Active,42,F,19,67,1992731.114,1816683.656,0.04733278,0.040502844,0.102355047,,account_balance,0.057190902,RP-2010,MP-2020,0.083477239,0.038742242,0.088555549,0.673225059,0.258634916,0.045077813,0.023062211,11041238.9,11041238.9,1,12.38586412,0,0,0.0041,rate_down_100bps,-100,0,50,-1224770.353,2463687.352,4187519.658,IN,INR
M00919,P005,DB,12/31/2025,Active,22,M,15,66,1215038.371,1098108.165,0.05189511,0.062962572,0.050130475,0.010644936,flat,0.092196414,RP-2014,None,0.08482664,0.044243615,0.065802385,0.098755585,0.766878933,0.067845963,0.066519518,1638271.655,1701049.253,0.963094779,9.701467694,0,0,0.0005,rate_down_100bps,-100,0,50,-102208.9428,136727.7082,232395.5454,IN,INR
M00920,P001,DB,12/31/2025,Active,23,M,7,67,455665.1224,427444.8927,0.032482805,0.021351137,0.12256345,0.018934061,final_average,0.055956328,RP-2014,MP-2021,0.068018885,0.057507534,0.087220717,0.28141262,0.627245356,0.090059491,0.001282533,698055.9587,612193.0207,1.140254683,10.80603667,0,0,0.0005,high_inflation,150,-0.05,300,56569.68878,78731.06873,133818.8864,IN,INR
M00921,P006,DC,12/31/2025,Active,38,M,14,62,749495.608,701566.5384,0.033594317,0.061756468,0.152880516,,account_balance,0.010221246,RP-2014,MP-2020,0.071696712,0.059501585,0.096769813,0.082313932,0.711030033,0.049637811,0.157018223,4024480.99,4024480.99,1,15.56329661,0,0,0.0029,rate_down_100bps,-100,0,50,-483265.5711,305466.4094,519200.049,IN,INR
M00922,P003,DC,12/31/2025,Active,49,F,6,61,601931.296,532519.806,0.063177016,0.051714123,0.118119156,,account_balance,0.101666803,RP-2014,MP-2021,0.07959285,0.057147732,0.087310123,0.284486267,0.595905248,0.028516661,0.091091825,697541.5881,697541.5881,1,17.90708965,0,0,0.0062,high_inflation,150,-0.05,300,146266.8942,77214.56109,131241.2844,IN,INR
M00923,P006,DC,12/31/2025,Active,20,M,17,64,2225651.705,2088200.811,0.032386866,0.072825244,0.061220858,,account_balance,0.075615982,IAM-2012,MP-2021,0.065034105,0.035913523,0.061860145,0.073706918,0.404499751,0.486737306,0.035056025,7925881.937,7925881.937,1,16.6477516,0,0,0.0005,rate_up_100bps,100,0,-50,1159180.273,846773.9507,1439258.338,IN,INR
M00924,P005,DB,12/31/2025,Active,39,M,6,63,495582.4585,461047.9385,0.036775965,0.058247507,0.145533443,0.014511248,career_average,0.026726823,VBT-2015,MP-2020,0.058059606,0.054085929,0.080239447,0.33627921,0.311317901,0.349536158,0.002866731,635265.439,647227.0844,0.981518627,16.12332463,0,0,0.0032,baseline,0,0,0,0,85100.04388,144644.2083,IN,INR
M00925,P003,DC,12/31/2025,Active,39,F,10,66,2216947.634,1966268.164,0.061833306,0.100001775,0.10672334,,account_balance,0.051395303,RP-2010,MP-2021,0.05458732,0.054529699,0.089051012,0.503330449,0.42195605,0.059299392,0.015414109,6226974.732,6226974.732,1,9.168568337,0,0,0.0032,baseline,0,0,0,0,1065768.277,1811482.129,IN,INR
M00926,P001,DB,12/31/2025,Active,58,M,12,65,938946.5438,884968.4019,0.030045838,0.068027262,0.053942717,0.013611834,final_average,0.020273121,RP-2010,None,0.059409648,0.047381376,0.061729769,0.317576497,0.445208461,0.084037764,0.153177277,2290666.12,2255484.99,1.015598033,15.60322233,0,0,0.0089,high_inflation,150,-0.05,300,415032.6247,262469.5553,446118.466,IN,INR
M00927,P002,DB,12/31/2025,Active,40,F,24,68,574373.5756,529719.4348,0.041296173,0.063703441,0.083805629,0.013610941,flat,0.038841504,RP-2010,MP-2020,0.075813361,0.051446762,0.090487931,0.51405844,0.451336356,0.002875168,0.031730036,2823154.777,2846163.524,0.991915873,16.448055,0,0,0.0035,baseline,0,0,0,0,493756.4782,839235.9349,IN,INR
M00928,P003,DC,12/31/2025,Active,48,M,6,62,1535028.178,1383443.515,0.053361546,0.04717639,0.117699847,,account_balance,0.078921587,IAM-2012,MP-2020,0.063907401,0.057160721,0.071264112,0.246784518,0.711860511,0.028832832,0.012522139,1682520.705,1682520.705,1,11.92497047,0,0,0.0059,baseline,0,0,0,0,180909.3285,307490.8707,IN,INR
M00929,P004,Hybrid,12/31/2025,Active,45,F,6,64,1307035.783,1176945.235,0.053817997,0.051947262,0.055467392,0.051607565,cash_balance,0.029262689,IAM-2012,None,0.084708133,0.059824928,0.083550928,0.20374,0.642678427,0.016070131,0.137511442,396677.0731,428791.9905,0.925103738,17.99733113,0,0,0.005,baseline,0,0,0,0,36640.4388,62277.60905,IN,INR
M00930,P002,DB,12/31/2025,Active,23,M,4,64,556932.7642,494653.9756,0.061086116,0.063564011,0.141768474,0.014724782,career_average,0.030469049,IALM_2012-14_Ultimate,MP-2021,0.053501779,0.031202089,0.098653742,0.200227673,0.79325786,0.002452155,0.004062313,306830.1604,271615.7953,1.129647707,9.32276297,0,0,0.0005,baseline,0,0,0,0,31395.45586,53362.73228,IN,INR
M00931,P001,DB,12/31/2025,Deferred,52,M,28,62,973487.8506,882583.6246,0.05023705,0.069025936,0.107108641,0.012158979,final_average,0.051442978,IAM-2012,MP-2021,0.066654796,0.037714888,0.099797179,0.394007122,0.285193076,0.246418577,0.074381225,4318412.303,3761885.793,1.147938173,12.51971925,0,0,0.0071,high_inflation,150,-0.05,300,529023.4527,610158.0365,1037083.204,IN,INR
M00932,P005,DB,12/31/2025,Active,46,F,11,64,1828498.646,1657314.771,0.050376075,0.065487674,0.135291834,0.01158452,career_average,0.058623347,RP-2014,MP-2021,0.060278497,0.058037282,0.085376308,0.397935912,0.409068528,0.10798854,0.08500702,2608636.707,2304874.681,1.131791124,10.91368923,0,0,0.0053,baseline,0,0,0,0,361715.4791,614806.3705,IN,INR
M00933,P006,DC,12/31/2025,Active,49,M,19,63,818757.6544,730051.1067,0.059012423,0.10735509,0.145654854,,account_balance,0.115555556,VBT-2015,None,0.085507874,0.039874479,0.079659349,0.184752811,0.359471454,0.421395559,0.034380177,7268898.068,7268898.068,1,17.7528633,0,0,0.0062,high_inflation,150,-0.05,300,1672536.737,792052.6148,1346248.7,IN,INR
M00934,P003,DC,12/31/2025,Retired,75,M,7,63,2096705.402,1901972.934,0.049944979,0.083187482,0.141026358,,account_balance,0.137798964,RP-2010,None,0.082248548,0.033194674,0.067107692,0.118236257,0.527114128,0.318227672,0.036421944,3747086.036,3747086.036,1,15.04867977,249805.7357,0,0.014,baseline,0,0,0,0,338616.9448,575545.883,IN,INR
M00935,P001,DB,12/31/2025,Active,23,M,8,63,704221.1487,633502.0003,0.054339643,0.021061654,0.075386306,0.010126946,career_average,0.057973533,IAM-2012,MP-2021,0.089372341,0.039397982,0.06833335,0.181791845,0.641844868,0.036570766,0.139792522,522404.1662,654400.6124,0.798294128,12.75050031,0,0,0.0005,rate_up_100bps,100,0,-50,66674.23049,45685.17796,77650.91645,IN,INR
M00936,P002,DB,12/31/2025,Retired,61,M,10,60,474533.8011,417662.3185,0.065910963,0.026022402,0.060330213,0.010184316,career_average,0.155555556,VBT-2015,None,0.054770914,0.045554873,0.077168,0.297853426,0.296236259,0.309621154,0.096289161,792863.2834,755161.8253,1.049925005,17.75345473,42536.04927,0,0.0098,rate_down_100bps,-100,0,50,-122323.5702,94466.38711,160564.1449,IN,INR
M00937,P001,DB,12/31/2025,Active,41,F,11,64,1004848.23,918309.1419,0.04605804,0.091966166,0.139398641,0.015487617,final_average,0.151111111,RP-2014,MP-2021,0.081289745,0.041582738,0.088091453,0.38672153,0.462891924,0.149788537,0.000598009,1419644.451,1494613.583,0.949840459,9.553505064,0,0,0.0038,equity_down_20,0,-0.2,0,-109801.415,196452.5741,333909.6639,IN,INR
M00938,P006,DC,12/31/2025,Active,47,M,16,63,510277.9137,466914.7816,0.045405003,0.072050964,0.080038362,,account_balance,0.073664003,IAM-2012,MP-2020,0.055034464,0.053649093,0.090772125,0.28224279,0.177071504,0.519004763,0.021680943,2276819.418,2276819.418,1,10.97531791,0,0,0.0056,equity_down_20,0,-0.2,0,-128523.1731,317324.2262,539354.7334,IN,INR
M00939,P001,DB,12/31/2025,Active,44,F,11,60,1041527.851,981469.331,0.03014196,0.055286682,0.143146656,0.018253757,final_average,0.030339594,IAM-2012,MP-2021,0.056200943,0.04833107,0.068876335,0.187502755,0.489486179,0.306532411,0.016478655,2003318.974,2523103.153,0.79399012,12.80304682,0,0,0.0047,rate_up_100bps,100,0,-50,274004.2306,198328.6722,337098.4605,IN,INR
M00940,P003,DC,12/31/2025,Active,40,M,8,63,986890.5431,887452.8764,0.05453705,0.099510649,0.088746162,,account_balance,0.107924428,VBT-2015,MP-2021,0.051567649,0.043047137,0.081416671,0.534557359,0.293094016,0.023722243,0.148626382,1827924.386,1827924.386,1,10.11855842,0,0,0.0035,baseline,0,0,0,0,325938.9226,553997.0989,IN,INR
M00941,P002,DB,12/31/2025,Active,38,M,28,63,699753.2533,658061.9842,0.031190876,0.011089152,0.149115057,0.024912744,final_average,0.066660561,RP-2014,MP-2021,0.068588315,0.059917837,0.083664203,0.337739833,0.537924408,0.113675863,0.010659896,6416970.481,8250009.459,0.777813712,17.97248181,0,0,0.0029,rate_up_100bps,100,0,-50,1310139.197,803257.6943,1365293.929,IN,INR
M00942,P003,DC,12/31/2025,Active,47,M,6,63,2293081.527,2079235.294,0.05016594,0.086844575,0.089638679,,account_balance,0.062993566,IAM-2012,MP-2021,0.055035269,0.056578165,0.095723121,0.486925042,0.389303413,0.093122823,0.030648722,2896415.547,2896415.547,1,14.16068877,0,0,0.0056,rate_up_100bps,100,0,-50,353773.168,480124.8799,816066.3611,IN,INR
M00943,P004,Hybrid,12/31/2025,Active,29,F,6,62,982849.169,871162.842,0.062169352,0.089266602,0.120898581,0.090597816,cash_balance,0.119778726,VBT-2015,MI-2012,0.063934018,0.055867697,0.095056862,0.502377419,0.321056189,0.162791268,0.013775124,549152.7932,536040.6308,1.024461135,10.45927535,0,0,0.0005,high_inflation,150,-0.05,300,57081.68247,94088.08103,159921.1395,IN,INR
M00944,P005,DB,12/31/2025,Active,52,F,6,64,1452743.515,1312683.64,0.051996843,0.01106956,0.030848522,0.014871305,final_average,0.060814485,RP-2014,MP-2021,0.061047972,0.047017598,0.092695408,0.397364616,0.286568297,0.293589288,0.022477799,1222575.704,1316101.953,0.928936927,11.23645002,0,0,0.0071,baseline,0,0,0,0,178219.3826,302918.7804,IN,INR
M00945,P002,DB,12/31/2025,Active,40,M,16,65,1495428.02,1380521.237,0.040785447,0.079721667,0.089600018,0.013611714,final_average,0.122456677,IAM-2012,MP-2021,0.089054193,0.05339776,0.08066646,0.362594497,0.52684107,0.098258274,0.01230616,3483260.321,3778089.146,0.921963508,12.56597853,0,0,0.0035,rate_up_100bps,100,0,-50,382997.6412,458298.7381,778968.5543,IN,INR
M00946,P001,DB,12/31/2025,Active,33,F,14,65,2174816.94,1930306.596,0.061446737,0.044664507,0.118494417,0.012649274,career_average,0.113522982,IAM-2012,MI-2012,0.076330515,0.040076564,0.062603326,0.443717234,0.320442204,0.177063103,0.058777459,4492708.205,5311260.153,0.845883665,15.5373749,0,0,0.0014,baseline,0,0,0,0,689216.1522,1171457.971,IN,INR
M00947,P001,DB,12/31/2025,Active,39,M,10,66,571352.4791,527447.2057,0.04078868,0.032396693,0.123939242,0.012973568,career_average,0.054592838,RP-2010,MP-2020,0.066418243,0.039895516,0.073378939,0.285449465,0.486584617,0.183385167,0.044580751,819976.2071,803145.5467,1.020955928,11.73696548,0,0,0.0032,rate_up_100bps,100,0,-50,74315.52512,91445.21462,155429.07,IN,INR
M00948,P006,DC,12/31/2025,Active,57,M,6,64,446474.3898,397869.9748,0.059321271,0.05735982,0.071306914,,account_balance,0.173333333,IALM_2012-14_Ultimate,MP-2021,0.085138149,0.056761593,0.084868819,0.242468655,0.532856182,0.16922127,0.055453893,392184.4545,392184.4545,1,11.68105226,0,0,0.0086,rate_down_100bps,-100,0,50,-35362.37552,39698.47023,67475.33298,IN,INR
M00949,P006,DC,12/31/2025,Active,39,F,12,64,2138915.156,1923863.464,0.054410338,0.049822784,0.145280472,,account_balance,0.056596632,RP-2014,MP-2020,0.052553784,0.047905,0.085504288,0.236804811,0.621257616,0.032439354,0.109498219,7369012.102,7369012.102,1,14.63303303,0,0,0.0032,baseline,0,0,0,0,732241.8198,1244588.528,IN,INR
M00950,P004,Hybrid,12/31/2025,Active,48,F,17,66,1278891.731,1189717.709,0.036799852,0.078003011,0.080288635,0.119213007,cash_balance,0.04694287,VBT-2015,MP-2021,0.06337031,0.040307604,0.093962919,0.360502038,0.527800492,0.030511289,0.08118618,3029707.783,3415299.759,0.887098643,9.412324019,0,0,0.0059,baseline,0,0,0,0,392917.2535,667839.9031,IN,INR
M00951,P004,Hybrid,12/31/2025,Active,37,F,25,63,1042195.346,916784.8138,0.066205355,0.007432886,0.042436897,0.061978514,cash_balance,0.047756016,RP-2010,None,0.070583711,0.055359687,0.075175759,0.505920465,0.236106273,0.238932138,0.019041125,2134155.973,2507766.919,0.851018473,15.4077221,0,0,0.0026,rate_up_100bps,100,0,-50,361195.3772,372546.8491,633216.4073,IN,INR
M00952,P004,Hybrid,12/31/2025,Active,52,M,7,65,927284.8648,860591.2367,0.038025747,0.031858702,0.083165461,0.050106673,cash_balance,0.168888889,IAM-2012,MP-2021,0.052155024,0.043276621,0.097464885,0.35543628,0.49355176,0.139019245,0.011992714,290083.1985,339867.7063,0.853517981,13.92902825,0,0,0.0071,equity_down_20,0,-0.2,0,-20621.21861,37599.92604,63908.44572,IN,INR
M00953,P001,DB,12/31/2025,Active,51,M,10,63,856156.8747,748383.102,0.069583483,0.031931685,0.126851155,0.024388392,final_average,0.03418179,VBT-2015,MI-2012,0.055834351,0.041999276,0.066529411,0.278868669,0.640435059,0.077439875,0.003256398,2156607.708,2355571.581,0.91553478,12.90592608,0,0,0.0068,baseline,0,0,0,0,242529.348,412226.1745,IN,INR
M00954,P006,DC,12/31/2025,Retired,62,M,14,63,1450653.65,1366604.122,0.03029242,0.045494775,0.158563415,,account_balance,0.069060003,RP-2010,MP-2021,0.085801902,0.03078513,0.061994633,0.210866449,0.442011076,0.346261606,0.000860869,5948138.147,5948138.147,1,12.53681407,396542.5431,0,0.0101,rate_up_100bps,100,0,-50,614249.8731,634757.8081,1078895.338,IN,INR
M00955,P003,DC,12/31/2025,Active,42,M,8,65,514167.0414,474883.6638,0.040539335,0.051611175,0.065147509,,account_balance,0.069481463,RP-2010,MP-2020,0.05718504,0.050370076,0.067067644,0.15419953,0.610144735,0.114033432,0.121622303,575087.882,575087.882,1,10.98968431,0,0,0.0041,equity_down_20,0,-0.2,0,-17735.65617,47111.65022,80075.48572,IN,INR
M00956,P003,DC,12/31/2025,Active,51,F,4,62,1220534.158,1132817.39,0.037994412,0.083701906,0.071838348,,account_balance,0.182222222,IALM_2012-14_Ultimate,MP-2020,0.086866276,0.045979274,0.078492926,0.23211063,0.429746272,0.230457042,0.107686056,819779.9684,819779.9684,1,11.16268186,0,0,0.0068,equity_down_20,0,-0.2,0,-38055.92897,80752.7571,137255.1422,IN,INR
M00957,P003,DC,12/31/2025,Active,45,M,10,63,1566089.378,1474586.326,0.030559736,0.044945256,0.122519535,,account_balance,0.006956246,RP-2010,MP-2020,0.053842802,0.039354874,0.092916339,0.198412421,0.601253767,0.127918679,0.072415133,3850599.121,3850599.121,1,13.49863643,0,0,0.005,equity_down_20,0,-0.2,0,-152801.3391,353372.9057,600626.5315,IN,INR
M00958,P001,DB,12/31/2025,Active,57,F,5,62,1375686.514,1225987.008,0.059294716,0.036777759,0.100982612,0.010685788,career_average,0.039083198,RP-2014,MP-2021,0.085528599,0.034179043,0.066153454,0.305040656,0.5172368,0.091562993,0.086159551,758292.0605,706404.2498,1.073453424,10.78427291,0,0,0.0086,rate_up_100bps,100,0,-50,56569.7342,86480.98586,146991.3899,IN,INR
M00959,P001,DB,12/31/2025,Active,37,M,18,63,953480.4629,852229.1394,0.057737032,0.073529605,0.119212331,0.02382333,final_average,0.064991468,IALM_2012-14_Ultimate,None,0.068148465,0.035472469,0.081927458,0.383975125,0.238998577,0.045350502,0.331675797,5265348.793,5156258.697,1.021156831,14.109231,0,0,0.0026,baseline,0,0,0,0,678904.932,1153932.03,IN,INR
M00960,P005,DB,12/31/2025,Active,51,M,9,62,983430.2709,872458.5732,0.061694039,0.06035008,0.121305892,0.014169859,final_average,0.00851358,IALM_2012-14_Ultimate,MP-2021,0.072930616,0.03674586,0.091063656,0.312827817,0.491798645,0.112255084,0.083118453,1425325.981,1651957.602,0.862810268,14.84725102,0,0,0.0068,high_inflation,150,-0.05,300,293038.3531,165249.808,280874.4457,IN,INR
M00961,P001,DB,12/31/2025,Active,42,F,10,64,1756022.685,1622705.44,0.040267942,0.065362943,0.115912563,0.017151257,career_average,0.155555556,IAM-2012,MP-2021,0.061264892,0.055956107,0.061394465,0.405471529,0.451065064,0.083712518,0.059750889,2906276.684,3651656.63,0.795878961,13.12061797,0,0,0.0041,baseline,0,0,0,0,411540.206,699493.262,IN,INR
M00962,P004,Hybrid,12/31/2025,Active,43,M,6,66,1279351.779,1165346.925,0.047773407,0.021058389,0.117174173,0.099501243,cash_balance,0.173333333,IAM-2012,None,0.060933588,0.044419082,0.061660801,0.526608411,0.38564004,0.086199598,0.001551951,736464.9973,783089.4824,0.940460846,9.962753957,0,0,0.0044,baseline,0,0,0,0,131238.2104,223065.0677,IN,INR
M00963,P002,DB,12/31/2025,Active,45,F,11,65,2169118.565,1943818.28,0.056364541,0.032550217,0.03708152,0.008631512,flat,0.055604681,RP-2014,MP-2021,0.069685338,0.050864913,0.079623648,0.357889411,0.293944415,0.21073408,0.137432094,3712027.923,3218371.794,1.153386917,17.43817423,0,0,0.005,high_inflation,150,-0.05,300,693578.4062,475970.0614,809004.4326,IN,INR
M00964,P003,DC,12/31/2025,Active,47,M,21,63,449452.9629,409544.3565,0.04759074,0.079956971,0.151263764,,account_balance,0.030000938,VBT-2015,MP-2021,0.064232292,0.043839553,0.067305851,0.397291851,0.263619327,0.298471434,0.040617389,3940763.44,3940763.44,1,16.49923628,0,0,0.0056,high_inflation,150,-0.05,300,819097.5412,574239.0883,976031.9093,IN,INR
M00965,P002,DB,12/31/2025,Active,43,F,19,68,1480694.893,1323067.697,0.057893031,0.010837471,0.123956289,0.020904931,final_average,0.012770628,RP-2014,MP-2021,0.053107853,0.044211921,0.07802276,0.495237693,0.389769608,0.088639794,0.026352906,8371909.44,9239504.161,0.906099428,17.58183709,0,0,0.0044,high_inflation,150,-0.05,300,1984673.909,1409207.463,2395224.357,IN,INR
M00966,P002,DB,12/31/2025,Active,46,M,5,64,683463.8676,613642.1403,0.055358936,0.026505423,0.041287806,0.016347877,career_average,0.102621669,IALM_2012-14_Ultimate,MP-2021,0.06414733,0.054664436,0.06175742,0.176283061,0.592170145,0.220209879,0.011336915,496598.8268,617655.6748,0.804005933,12.31402118,0,0,0.0053,rate_down_100bps,-100,0,50,-61354.70063,46238.03728,78590.60926,IN,INR
M00967,P004,Hybrid,12/31/2025,Retired,60,M,1,63,952828.3629,890187.6311,0.034585912,0.006546372,0.031445991,0.114233823,cash_balance,0.147753349,IAM-2012,MP-2021,0.060188248,0.053134702,0.099074826,0.522751696,0.215890502,0.247693563,0.013664239,111237.6962,103690.0927,1.072790016,9.289677762,6912.672847,0,0.0095,baseline,0,0,0,0,20030.11852,34045.11331,IN,INR
M00968,P002,DB,12/31/2025,Active,54,F,10,66,1828859.157,1623871.379,0.061241725,0.06026324,0.12774742,0.012558524,final_average,0.042581625,RP-2014,MI-2012,0.08398558,0.036964145,0.086167554,0.498115527,0.435159595,0.044754068,0.02197081,2361551.379,2636278.972,0.895789635,12.92710078,0,0,0.0077,equity_down_20,0,-0.2,0,-235265.0818,400626.3124,680942.9602,IN,INR
M00969,P003,DC,12/31/2025,Active,53,F,9,65,627150.3293,559398.8839,0.058827054,0.088584699,0.178665494,,account_balance,0.015784893,IAM-2012,MP-2020,0.083541135,0.048771594,0.08746784,0.202438458,0.221588567,0.574600038,0.001372938,1962257.664,1962257.664,1,13.18559536,0,0,0.0074,high_inflation,150,-0.05,300,335630.1727,261648.2074,444722.4243,IN,INR
M00970,P003,DC,12/31/2025,Active,39,M,8,65,2551076.366,2286671.013,0.056233376,0.089249209,0.087483109,,account_balance,0.084344956,RP-2014,MI-2012,0.055659178,0.050405646,0.080389148,0.485292005,0.237073082,0.183318805,0.094316108,4404843.677,4404843.677,1,15.35872516,0,0,0.0032,baseline,0,0,0,0,728480.3308,1238195.14,IN,INR
M00971,P004,Hybrid,12/31/2025,Active,35,M,7,62,1619369.328,1508188.395,0.036203744,0.082123021,0.142847572,0.075370934,cash_balance,0.05304478,RP-2014,None,0.079202765,0.042144103,0.092996407,0.261952981,0.649286564,0.086668845,0.00209161,991466.8509,950600.3735,1.042990176,15.6123413,0,0,0.002,high_inflation,150,-0.05,300,161349.6194,107823.8413,183267.757,IN,INR
M00972,P006,DC,12/31/2025,Active,54,M,5,64,1277794.144,1179758.76,0.040719858,0.115926945,0.094121412,,account_balance,0.077204745,RP-2010,MP-2021,0.068033553,0.032049953,0.093336311,0.292799688,0.235593194,0.441538148,0.03006897,1548698.703,1548698.703,1,12.82288195,0,0,0.0077,baseline,0,0,0,0,204389.686,347400.3416,IN,INR
M00973,P005,DB,12/31/2025,Deferred,53,M,34,66,647311.8237,591938.8298,0.045727081,0.066991402,0.146143313,0.011707649,career_average,0.027397665,RP-2014,MP-2021,0.084740258,0.041142145,0.066363627,0.24959099,0.492384124,0.205481056,0.052543831,3660040.324,4192966.219,0.872900027,17.79491568,0,0,0.0074,equity_down_20,0,-0.2,0,-182702.6176,379494.4811,645025.27,IN,INR
M00974,P002,DB,12/31/2025,Deferred,59,F,28,64,908112.1252,837671.0453,0.041197185,0.06431576,0.141517831,0.011758116,career_average,0.039338449,IAM-2012,MP-2021,0.060959561,0.040749156,0.090735815,0.215029122,0.272888167,0.388471578,0.123611133,3150233.839,2760692.164,1.141102902,10.01033748,0,0,0.0092,equity_down_20,0,-0.2,0,-135478.403,339507.7387,577059.962,IN,INR
M00975,P001,DB,12/31/2025,Active,38,F,8,65,837963.528,776068.4927,0.039112412,0.090271693,0.087755232,0.01860505,final_average,0.164444444,RP-2014,None,0.053524668,0.050718887,0.082666993,0.334603097,0.610129029,0.042548856,0.012719018,1556181.173,1977763.511,0.786838853,17.12196,0,0,0.0029,rate_up_100bps,100,0,-50,291158.3119,195705.3913,332639.6804,IN,INR
M00976,P002,DB,12/31/2025,Active,42,M,12,64,565496.4875,501193.7177,0.062214307,0.011394561,0.120565077,0.012797243,career_average,0.146666667,VBT-2015,MP-2020,0.082019879,0.054285534,0.090495403,0.35322081,0.566474889,0.044240778,0.036063524,1059200.701,1226017.629,0.863935947,15.92918085,0,0,0.0041,rate_down_100bps,-100,0,50,-165294.0354,136909.0119,232703.7065,IN,INR
M00977,P004,Hybrid,12/31/2025,Active,28,M,18,66,1610724.348,1445708.204,0.05552929,0.031544447,0.110302967,0.102422706,cash_balance,0.12,RP-2010,MP-2021,0.084734332,0.041880473,0.096747982,0.311186483,0.496329195,0.06108888,0.131395442,4480367.833,4341998.933,1.031867557,13.79860103,0,0,0.0005,baseline,0,0,0,0,511461.426,869328.9648,IN,INR
M00978,P001,DB,12/31/2025,Active,40,F,12,63,820800.6977,740790.496,0.052618885,0.009077976,0.127373425,0.01423229,final_average,0.066171291,RP-2014,MI-2012,0.083620446,0.049371488,0.073403847,0.206518495,0.622540248,0.020478701,0.150462556,1861522.368,2006966.113,0.927530542,15.86311989,0,0,0.0035,baseline,0,0,0,0,170757.4018,290235.681,IN,INR
M00979,P003,DC,12/31/2025,Active,54,M,8,64,909821.2554,842739.0651,0.039038108,0.081071392,0.141456881,,account_balance,0.017178766,VBT-2015,None,0.063171985,0.049285037,0.082836462,0.03776015,0.691284719,0.243278182,0.027676949,2062622.712,2062622.712,1,15.78751738,0,0,0.0077,rate_down_100bps,-100,0,50,-254343.9411,173996.2023,295740.6575,IN,INR
M00980,P004,Hybrid,12/31/2025,Active,39,M,4,61,930738.1147,817945.0525,0.066723062,0.091159317,0.048387836,0.056339088,cash_balance,0.112218085,IAM-2012,None,0.051234612,0.049444655,0.091499316,0.234430806,0.426954137,0.325090497,0.01352456,194594.3453,197027.4783,0.987650793,10.50051469,0,0,0.0032,baseline,0,0,0,0,21176.57221,35993.73611,IN,INR
M00981,P002,DB,12/31/2025,Active,50,M,11,65,894142.7826,830438.2347,0.037647322,0.078152315,0.058048264,0.013085718,career_average,0.132863462,VBT-2015,MP-2021,0.055584621,0.04662927,0.099470744,0.362525101,0.504506176,0.097593398,0.035375325,1442016.837,1648664.07,0.874657769,13.79223298,0,0,0.0065,rate_up_100bps,100,0,-50,191012.2696,188438.5996,320288.3431,IN,INR
M00982,P005,DB,12/31/2025,Active,42,M,5,65,1250065.434,1108789.004,0.061798037,0.07229001,0.061887789,0.011781785,flat,0.108235043,RP-2010,MP-2021,0.086774755,0.048876485,0.084503051,0.56494971,0.316573768,0.104396229,0.014080292,789092.4331,864698.2042,0.912563978,13.23837058,0,0,0.0041,baseline,0,0,0,0,149611.8423,254294.6572,IN,INR
M00983,P001,DB,12/31/2025,Active,47,M,21,60,744000.6297,651461.2398,0.068666907,0.05330275,0.128219827,0.016536882,final_average,0.068288863,IAM-2012,MP-2020,0.064562768,0.056030623,0.08884912,0.347996229,0.601918962,0.0169609,0.033123909,3111970.308,3042268.081,1.022911271,13.44732731,0,0,0.0056,baseline,0,0,0,0,401542.0705,682499.4705,IN,INR
M00984,P001,DB,12/31/2025,Active,33,F,10,65,1556956.275,1388084.295,0.059083709,0.088348574,0.127289004,0.019719259,final_average,0.155555556,RP-2014,MP-2020,0.085208333,0.057654868,0.093853802,0.412702441,0.402630433,0.14766343,0.037003697,3184808.369,2878031.942,1.106592433,10.51451338,0,0,0.0014,rate_down_100bps,-100,0,50,-238496.0149,460039.1837,781926.7827,IN,INR
M00985,P005,DB,12/31/2025,Active,45,M,14,63,753002.6153,658052.9497,0.069714351,0.04494418,0.089440242,0.022399918,final_average,0.137570664,RP-2014,MP-2020,0.089232526,0.032753983,0.090051253,0.27963456,0.560286524,0.121269396,0.03880952,2961718.526,2572310.641,1.151384471,12.46488024,0,0,0.005,baseline,0,0,0,0,325729.0147,553640.3193,IN,INR
M00986,P003,DC,12/31/2025,Active,20,M,9,61,972050.5554,871618.4892,0.056042045,0.074672699,0.092901293,,account_balance,0.147259168,VBT-2015,None,0.06582855,0.030352577,0.097693281,0.63930614,0.21090564,0.078036865,0.071751355,1999585.984,1999585.984,1,13.66914311,0,0,0.0005,rate_down_100bps,-100,0,50,-252240.0717,423758.6736,720260.943,IN,INR
M00987,P004,Hybrid,12/31/2025,Active,42,F,17,63,546906.3593,506913.709,0.038698414,0.083758522,0.129230658,0.064083787,cash_balance,0.065758265,RP-2014,MP-2021,0.081057842,0.045567474,0.069188372,0.511112146,0.370506611,0.030490562,0.087890681,807113.9257,858898.2939,0.939708382,15.15827395,0,0,0.0041,rate_up_100bps,100,0,-50,115242.1041,138983.0823,236228.9958,IN,INR
M00988,P003,DC,12/31/2025,Active,28,M,7,62,1594783.887,1479719.158,0.03815278,0.076357081,0.129097612,,account_balance,0.168888889,IAM-2012,MP-2021,0.056764578,0.042384371,0.096311831,0.239463955,0.540488978,0.206354082,0.013692985,2936045.316,2936045.316,1,12.80847384,0,0,0.0005,baseline,0,0,0,0,303877.419,516499.2484,IN,INR
M00989,P002,DB,12/31/2025,Active,56,M,13,63,1788019.825,1643683.62,0.042982571,0.005363354,0.036021453,0.013264094,final_average,0.043323975,IAM-2012,MP-2020,0.065349951,0.043535083,0.06828423,0.125842875,0.846606594,0.026377676,0.001172854,4342439.705,4200944.143,1.033681848,14.8220321,0,0,0.0083,high_inflation,150,-0.05,300,630949.3228,405583.6155,689368.8686,IN,INR
M00990,P005,DB,12/31/2025,Active,52,M,8,63,1358840.304,1280128.294,0.030285201,0.012603803,0.087911573,0.017565328,final_average,0.148757587,RP-2014,MP-2020,0.0782073,0.043755156,0.082605119,0.202572216,0.429544144,0.017497188,0.350386452,2550908.364,2618775.03,0.974084575,14.55789076,0,0,0.0071,rate_down_100bps,-100,0,50,-326452.0207,202219.5825,343711.8253,IN,INR
M00991,P005,DB,12/31/2025,Active,49,M,9,65,1063085.855,951038.7542,0.057267939,0.060905892,0.139646057,0.012571462,flat,0.094738917,VBT-2015,MP-2021,0.058284415,0.056855658,0.080915859,0.07777353,0.745348457,0.078887226,0.097990788,1835352.28,1755738.355,1.045344983,16.31673593,0,0,0.0062,equity_down_20,0,-0.2,0,-28548.36506,145812.4306,247836.8121,IN,INR
M00992,P004,Hybrid,12/31/2025,Active,59,F,18,65,968724.3494,894355.3754,0.040746711,0.060708196,0.124856191,0.104801175,cash_balance,0.054897161,RP-2014,MI-2012,0.062791837,0.049098812,0.093253268,0.432058033,0.353915132,0.052663112,0.161363723,2444591.485,2431297.145,1.005468003,12.73387918,0,0.01,0.0092,high_inflation,150,-0.05,300,346699.048,358790.0608,609834.0487,IN,INR
M00993,P002,DB,12/31/2025,Active,35,F,6,64,487475.0139,431724.5506,0.062607329,0.026018317,0.073994076,0.013878667,final_average,0.068654469,IALM_2012-14_Ultimate,MP-2020,0.072553095,0.043270202,0.075941889,0.355913454,0.505740746,0.08208131,0.056264489,623546.8837,605911.3756,1.029105755,16.85401467,0,0,0.002,high_inflation,150,-0.05,300,118432.672,80014.50083,136000.3309,IN,INR
M00994,P004,Hybrid,12/31/2025,Retired,61,M,13,60,535184.1934,490678.5523,0.044366906,0.072718015,0.037772563,0.067970396,cash_balance,0.016706444,RP-2014,MP-2020,0.077648467,0.043643481,0.065727314,0.101085262,0.593214026,0.211181973,0.094518739,574968.6893,599507.1871,0.959068885,9.23654049,39967.1458,0,0.0098,baseline,0,0,0,0,45543.94641,77410.86575,IN,INR
M00995,P003,DC,12/31/2025,Deferred,53,F,22,67,1380178.249,1253776.299,0.04919826,0.092480649,0.134473589,,account_balance,0.031929378,RP-2010,MP-2021,0.064275154,0.055335079,0.088271827,0.237170272,0.483064699,0.139697905,0.140067123,15874215.98,15874215.98,1,17.10699903,0,0,0.0074,baseline,0,0,0,0,1516592.62,2577746.484,IN,INR
M00996,P001,DB,12/31/2025,Active,42,M,18,65,907683.6631,794843.7811,0.068627557,0.092050263,0.130138896,0.019580499,final_average,0.091538107,RP-2014,MP-2021,0.065072162,0.036511687,0.08426528,0.242026281,0.607453802,0.143775705,0.006744212,4339676.964,4919745.468,0.882093798,17.56162047,0,0,0.0041,rate_up_100bps,100,0,-50,732179.3636,449750.5098,764439.1643,IN,INR
M00997,P006,DC,12/31/2025,Active,55,F,7,60,534105.5995,494108.1301,0.039686885,0.103322486,0.108727425,,account_balance,0.143809673,IALM_2012-14_Ultimate,MI-2012,0.054394729,0.030442395,0.09308273,0.245158139,0.440154033,0.05902693,0.255660899,1001483.385,1001483.385,1,12.71244059,0,0,0.008,rate_down_100bps,-100,0,50,-105272.6327,92583.45522,157363.733,IN,INR
M00998,P001,DB,12/31/2025,Active,33,M,14,66,523136.0268,466600.9442,0.058850164,0.077942336,0.08100896,0.023146185,final_average,0.029834304,RP-2010,MP-2020,0.089362483,0.044345021,0.09034523,0.504570918,0.488761697,0.00328979,0.003377595,2492324.582,2652650.846,0.939559983,17.54393528,0,0,0.0014,equity_down_20,0,-0.2,0,-251510.9006,430854.1552,732321.1052,IN,INR
M00999,P006,DC,12/31/2025,Active,36,M,3,62,1310226.806,1165646.92,0.060204712,0.068727711,0.063651123,,account_balance,0.03217014,VBT-2015,None,0.074489445,0.058814129,0.095793009,0.661988129,0.109635138,0.134594376,0.093782357,531006.228,531006.228,1,16.78020549,0,0,0.0023,high_inflation,150,-0.05,300,111713.6428,116651.8676,198272.7184,IN,INR
M01000,P003,DC,12/31/2025,Active,38,M,19,64,1459038.936,1351977.974,0.038839926,0.049784345,0.161722703,,account_balance,0.080737353,RP-2010,MP-2021,0.071213103,0.054431161,0.093564703,0.695099049,0.217149883,0.047851802,0.039899266,12707808.51,12707808.51,1,9.51336886,0,0,0.0029,baseline,0,0,0,0,2921332.245,4965376.874,IN,INR
M01001,P002,DB,12/31/2025,Active,39,M,39,64,493726.1499,447790.1622,0.050039873,0.031022593,0.063114999,0.010403089,flat,0.037876388,IAM-2012,MP-2021,0.058454131,0.042251857,0.087441452,0.064979869,0.487808851,0.403172893,0.044038387,3042320.275,2700231.303,1.126688766,14.86276138,0,0,0.0032,rate_up_100bps,100,0,-50,327125.3974,290372.7207,493545.366,IN,INR
M01002,P003,DC,12/31/2025,Active,33,M,13,63,1054342.804,967328.807,0.044008077,0.109186705,0.141730925,,account_balance,0.023234745,IALM_2012-14_Ultimate,MP-2021,0.069521212,0.035252973,0.078628294,0.378097101,0.341279119,0.193793519,0.086830262,5160780.685,5160780.685,1,17.25895182,0,0,0.0014,rate_up_100bps,100,0,-50,802633.3176,693812.3209,1179270.06,IN,INR
M01003,P006,DC,12/31/2025,Deferred,56,M,23,66,1172383.569,1041694.256,0.06087625,0.10858651,0.173710488,,account_balance,0.032170097,IAM-2012,MP-2021,0.067892446,0.047104057,0.060814573,0.371255871,0.348976398,0.244106929,0.035660802,13336084.95,13336084.95,1,10.85468067,0,0,0.0083,high_inflation,150,-0.05,300,1574780.745,1810353.113,3077050.033,IN,INR
M01004,P005,DB,12/31/2025,Active,41,F,4,63,757177.357,680417.6691,0.054899333,0.029739777,0.147746393,0.015259893,career_average,0.182222222,IAM-2012,MP-2020,0.060342361,0.056391137,0.072303745,0.609007983,0.373869669,0.017122327,2.18E-08,649202.5124,717918.3614,0.904284592,17.28574126,0,0,0.0038,baseline,0,0,0,0,132282.3774,224839.8341,IN,INR
M01005,P005,DB,12/31/2025,Active,48,M,5,61,1720077.642,1563019.93,0.049039322,0.047388287,0.109219231,0.023934112,final_average,0.056164369,RP-2010,MP-2021,0.067850979,0.051518207,0.089100894,0.410811874,0.580144921,0.007942169,0.001101035,2311441.946,2031773.724,1.137647327,10.86234282,0,0,0.0059,rate_down_100bps,-100,0,50,-153649.662,339307.1137,576718.9604,IN,INR
M01006,P004,Hybrid,12/31/2025,Active,38,F,9,67,843117.4845,748711.4245,0.061174531,0.01080693,0.104977259,0.063960981,cash_balance,0.135670963,RP-2010,MP-2021,0.05814121,0.046206007,0.062380121,0.41204096,0.457118943,0.09158357,0.039256528,455255.7258,510626.0556,0.891563838,14.68149068,0,0,0.0029,high_inflation,150,-0.05,300,87464.12364,65562.78015,111436.7984,IN,INR
M01007,P004,Hybrid,12/31/2025,Active,26,M,10,67,454709.5374,420884.9905,0.039406223,0.012627589,0.068331704,0.101586999,cash_balance,0.051979701,IAM-2012,MP-2021,0.078409005,0.052046296,0.090263786,0.594452927,0.281300506,0.117302809,0.006943758,543534.7466,549895.1929,0.988433348,12.42548451,0,0,0.0005,high_inflation,150,-0.05,300,74868.17699,108102.8154,183741.9281,IN,INR
M01008,P005,DB,12/31/2025,Active,47,F,13,65,902037.5122,802590.7718,0.060144875,0.046323674,0.032449614,0.01677206,final_average,0.112046874,VBT-2015,MP-2020,0.086351405,0.05893964,0.080655342,0.386951564,0.382549929,0.228593676,0.001904832,1948343.178,2438151.084,0.799106827,13.93274481,0,0,0.0056,rate_up_100bps,100,0,-50,302434.4415,273247.3518,464437.4442,IN,INR
M01009,P002,DB,12/31/2025,Active,25,F,7,64,1822256.691,1607771.826,0.064614972,0.073096503,0.053015744,0.023238604,final_average,0.168888889,RP-2014,MI-2012,0.050103559,0.046580805,0.094711433,0.251500009,0.583804743,0.051645436,0.113049812,2862819.342,3016331.079,0.94910647,11.5331124,0,0,0.0005,baseline,0,0,0,0,290179.1913,493216.4248,IN,INR
M01010,P003,DC,12/31/2025,Active,43,F,12,61,842850.9089,742905.2106,0.065144864,0.101600911,0.111138999,,account_balance,0.103954475,RP-2014,MP-2021,0.072250257,0.046660438,0.086392642,0.2929931,0.573683656,0.099332046,0.033991198,3118060.346,3118060.346,1,12.66682681,0,0,0.0044,equity_down_20,0,-0.2,0,-182714.0335,353908.1211,601536.2351,IN,INR
M01011,P002,DB,12/31/2025,Active,30,F,18,66,614709.2518,545701.3175,0.061346944,0.05463139,0.048157975,0.012709405,final_average,0.015470342,IALM_2012-14_Ultimate,MP-2021,0.079292773,0.0443581,0.091937674,0.122200437,0.557512184,0.262464912,0.057822467,2004653.23,1689210.5,1.18673974,13.5310364,0,0,0.0005,baseline,0,0,0,0,171623.4649,291707.7251,IN,INR
M01012,P006,DC,12/31/2025,Retired,64,F,14,61,1306279.535,1193181.742,0.046320567,0.054354622,0.145640662,,account_balance,0.120013453,RP-2010,MP-2020,0.086287832,0.046998389,0.066860193,0.22326594,0.343748699,0.384910967,0.048074394,5255414.393,5255414.393,1,13.51701929,350360.9595,0,0.0107,high_inflation,150,-0.05,300,871404.6749,583338.546,991498.2216,IN,INR
M01013,P006,DC,12/31/2025,Active,53,M,8,61,1106022.464,967358.1572,0.069272321,0.05636667,0.093981993,,account_balance,0.074316413,RP-2014,MP-2020,0.064336827,0.049054867,0.066916567,0.599381516,0.243190198,0.123244391,0.034183896,1507643.601,1507643.601,1,17.94708117,0,0,0.0074,equity_down_20,0,-0.2,0,-180730.7413,301735.1748,512858.0844,IN,INR
M01014,P001,DB,12/31/2025,Active,45,M,16,64,983311.2204,900130.9622,0.045183746,0.019294899,0.092652534,0.012722606,final_average,0.128888889,VBT-2015,MP-2020,0.086286073,0.036128375,0.068443645,0.416645009,0.428227774,0.150222944,0.004904274,3156008.988,3058609.539,1.031844356,16.69253393,0,0,0.005,high_inflation,150,-0.05,300,598730.5799,462284.4918,785743.1241,IN,INR
M01015,P004,Hybrid,12/31/2025,Active,57,M,8,62,1220420.423,1095357.655,0.055545016,0.0146562,0.091441589,0.098132062,cash_balance,0.027217649,IALM_2012-14_Ultimate,MP-2021,0.083022105,0.047040876,0.073332471,0.375507023,0.547926472,0.034112009,0.042454496,908892.1532,1063709.523,0.854455219,10.32500546,0,0,0.0086,baseline,0,0,0,0,122727.681,208599.7545,IN,INR
M01016,P006,DC,12/31/2025,Active,36,M,11,60,721248.959,671420.1665,0.036442967,0.047339524,0.06079082,,account_balance,0.050696142,RP-2010,None,0.071008585,0.03040372,0.096177105,0.189369489,0.51170951,0.286625528,0.012295474,1323361.962,1323361.962,1,17.64536424,0,0,0.0023,rate_down_100bps,-100,0,50,-199653.1935,129890.2617,220773.9646,IN,INR
M01017,P002,DB,12/31/2025,Active,49,M,18,63,751623.7823,657458.0182,0.069217956,0.046500663,0.069292088,0.016837699,career_average,0.12,RP-2014,MI-2012,0.060277721,0.05813788,0.090972299,0.363973614,0.203548885,0.416535031,0.01594247,3150116.635,2812255.614,1.120138803,14.11339561,0,0,0.0062,baseline,0,0,0,0,461939.6275,785156.9596,IN,INR
M01018,P003,DC,12/31/2025,Active,46,F,10,62,1365981.925,1219951.974,0.058159437,0.090256806,0.074739642,,account_balance,0.043171145,IAM-2012,MP-2020,0.076112657,0.031135179,0.07458572,0.320751572,0.522396035,0.068338562,0.088513831,2884181.95,2884181.95,1,14.48828312,0,0,0.0053,high_inflation,150,-0.05,300,467545.9839,340999.958,579596.2813,IN,INR
M01019,P006,DC,12/31/2025,Active,47,M,5,62,637382.537,567123.6147,0.060135102,0.111558244,0.121194541,,account_balance,0.026903922,VBT-2015,MP-2020,0.060422338,0.058744593,0.096739239,0.326056677,0.454621921,0.209363907,0.009957495,831382.8804,831382.8804,1,11.48477187,0,0,0.0056,equity_down_20,0,-0.2,0,-54215.5879,102597.1959,174384.0485,IN,INR
M01020,P001,DB,12/31/2025,Active,57,M,11,61,2036427.625,1909759.176,0.032631068,0.019389591,0.114018429,0.017330811,career_average,0.10830547,VBT-2015,MP-2021,0.063953862,0.059069783,0.091157037,0.371124306,0.512926432,0.10537235,0.010576912,4163829.425,4269509.473,0.975247731,11.72702365,0,0,0.0086,baseline,0,0,0,0,557145.4508,946977.9213,IN,INR
M01021,P004,Hybrid,12/31/2025,Active,51,M,18,62,1712074.126,1522198.01,0.060536713,0.051030726,0.106309303,0.102381079,cash_balance,0.08397346,RP-2010,MP-2021,0.068679568,0.045803707,0.086242297,0.462098597,0.219454989,0.165332941,0.153113473,4253515.142,4178769.267,1.017887055,10.24107977,0,0,0.0068,baseline,0,0,0,0,667868.4989,1135173.449,IN,INR
M01022,P002,DB,12/31/2025,Active,47,F,19,65,588391.4373,522690.5313,0.060988937,0.044401663,0.04405873,0.009351776,flat,0.038028791,VBT-2015,MP-2021,0.069919027,0.039972545,0.07746267,0.301829652,0.476746925,0.187616125,0.033807298,1588878.033,1529299.309,1.038958184,16.46645771,0,0,0.0056,equity_down_20,0,-0.2,0,-95914.10067,184248.0385,313165.6629,IN,INR
M01023,P006,DC,12/31/2025,Active,27,M,5,66,1912868.184,1712541.703,0.056870909,0.055445782,0.179642772,,account_balance,0.149469486,RP-2010,MP-2021,0.057565883,0.035548521,0.086066396,0.439682727,0.476009521,0.078794242,0.00551351,2474477.942,2474477.942,1,13.35032076,0,0,0.0005,rate_up_100bps,100,0,-50,271456.9893,378316.0665,643022.3234,IN,INR
M01024,P006,DC,12/31/2025,Active,34,M,16,64,1054405.017,971721.5329,0.041676385,0.117678932,0.109005562,,account_balance,0.072309226,VBT-2015,None,0.077752091,0.034865241,0.083729162,0.308966008,0.338747969,0.217148481,0.135137542,6705786.215,6705786.215,1,9.878152864,0,0,0.0017,baseline,0,0,0,0,773142.7026,1314107.597,IN,INR
M01025,P006,DC,12/31/2025,Active,43,M,9,64,1836100.116,1666705.906,0.049587602,0.083957958,0.081879508,,account_balance,0.113990492,RP-2014,None,0.089676646,0.037138018,0.091274637,0.085244347,0.511578668,0.268562426,0.134614559,3685423.608,3685423.608,1,12.99874734,0,0,0.0044,baseline,0,0,0,0,289052.8194,491301.935,IN,INR
M01026,P003,DC,12/31/2025,Active,45,F,23,60,1045537.967,977120.657,0.034417375,0.054600178,0.133632761,,account_balance,0.083968692,RP-2010,MI-2012,0.059754817,0.044286196,0.069023181,0.077806895,0.390069412,0.074536127,0.457587566,9114305.144,9114305.144,1,12.06450534,0,0,0.005,equity_down_20,0,-0.2,0,-141831.1573,447498.9854,760612.2573,IN,INR
M01027,P006,DC,12/31/2025,Active,33,F,5,61,909151.3001,826415.0805,0.048863483,0.107259692,0.088354525,,account_balance,0.146471045,VBT-2015,None,0.072181594,0.052286944,0.095423111,0.266021888,0.348526834,0.185173222,0.200278056,1015134.067,1015134.067,1,15.21037801,0,0,0.0014,baseline,0,0,0,0,102474.6706,174175.7926,IN,INR
M01028,P005,DB,12/31/2025,Retired,68,F,16,62,867474.6524,802410.2499,0.039752954,0.002963958,0.039802217,0.024921098,final_average,0.128753825,RP-2014,None,0.068188623,0.041961888,0.083674799,0.344630897,0.346615352,0.249025333,0.059728418,2852432.007,3416825.918,0.834819237,10.67921261,319951.109,0,0.0119,baseline,0,0,0,0,365775.3989,621707.0002,IN,INR
M01029,P002,DB,12/31/2025,Active,59,F,9,64,326989.5797,300028.8158,0.043963879,0.014033637,0.065351066,0.017029129,career_average,0.140434623,RP-2014,MP-2020,0.062311155,0.053430362,0.092270342,0.264827853,0.287425194,0.230463742,0.217283211,746859.1002,800918.0192,0.932503805,17.41767382,0,0,0.0092,equity_down_20,0,-0.2,0,-39557.81847,76452.1926,129945.4897,IN,INR
M01030,P005,DB,12/31/2025,Active,50,M,7,65,1494341.702,1390938.53,0.036504016,0.008476366,0.148393543,0.023332853,final_average,0.02098795,RP-2014,None,0.06679121,0.046937584,0.073892111,0.331423765,0.439654139,0.150341754,0.078580342,3083550.788,3641825.832,0.846704628,16.03043677,0,0,0.0065,rate_up_100bps,100,0,-50,516015.794,373285.7848,634472.3735,IN,INR
M01031,P001,DB,12/31/2025,Active,45,F,18,64,716264.4608,663243.9686,0.039202175,0.026323101,0.032588853,0.011366043,career_average,0.052660269,RP-2010,MP-2020,0.079308898,0.030578309,0.07567657,0.430329867,0.202347311,0.356158099,0.011164722,1411082.046,1699355.092,0.830363267,12.52359487,0,0,0.005,baseline,0,0,0,0,224828.6347,382140.3421,IN,INR
M01032,P004,Hybrid,12/31/2025,Active,42,M,20,63,1516507.844,1420990.781,0.033062746,0.044189249,0.110747069,0.051797667,cash_balance,0.073184105,RP-2010,MP-2021,0.066589582,0.033953745,0.097491526,0.21399064,0.737582851,0.044282015,0.004144493,2238157.629,2262457.197,0.989259656,10.69337341,0,0,0.0041,high_inflation,150,-0.05,300,215140.254,227508.9412,386696.0484,IN,INR
M01033,P002,DB,12/31/2025,Active,34,M,2,61,2091268.023,1837582.706,0.066796055,0.064205325,0.103021648,0.023905054,final_average,0.068309782,VBT-2015,MP-2020,0.070270496,0.04716749,0.084878204,0.310710617,0.659862192,0.012196109,0.017231082,1176231.064,1397559.028,0.841632475,15.90755913,0,0,0.0017,rate_down_100bps,-100,0,50,-183510.0083,142597.2848,242372.0415,IN,INR
M01034,P001,DB,12/31/2025,Active,45,M,18,65,759259.8369,687078.1684,0.051216428,0.050083127,0.107589394,0.017355753,career_average,0.058664616,IAM-2012,MP-2021,0.069089575,0.034834967,0.072709489,0.23570214,0.454630901,0.275884043,0.033782916,1816539.877,2160877.854,0.840649033,10.06718635,0,0,0.005,high_inflation,150,-0.05,300,242962.1464,190459.9614,323724.0438,IN,INR
M01035,P001,DB,12/31/2025,Active,47,M,10,63,739346.5766,675916.3027,0.045869679,0.090318391,0.056194307,0.024176152,final_average,0.120791523,IAM-2012,MP-2020,0.072209209,0.048249351,0.063286303,0.156686177,0.697817926,0.118560647,0.02693525,1650272.771,1599189.629,1.031943142,9.786330116,0,0,0.0056,baseline,0,0,0,0,147133.9101,250082.9256,IN,INR
M01036,P004,Hybrid,12/31/2025,Active,32,F,11,65,1549599.56,1401788.761,0.051401169,0.093985596,0.057206081,0.082407187,cash_balance,0.071778334,IALM_2012-14_Ultimate,MP-2021,0.061647679,0.04335842,0.077374113,0.303154443,0.185231905,0.317869079,0.193744573,1504082.388,1582347.515,0.950538598,15.11881741,0,0,0.0011,baseline,0,0,0,0,179416.6989,304953.8542,IN,INR
M01037,P002,DB,12/31/2025,Active,47,M,4,64,797792.6882,716599.805,0.055131729,0.016352095,0.08167705,0.013968115,final_average,0.0920542,IAM-2012,MP-2020,0.070388076,0.050702467,0.093963313,0.142905202,0.620974105,0.22767425,0.008446443,363831.6724,432516.8401,0.841196547,10.80260612,0,0,0.0056,baseline,0,0,0,0,32515.34077,55266.19623,IN,INR
M01038,P005,DB,12/31/2025,Active,42,F,15,65,1781133.777,1564837.839,0.066875152,0.085291292,0.041502937,0.010337039,flat,0.065898881,IAM-2012,MP-2021,0.05539365,0.038743112,0.070057272,0.28725317,0.591176364,0.10507752,0.016492945,3310427.667,3588044.617,0.92262723,14.78771586,0,0,0.0041,equity_down_20,0,-0.2,0,-190186.1685,374039.8656,635754.0816,IN,INR
M01039,P001,DB,12/31/2025,Active,25,M,34,66,721408.9963,670656.7832,0.037147718,0.04817222,0.038953585,0.01210931,final_average,0.048670891,VBT-2015,MP-2021,0.079655369,0.054648756,0.094411481,0.111807073,0.576612978,0.289587379,0.02199257,3404232.358,3368062.284,1.010739134,12.19779956,0,0,0.0005,baseline,0,0,0,0,301807.0314,512980.2186,IN,INR
M01040,P002,DB,12/31/2025,Active,35,M,8,67,1880775.687,1732805.71,0.0418221,0.045332947,0.040603134,0.02355851,final_average,0.164444444,RP-2010,MP-2021,0.054436978,0.041666529,0.066465878,0.729849771,0.233604719,0.023165759,0.013379751,3283588.819,3220975.039,1.019439387,9.862787703,0,0,0.002,baseline,0,0,0,0,792226.3909,1346544.066,IN,INR
M01041,P003,DC,12/31/2025,Active,40,M,21,64,858050.6255,750813.1112,0.069031573,0.075989176,0.113996995,,account_balance,0.046424017,IAM-2012,MP-2021,0.081398369,0.053899439,0.065197299,0.330293416,0.478389519,0.18897564,0.002341425,5814183.401,5814183.401,1,14.62026788,0,0,0.0035,baseline,0,0,0,0,722210.5012,1227538.335,IN,INR
M01042,P005,DB,12/31/2025,Retired,63,F,11,64,1142365.465,1046403.22,0.044847719,0.009314051,0.077729023,0.020221656,final_average,0.066533525,IALM_2012-14_Ultimate,MP-2021,0.083021623,0.030581124,0.084227683,0.195128209,0.579595886,0.215475719,0.009800186,3980511.19,3448940.012,1.154125956,14.81757647,232760.0616,0,0.0104,equity_down_20,0,-0.2,0,-155342.004,381860.7472,649047.2032,IN,INR
M01043,P002,DB,12/31/2025,Active,50,F,8,62,1531894.687,1441430.651,0.030902466,0.088249313,0.065234014,0.011589879,flat,0.043988427,VBT-2015,MI-2012,0.050762495,0.041792523,0.092185517,0.550200783,0.305784649,0.033812915,0.110201653,2164836.713,1852540.868,1.168577034,13.86133756,0,0,0.0065,equity_down_20,0,-0.2,0,-238218.971,397561.7568,675734.1471,IN,INR
M01044,P004,Hybrid,12/31/2025,Active,31,M,4,67,1239447.594,1155015.174,0.03590574,0.067086335,0.067898326,0.108679589,cash_balance,0.138263364,RP-2014,None,0.083233565,0.036605653,0.091202117,0.531973354,0.239649692,0.17336027,0.055016684,503150.8179,558588.2737,0.900754351,12.13985281,0,0,0.0008,baseline,0,0,0,0,90515.60736,153849.0202,IN,INR
M01045,P006,DC,12/31/2025,Active,49,M,23,64,1594063.561,1499488.682,0.031053548,0.108117681,0.075884755,,account_balance,0.02655043,RP-2014,MP-2021,0.075926763,0.04331041,0.081744347,0.241562114,0.475546826,0.160352121,0.122538939,15664909.65,15664909.65,1,17.22482051,0,0,0.0062,equity_down_20,0,-0.2,0,-756809.7392,1528845.967,2598573.449,IN,INR
M01046,P004,Hybrid,12/31/2025,Active,29,M,11,61,511348.4345,446968.2132,0.069596926,0.099447758,0.07938064,0.072668329,cash_balance,0.063491986,IALM_2012-14_Ultimate,MP-2021,0.053876379,0.058404299,0.085547669,0.396623597,0.41102727,0.037751567,0.154597565,421213.7627,433088.4747,0.972581325,15.12213106,0,0,0.0005,baseline,0,0,0,0,57654.33041,97994.83759,IN,INR
M01047,P002,DB,12/31/2025,Active,55,M,8,63,819753.6254,756227.9179,0.041154834,0.051800445,0.054366968,0.008551697,flat,0.123261931,RP-2010,None,0.089916815,0.034768718,0.070327972,0.112909759,0.858491472,0.009300813,0.019297956,687947.7444,723758.0373,0.950521734,13.98937769,0,0,0.008,baseline,0,0,0,0,63660.61138,108203.6896,IN,INR
M01048,P001,DB,12/31/2025,Active,39,F,9,61,1013030.555,889899.8997,0.06694171,0.00932622,0.113765525,0.01528453,career_average,0.06904668,RP-2014,MI-2012,0.074618672,0.032639888,0.082048836,0.166929146,0.340652387,0.483739232,0.008679235,1787175.577,1631712.952,1.095275719,13.32932007,0,0,0.0032,equity_down_20,0,-0.2,0,-59666.33864,205835.9378,349858.5301,IN,INR
M01049,P006,DC,12/31/2025,Active,43,M,16,64,697680.5948,609568.721,0.069835451,0.054167736,0.076535205,,account_balance,0.128888889,RP-2010,MP-2020,0.066034295,0.031754885,0.06830806,0.050633327,0.903558809,0.042732935,0.003074929,2162718.799,2162718.799,1,16.58717309,0,0,0.0044,equity_down_20,0,-0.2,0,-21901.12955,197056.2888,334935.7954,IN,INR
M01050,P001,DB,12/31/2025,Active,57,F,8,64,1524006.148,1371862.963,0.053993649,0.032361824,0.14378905,0.017054972,final_average,0.164444444,IAM-2012,MP-2021,0.085408578,0.033700799,0.09713434,0.589691338,0.311023646,0.028319787,0.070965229,2764372.332,3303922.089,0.836694164,17.65135579,0,0,0.0086,equity_down_20,0,-0.2,0,-326025.2837,543213.3192,923297.5322,IN,INR
M01051,P006,DC,12/31/2025,Active,31,M,6,63,781904.6012,735123.4478,0.031327853,0.065286377,0.156331835,,account_balance,0.059423241,IAM-2012,MP-2021,0.051664924,0.03185873,0.087122269,0.188181092,0.47234831,0.216620809,0.122849789,1255891.581,1255891.581,1,14.01521506,0,0,0.0008,baseline,0,0,0,0,111195.1627,188997.9787,IN,INR
M01052,P003,DC,12/31/2025,Active,30,M,10,61,698323.0484,654084.8062,0.033263665,0.104055317,0.09345393,,account_balance,0.155555556,IAM-2012,MP-2020,0.078693715,0.050542141,0.082585761,0.188232703,0.428260273,0.297173358,0.086333665,1921025.128,1921025.128,1,9.444793832,0,0,0.0005,baseline,0,0,0,0,182902.2631,310878.2539,IN,INR
M01053,P006,DC,12/31/2025,Active,38,F,10,67,1503348.423,1365496.099,0.049263562,0.097227762,0.093171793,,account_balance,0.061957325,RP-2014,MP-2020,0.055749043,0.033522053,0.069885692,0.027423692,0.52472599,0.132392862,0.315457456,3644544.772,3644544.772,1,13.42114004,0,0,0.0029,baseline,0,0,0,0,214799.0844,365093.155,IN,INR
M01054,P005,DB,12/31/2025,Active,54,M,10,65,615103.2823,561926.7313,0.046246881,0.097588619,0.111685454,0.013228407,final_average,0.034058711,RP-2014,MP-2021,0.072100014,0.035923197,0.076359127,0.253911641,0.389242373,0.19163644,0.165209546,937649.2917,1100858.276,0.851743873,14.80962841,0,0,0.0077,baseline,0,0,0,0,93260.99535,158515.3453,IN,INR
M01055,P006,DC,12/31/2025,Active,29,M,8,66,628742.2759,565702.1627,0.054247092,0.114941451,0.077740055,,account_balance,0.084067747,RP-2010,MP-2020,0.053837676,0.049365928,0.09120867,0.283153353,0.597789986,0.049044108,0.070012554,1236371.796,1236371.796,1,16.35780046,0,0,0.0005,rate_down_100bps,-100,0,50,-165288.6974,136866.8941,232632.1191,IN,INR
M01056,P002,DB,12/31/2025,Active,20,M,21,63,1237649.277,1127833.074,0.047553912,0.017343037,0.046706255,0.024917708,final_average,0.080222655,RP-2010,MP-2021,0.07716583,0.043384737,0.069576334,0.302813829,0.467058285,0.041410048,0.188717839,5716124.858,6960763.847,0.821192183,11.79463993,0,0,0.0005,rate_down_100bps,-100,0,50,-687508.8583,629470.5338,1069908.579,IN,INR
M01057,P005,DB,12/31/2025,Active,39,M,41,65,1802562.179,1582216.489,0.067363074,0.047604265,0.051157773,0.019088379,final_average,0.022002497,IALM_2012-14_Ultimate,None,0.068597137,0.031639943,0.065154288,0.730396895,0.065797383,0.09685942,0.106946302,20169530.79,18683732.82,1.079523615,15.08845739,0,0,0.0032,baseline,0,0,0,0,4863961.454,8267256.064,IN,INR
M01058,P003,DC,12/31/2025,Active,50,F,5,64,1058915.162,957930.106,0.051389589,0.053415786,0.160956378,,account_balance,0.081140491,IAM-2012,None,0.050268043,0.059120223,0.072294146,0.269495026,0.488393013,0.013690066,0.228421896,1222523.048,1222523.048,1,9.416416382,0,0,0.0065,rate_down_100bps,-100,0,50,-85264.27485,123507.2998,209924.8695,IN,INR
M01059,P003,DC,12/31/2025,Active,56,M,2,62,475855.7978,425314.3965,0.057749042,0.090137006,0.067417828,,account_balance,0.089327152,VBT-2015,None,0.052855925,0.047997931,0.09177887,0.17390722,0.642123345,0.109049438,0.074919997,146320.9448,146320.9448,1,12.16301134,0,0,0.0083,baseline,0,0,0,0,12885.5765,21901.56346,IN,INR
M01060,P004,Hybrid,12/31/2025,Active,39,F,9,61,1340054.339,1179566.856,0.065859411,0.053569117,0.067301793,0.05282196,cash_balance,0.111885288,VBT-2015,MP-2021,0.078121562,0.048413746,0.095324643,0.183893618,0.595753159,0.107953106,0.112400117,637275.6654,702720.7439,0.90686901,11.69059473,0,0,0.0032,rate_up_100bps,100,0,-50,63169.28473,55466.57117,94276.31185,IN,INR
M01061,P006,DC,12/31/2025,Active,40,M,2,63,754138.0891,702807.3217,0.035874875,0.06173129,0.077084936,,account_balance,0.028271063,IAM-2012,MP-2021,0.065978312,0.055577489,0.076574533,0.452385684,0.262116756,0.227210693,0.058286867,210063.5058,210063.5058,1,9.770353983,0,0,0.0035,baseline,0,0,0,0,33103.29983,56265.54792,IN,INR
M01062,P006,DC,12/31/2025,Active,56,M,4,62,1630408.876,1509757.258,0.039189386,0.099260304,0.173908877,,account_balance,0.182222222,IALM_2012-14_Ultimate,None,0.076886116,0.057272803,0.091250308,0.267618018,0.628799945,0.020525087,0.083056951,1964479.839,1964479.839,1,15.31750839,0,0,0.0083,equity_down_20,0,-0.2,0,-105146.04,211783.3104,359967.2558,IN,INR
M01063,P005,DB,12/31/2025,Active,25,M,8,68,829979.1715,775854.4152,0.034292746,0.048719178,0.075872711,0.018671848,final_average,0.052180044,RP-2010,MP-2021,0.065593747,0.031712711,0.073288961,0.082265601,0.572912042,0.344418227,0.00040413,1340080.973,1427359.952,0.93885286,12.31617859,0,0,0.0005,equity_down_20,0,-0.2,0,-22048.51322,123929.7586,210642.921,IN,INR
M01064,P003,DC,12/31/2025,Active,40,M,16,60,1647509.821,1536229.357,0.035585536,0.106495036,0.088199162,,account_balance,0.128888889,RP-2014,MP-2020,0.064467519,0.032050389,0.080351623,0.275624207,0.305286577,0.32091869,0.098170526,8880759.001,8880759.001,1,10.9610048,0,0,0.0035,rate_up_100bps,100,0,-50,837861.5948,1018255.64,1730725.089,IN,INR
M01065,P003,DC,12/31/2025,Active,46,F,9,63,815850.0463,739291.0558,0.050503359,0.065030633,0.140363885,,account_balance,0.124790442,IALM_2012-14_Ultimate,MP-2020,0.084196561,0.053296528,0.060807379,0.282242261,0.547544251,0.039992289,0.130221199,1782424.749,1782424.749,1,10.32412706,0,0,0.0053,rate_down_100bps,-100,0,50,-135221.9746,192056.3222,326437.372,IN,INR
M01066,P005,DB,12/31/2025,Active,48,F,2,64,722209.4387,664082.179,0.04284717,0.023053512,0.14822032,0.014136254,flat,0.191111111,IALM_2012-14_Ultimate,MI-2012,0.084192306,0.05087504,0.088479835,0.148008375,0.411871301,0.254494804,0.18562552,278854.1936,321680.7581,0.866866253,17.13321708,0,0,0.0059,baseline,0,0,0,0,22580.04083,38379.20618,IN,INR
M01067,P002,DB,12/31/2025,Active,39,M,9,63,415441.0149,379032.6673,0.046926914,0.004842295,0.092118553,0.019059055,final_average,0.056400876,IAM-2012,MP-2021,0.086791313,0.036504372,0.088748438,0.613181104,0.364556158,0.019084548,0.003178191,794305.4836,666347.0842,1.192029653,10.2489643,0,0,0.0032,high_inflation,150,-0.05,300,56370.18487,162796.8307,276705.1299,IN,INR
M01068,P001,DB,12/31/2025,Active,44,F,9,64,731742.4035,639969.7102,0.069299593,0.070323386,0.081082229,0.020909688,final_average,0.053787775,RP-2010,None,0.082920849,0.039636811,0.064008149,0.369267853,0.313098344,0.062735135,0.254898667,2106350.972,2022228.237,1.041599031,16.7911596,0,0,0.0047,high_inflation,150,-0.05,300,420980.8459,265479.9,451235.1371,IN,INR
M01069,P002,DB,12/31/2025,Active,20,F,10,62,1066370.697,993033.4594,0.036268174,0.097776279,0.074189225,0.01631834,career_average,0.132601395,VBT-2015,MP-2020,0.055097288,0.048331228,0.074352206,0.439369053,0.42944508,0.019499699,0.111686167,1947144.242,2216361.456,0.878531901,13.6773113,0,0,0.0005,equity_down_20,0,-0.2,0,-171102.9845,293432.6749,498746.3581,IN,INR
M01070,P002,DB,12/31/2025,Active,37,M,20,65,1030134.592,931463.8118,0.051632483,0.044665799,0.124193906,0.024267842,final_average,0.102790006,VBT-2015,MP-2021,0.052659711,0.053669716,0.079341867,0.227347687,0.635467507,0.06358141,0.073603395,3365694.581,4195537.761,0.802208149,9.28026728,0,0,0.0026,high_inflation,150,-0.05,300,385367.3173,331269.1846,563056.9241,IN,INR
M01071,P002,DB,12/31/2025,Active,49,F,18,63,1296574.187,1212814.065,0.033954846,0.025961281,0.038637712,0.018190081,final_average,0.06110001,VBT-2015,None,0.052336716,0.048094692,0.090964258,0.566438814,0.303148399,0.070844765,0.059568021,6630586.992,6998581.813,0.947418658,17.62416987,0,0,0.0062,high_inflation,150,-0.05,300,1511617.941,1254937.811,2133012.839,IN,INR
M01072,P002,DB,12/31/2025,Active,34,M,11,64,1723497.702,1585107.659,0.042739853,0.015667189,0.145172462,0.011413682,flat,0.151111111,IALM_2012-14_Ultimate,None,0.089208251,0.053759058,0.092944261,0.651320019,0.310553209,0.034428006,0.003698766,2313021.655,2781683.644,0.831518588,13.97753301,0,0,0.0017,rate_down_100bps,-100,0,50,-352894.9346,500935.9146,851438.7947,IN,INR
M01073,P001,DB,12/31/2025,Active,45,M,31,65,997392.7899,902770.3674,0.051101037,0.02874456,0.080150146,0.01498012,final_average,0.015867891,RP-2014,MP-2021,0.070046069,0.036858541,0.088766348,0.323335373,0.494271462,0.173459151,0.008934013,4102686.378,4971474.477,0.825245387,11.85853187,0,0,0.005,baseline,0,0,0,0,500267.5707,850302.8132,IN,INR
M01074,P001,DB,12/31/2025,Active,48,M,8,66,1015080.702,890159.123,0.06786527,0.032791955,0.067644087,0.013142201,final_average,0.080389734,RP-2010,None,0.054606796,0.039933431,0.068633878,0.541048252,0.307802558,0.02712917,0.124020019,943004.0744,1068230.832,0.882771819,11.41403943,0,0,0.0059,baseline,0,0,0,0,170372.2309,289581.0077,IN,INR
M01075,P006,DC,12/31/2025,Active,41,M,10,66,1624641.792,1485886.582,0.045649129,0.089445814,0.10896568,,account_balance,0.130130558,RP-2014,MP-2021,0.071771811,0.033048694,0.074253629,0.412926558,0.534759402,0.009621089,0.042692952,4217806.345,4217806.345,1,11.8550136,0,0,0.0038,rate_down_100bps,-100,0,50,-387245.9362,614786.3523,1044949.934,IN,INR
M01076,P003,DC,12/31/2025,Active,46,M,11,64,1092475.671,1024591.319,0.032596268,0.107891072,0.153674945,,account_balance,0.05712583,VBT-2015,MP-2020,0.078411861,0.059544433,0.069892115,0.221775425,0.427917697,0.345157857,0.00514902,4274591.365,4274591.365,1,10.93366096,0,0,0.0053,equity_down_20,0,-0.2,0,-189599.8636,463352.0723,787557.6863,IN,INR
M01077,P003,DC,12/31/2025,Active,34,M,4,63,649903.4002,594536.8177,0.045526458,0.041666946,0.133422178,,account_balance,0.012837444,RP-2014,MP-2020,0.053779612,0.054269708,0.085487412,0.161573323,0.524962521,0.178269054,0.135195102,490622.5427,490622.5427,1,11.20958885,0,0,0.0017,rate_down_100bps,-100,0,50,-42118.84752,40319.82163,68531.4415,IN,INR
M01078,P004,Hybrid,12/31/2025,Active,42,M,11,64,778435.0686,725513.8687,0.035829647,0.005097676,0.032220885,0.079657455,cash_balance,0.05562962,IALM_2012-14_Ultimate,MP-2020,0.063856159,0.051473642,0.085893983,0.69982377,0.203710275,0.094956554,0.001509401,870757.8419,797692.5025,1.091595871,12.41190589,0,0,0.0041,rate_down_100bps,-100,0,50,-90139.72669,201908.8255,343183.6329,IN,INR
M01079,P002,DB,12/31/2025,Active,50,F,3,65,377582.8328,349634.5255,0.039199585,0.037327861,0.119824197,0.022597699,final_average,0.072433659,IAM-2012,MP-2021,0.057512963,0.035844374,0.060646766,0.381873318,0.567920037,0.017101502,0.033105143,301660.7073,324392.1223,0.929926119,13.68581011,0,0,0.0065,baseline,0,0,0,0,41513.3759,70560.12098,IN,INR
M01080,P006,DC,12/31/2025,Active,46,F,7,66,645944.0636,580654.1888,0.054723625,0.099017659,0.071543963,,account_balance,0.073012912,RP-2014,MP-2020,0.089017239,0.050960516,0.089268451,0.444742207,0.360060739,0.103501207,0.091695848,935123.9046,935123.9046,1,15.53121307,0,0,0.0053,equity_down_20,0,-0.2,0,-83177.81381,142102.6931,241531.386,IN,INR
M01081,P005,DB,12/31/2025,Active,38,F,11,61,460172.3804,431493.995,0.032696955,0.049835151,0.076593628,0.02087638,final_average,0.073152321,RP-2014,MP-2021,0.062729141,0.055872383,0.069180419,0.431878341,0.204764227,0.346469831,0.016887601,981586.769,1162105.476,0.844662373,11.72797188,0,0,0.0029,baseline,0,0,0,0,156054.2229,265244.746,IN,INR
M01082,P001,DB,12/31/2025,Active,46,M,4,63,1153083.849,1048697.748,0.04858895,0.096478376,0.049049055,0.019640759,final_average,0.073049411,RP-2014,None,0.077620204,0.054310467,0.092055035,0.184928514,0.683942871,0.004407941,0.126720674,755726.7024,841755.4306,0.897798428,10.21685752,0,0,0.0053,high_inflation,150,-0.05,300,83248.11693,68699.40276,116768.1034,IN,INR
M01083,P003,DC,12/31/2025,Active,51,M,13,65,1698385.404,1527718.001,0.054378463,0.058560496,0.070613538,,account_balance,0.044304791,VBT-2015,MP-2021,0.086737353,0.052640561,0.093312583,0.409115646,0.461327959,0.046078997,0.083477398,4581419.097,4581419.097,1,9.185227819,0,0,0.0068,baseline,0,0,0,0,652346.2496,1108790.343,IN,INR
M01084,P006,DC,12/31/2025,Active,24,M,6,63,644750.054,588304.6498,0.046874336,0.071924097,0.122309601,,account_balance,0.111201212,RP-2014,None,0.084527521,0.041614709,0.091879042,0.261863843,0.636179611,0.101715928,0.000240619,892486.5953,892486.5953,1,12.34902712,0,0,0.0005,equity_down_20,0,-0.2,0,-46741.99386,96818.26206,164561.6175,IN,INR
M01085,P006,DC,12/31/2025,Active,56,M,8,63,655638.2951,617084.9289,0.030765054,0.057999894,0.095477911,,account_balance,0.038483433,RP-2010,None,0.065758963,0.053008927,0.076324521,0.359032827,0.471811735,0.078606197,0.090549241,1016841.928,1016841.928,1,16.11827885,0,0,0.0083,equity_down_20,0,-0.2,0,-73015.92634,130077.5461,221092.2911,IN,INR
M01086,P003,DC,12/31/2025,Active,41,M,14,63,1505166.4,1316095.131,0.069420774,0.068207894,0.124789596,,account_balance,0.088428597,IALM_2012-14_Ultimate,MP-2021,0.062436481,0.044537179,0.07393209,0.433738309,0.462402054,0.051416131,0.052443506,5858746.628,5858746.628,1,11.95975297,0,0,0.0038,high_inflation,150,-0.05,300,720797.0578,879786.8537,1495370.239,IN,INR
M01087,P004,Hybrid,12/31/2025,Active,48,M,10,64,803796.0122,736504.5537,0.044684631,0.053638129,0.053368423,0.064387224,cash_balance,0.155555556,RP-2010,None,0.082369922,0.042135767,0.077404843,0.149399803,0.608745978,0.160347168,0.081507052,598522.5008,617391.7971,0.96943708,10.95444056,0,0,0.0059,rate_down_100bps,-100,0,50,-49414.40921,50181.9141,85294.00111,IN,INR
M01088,P001,DB,12/31/2025,Active,56,F,13,68,1105199.332,981505.4491,0.061143087,0.060399893,0.037951481,0.015391822,career_average,0.142222222,RP-2010,MP-2021,0.058206324,0.05894347,0.081089467,0.355523793,0.61939785,0.017050802,0.008027555,2643389.066,3378863.393,0.782330849,17.20459838,0,0,0.0083,rate_down_100bps,-100,0,50,-499454.4014,348988.8039,593174.8911,IN,INR
M01089,P006,DC,12/31/2025,Active,30,F,14,64,1375612.947,1264462.933,0.04302586,0.046494536,0.162265054,,account_balance,0.031527019,VBT-2015,None,0.078692846,0.034400097,0.069996797,0.418143675,0.379120702,0.174725643,0.02800998,5934141.782,5934141.782,1,14.9606271,0,0,0.0005,baseline,0,0,0,0,870426.1753,1479459.931,IN,INR
M01090,P002,DB,12/31/2025,Active,37,M,10,62,715949.7896,650625.4307,0.04900067,0.072590346,0.131918248,0.022716475,final_average,0.076153456,RP-2014,MP-2020,0.08341146,0.055941569,0.097265456,0.513888242,0.176494238,0.30906356,0.00055396,2331694.198,2628009.431,0.887247272,17.78094894,0,0,0.0026,equity_down_20,0,-0.2,0,-239646.0463,421062.7643,715678.7167,IN,INR
M01091,P006,DC,12/31/2025,Active,41,M,13,62,722233.3088,660689.5182,0.045538546,0.078166174,0.1219625,,account_balance,0.111750677,IALM_2012-14_Ultimate,MP-2021,0.083968814,0.039663009,0.080162598,0.319585923,0.51890413,0.06550515,0.096004797,2837458.153,2837458.153,1,14.04753113,0,0,0.0038,rate_down_100bps,-100,0,50,-324974.3796,333904.7126,567536.5206,IN,INR
M01092,P004,Hybrid,12/31/2025,Active,36,F,7,60,783970.3451,719692.4758,0.043701569,0.080257191,0.122060521,0.110287788,cash_balance,0.088873784,IALM_2012-14_Ultimate,MP-2021,0.050356697,0.045492382,0.06292788,0.534608214,0.359284195,0.010993879,0.095113712,551942.9066,623100.8099,0.885800336,13.86800215,0,0,0.0023,high_inflation,150,-0.05,300,99990.96279,99043.51494,168343.871,IN,INR
M01093,P004,Hybrid,12/31/2025,Retired,61,M,14,64,489382.2937,460507.8451,0.030874055,0.053270331,0.053958001,0.054448784,cash_balance,0.098886129,IALM_2012-14_Ultimate,MI-2012,0.069994829,0.04088808,0.099888084,0.45751533,0.354193899,0.171183087,0.017107684,420021.8729,481357.513,0.872577786,17.74766878,32090.50086,0,0.0098,baseline,0,0,0,0,66439.32342,112926.6555,IN,INR
M01094,P003,DC,12/31/2025,Active,35,M,9,64,1225677.743,1123677.997,0.044400838,0.098093314,0.091138525,,account_balance,0.075793929,RP-2014,None,0.064303634,0.045095925,0.079364162,0.117242988,0.622344629,0.162491816,0.097920567,2698575.469,2698575.469,1,14.49597212,0,0,0.002,rate_down_100bps,-100,0,50,-307212.5503,214063.7322,363843.2798,IN,INR
M01095,P002,DB,12/31/2025,Active,38,M,22,62,1290307.36,1136374.238,0.0655796,0.053751943,0.140332305,0.014752092,career_average,0.063593525,IALM_2012-14_Ultimate,MP-2020,0.089154397,0.054552077,0.097879555,0.441689294,0.466565194,0.057081225,0.034664287,5827434.827,5027781.977,1.159046843,13.63260229,0,0,0.0029,rate_down_100bps,-100,0,50,-549473.6078,890750.9224,1514005.823,IN,INR
M01096,P001,DB,12/31/2025,Active,46,M,12,65,1020557.854,912392.7455,0.057615734,0.061245145,0.049580091,0.016450503,final_average,0.06631318,IALM_2012-14_Ultimate,MP-2021,0.07176304,0.035490396,0.075611349,0.477091609,0.471311391,0.027012142,0.024584858,1762729.465,2007973.039,0.877865106,11.14847889,0,0,0.0053,rate_down_100bps,-100,0,50,-182318.7266,288732.6526,490757.7488,IN,INR
M01097,P002,DB,12/31/2025,Active,32,M,7,65,1815469.249,1692087.822,0.035816914,0.014950631,0.097054299,0.011888155,flat,0.096271423,IAM-2012,MP-2020,0.067097733,0.052643792,0.068990432,0.099494113,0.849659616,0.04842596,0.002420311,1479381.144,1752589.788,0.844111471,12.44643193,0,0,0.0011,baseline,0,0,0,0,133927.7366,227636.4446,IN,INR
M01098,P002,DB,12/31/2025,Active,40,F,14,62,875426.615,788551.6331,0.0536462,0.04174154,0.096662091,0.012729512,flat,0.067568688,IAM-2012,MP-2020,0.059774543,0.043376669,0.089475204,0.396322895,0.433682535,0.124464777,0.045529793,2104400.027,1975669.055,1.065158166,14.05867063,0,0,0.0035,baseline,0,0,0,0,293396.3,498684.5319,IN,INR
M01099,P005,DB,12/31/2025,Active,47,F,22,63,1300052.826,1144721.508,0.065689234,0.033558621,0.083104173,0.013010272,final_average,0.031656306,IALM_2012-14_Ultimate,MP-2021,0.083825207,0.058048508,0.077299773,0.682310398,0.087144779,0.146485833,0.084058991,3578873.988,4612831.1,0.775851947,14.07857399,0,0,0.0056,rate_down_100bps,-100,0,50,-633826.8302,810623.8048,1377814.078,IN,INR
M01100,P002,DB,12/31/2025,Active,41,M,8,68,1225213.278,1094559.164,0.058001362,0.035040894,0.14811376,0.014436542,career_average,0.164444444,RP-2010,MI-2012,0.062774839,0.04640962,0.095258345,0.263806946,0.310585577,0.201184988,0.224422489,1967146.439,1655906.022,1.187957778,13.09915463,0,0,0.0038,equity_down_20,0,-0.2,0,-103789.3787,197337.9913,335414.6041,IN,INR
M01101,P001,DB,12/31/2025,Active,43,M,7,63,687213.0461,640347.9248,0.035947376,0.009133494,0.037154668,0.019982815,final_average,0.010694159,RP-2014,MP-2021,0.083070155,0.031241262,0.078579644,0.372249867,0.595355485,0.011937243,0.020457405,1625119.608,1361928.358,1.193248968,15.20489946,0,0,0.0044,equity_down_20,0,-0.2,0,-120990.1115,220786.368,375269.7173,IN,INR
M01102,P006,DC,12/31/2025,Active,39,F,1,65,1655626.336,1460484.553,0.0647133,0.086888569,0.074251056,,account_balance,0.011873054,RP-2010,None,0.085664319,0.057306183,0.073533626,0.383510813,0.445795037,0.167526524,0.003167625,243841.2327,243841.2327,1,10.41225983,0,0,0.0032,baseline,0,0,0,0,33566.72095,57053.22296,IN,INR
M01103,P006,DC,12/31/2025,Active,29,M,12,64,1043069.99,960564.4989,0.042061761,0.065522181,0.097241126,,account_balance,0.02418356,RP-2010,MP-2020,0.052326981,0.057734791,0.098667118,0.303770047,0.53301921,0.104554109,0.058656635,3299598.098,3299598.098,1,16.80732542,0,0,0.0005,rate_down_100bps,-100,0,50,-466636.7312,378846.135,643923.2788,IN,INR
M01104,P006,DC,12/31/2025,Active,47,M,9,66,1526631.298,1389557.344,0.048163046,0.079975433,0.064517405,,account_balance,0.16,RP-2014,None,0.070399463,0.035397641,0.093214985,0.308534124,0.622992323,0.068439024,3.45E-05,2698611.689,2698611.689,1,15.63644859,0,0,0.0056,rate_down_100bps,-100,0,50,-337906.3111,322337.5503,547875.8605,IN,INR
M01105,P006,DC,12/31/2025,Retired,62,M,14,65,548301.1486,496336.1955,0.05104571,0.069920416,0.121378631,,account_balance,0.033996361,RP-2014,MP-2021,0.066814955,0.059179872,0.068223972,0.363759653,0.482595632,0.126259622,0.027385093,2109857.032,2109857.032,1,16.41669846,140657.1354,0,0.0101,rate_up_100bps,100,0,-50,295458.4775,276807.9616,470489.3985,IN,INR
M01106,P001,DB,12/31/2025,Active,44,M,14,65,1034458.884,913720.6403,0.064020264,0.020602737,0.059607216,0.016023859,career_average,0.137777778,VBT-2015,MP-2021,0.065724315,0.043373984,0.079554209,0.454302153,0.503764189,0.023282221,0.018651436,2089983.641,1910052.919,1.094201957,9.318302436,0,0,0.0047,baseline,0,0,0,0,329352.2121,559798.6535,IN,INR
M01107,P003,DC,12/31/2025,Active,46,F,4,66,800292.7989,702594.8211,0.0672643,0.078971629,0.122317277,,account_balance,0.018133553,VBT-2015,MP-2020,0.064858704,0.057432591,0.064532664,0.17980448,0.485280648,0.169045615,0.165869257,641066.0213,641066.0213,1,16.03955873,0,0,0.0053,equity_down_20,0,-0.2,0,-23053.3085,53306.90819,90605.54122,IN,INR
M01108,P005,DB,12/31/2025,Active,51,F,18,67,671216.3472,589362.0844,0.067186115,0.031160942,0.144092169,0.015356535,final_average,0.011831259,VBT-2015,MP-2021,0.071279446,0.040922341,0.064309782,0.511610926,0.242568857,0.242514583,0.003305634,3045901.587,2550660.474,1.194161911,15.65686232,0,0,0.0068,baseline,0,0,0,0,537984.0507,914409.3652,IN,INR
M01109,P004,Hybrid,12/31/2025,Active,31,M,6,64,1856631.058,1748972.157,0.030318167,0.078738331,0.121377689,0.117748646,cash_balance,0.065192487,IALM_2012-14_Ultimate,None,0.055208051,0.030680511,0.094136003,0.615467365,0.228895998,0.004001853,0.151634785,1257552.117,1375834.708,0.914028487,9.182557755,0,0,0.0008,baseline,0,0,0,0,256241.3115,435532.3446,IN,INR
M01110,P001,DB,12/31/2025,Retired,61,M,8,62,1075056.198,944503.6731,0.066875539,0.005012643,0.098726782,0.012546699,career_average,0.088203859,IALM_2012-14_Ultimate,MI-2012,0.08485152,0.053850615,0.097273032,0.203436893,0.508690902,0.261646698,0.026225508,1070265.362,1237895.476,0.864584598,13.05752527,94803.22266,0,0.0098,baseline,0,0,0,0,105236.8444,178870.6486,IN,INR
M01111,P005,DB,12/31/2025,Active,46,M,13,63,506542.7553,475454.5782,0.032175479,0.01965434,0.056639687,0.011293908,career_average,0.069789862,IALM_2012-14_Ultimate,MP-2021,0.072319317,0.056574337,0.089553307,0.396305149,0.416141882,0.155244683,0.032308286,935304.8576,819706.8009,1.141023664,11.74253593,0,0,0.0053,baseline,0,0,0,0,131031.2206,222713.2479,IN,INR
M01112,P002,DB,12/31/2025,Retired,60,M,5,65,787179.6324,726909.5507,0.040630946,0.021064154,0.081036652,0.014355549,final_average,0.062771746,VBT-2015,MP-2021,0.063884425,0.03488426,0.099569468,0.188168113,0.757132205,0.054513758,0.000185924,603416.7678,589632.9165,1.023377005,11.30086128,52175.92728,0,0.0095,high_inflation,150,-0.05,300,60008.23712,58915.01928,100137.6255,IN,INR
M01113,P002,DB,12/31/2025,Active,37,F,7,65,1502398.465,1361164.895,0.050599514,0.09929628,0.122887358,0.023110816,final_average,0.168888889,RP-2014,MP-2020,0.059721127,0.046619428,0.061811154,0.147327441,0.600992986,0.122733491,0.128946082,2465908.55,2293041.789,1.075387532,10.41328894,0,0,0.0026,baseline,0,0,0,0,198187.772,336858.9729,IN,INR
M01114,P003,DC,12/31/2025,Retired,62,F,5,62,670785.5757,609353.9239,0.049197028,0.057901783,0.088843178,,account_balance,0.163282684,IALM_2012-14_Ultimate,MP-2020,0.074662545,0.054946748,0.073260377,0.282281782,0.53164307,0.160832026,0.025243122,533538.2435,533538.2435,1,11.28006752,35569.21624,0,0.0101,equity_down_20,0,-0.2,0,-30121.62522,59380.01425,100927.9756,IN,INR
M01115,P004,Hybrid,12/31/2025,Active,52,M,19,61,640661.5485,576490.5595,0.054188392,0.013895826,0.059352744,0.090516483,cash_balance,0.043397546,RP-2014,None,0.081469265,0.043846373,0.065284972,0.570410972,0.244047873,0.093925363,0.091615792,1389556.932,1628158.271,0.853453228,15.85910777,0,0,0.0071,equity_down_20,0,-0.2,0,-158523.7041,264178.3995,449022.9818,IN,INR
M01116,P004,Hybrid,12/31/2025,Active,50,F,8,65,921566.2506,837198.2962,0.049177849,0.027219914,0.109447225,0.068126926,cash_balance,0.164444444,VBT-2015,MP-2021,0.067634383,0.053650976,0.09128074,0.248691524,0.639041817,0.101457106,0.010809554,524797.4607,543288.5976,0.96596443,17.17037589,0,0,0.0065,rate_up_100bps,100,0,-50,76516.31824,55225.61984,93866.76782,IN,INR
M01117,P001,DB,12/31/2025,Active,46,F,4,62,1216135.184,1067450.581,0.067375027,0.016782209,0.041400359,0.016421174,career_average,0.093205169,RP-2014,None,0.089380973,0.049142799,0.095616521,0.420222917,0.341357456,0.194108773,0.044310854,746230.4949,852587.0082,0.875254359,12.15980852,0,0,0.0053,equity_down_20,0,-0.2,0,-62716.6311,109971.8562,186918.7295,IN,INR
M01118,P006,DC,12/31/2025,Active,42,F,5,64,709472.8109,656424.6369,0.039621954,0.051105335,0.07906592,,account_balance,0.050495306,IALM_2012-14_Ultimate,MP-2021,0.071422726,0.051621913,0.077884742,0.4697097,0.252934957,0.27573949,0.001615853,515348.2188,515348.2188,1,11.56852256,0,0,0.0041,baseline,0,0,0,0,85409.34925,145169.9334,IN,INR
M01119,P002,DB,12/31/2025,Active,56,M,17,65,1173879.483,1083314.621,0.040960988,0.079718203,0.095840871,0.020373812,final_average,0.100142635,RP-2014,MP-2020,0.089156458,0.057564476,0.093168193,0.306297512,0.563603051,0.109674471,0.020424967,3577771.458,4366904.474,0.819292357,11.63852314,0,0,0.0083,baseline,0,0,0,0,419045.9146,712250.6852,IN,INR
M01120,P001,DB,12/31/2025,Active,45,M,6,64,1000177.437,878793.8446,0.066829517,0.049575263,0.056925583,0.015726619,career_average,0.065242209,VBT-2015,MP-2020,0.088504023,0.042504701,0.093904865,0.365108084,0.27972899,0.350703721,0.004459204,1126118.717,1145062.873,0.983455794,13.80879301,0,0,0.005,high_inflation,150,-0.05,300,192995.6867,159192.9934,270579.7019,IN,INR
M01121,P006,DC,12/31/2025,Active,24,F,8,61,1056419.735,989868.1675,0.033069581,0.054929719,0.124860433,,account_balance,0.103148029,IALM_2012-14_Ultimate,MP-2020,0.073989783,0.053129247,0.065587618,0.243087635,0.384657663,0.176380173,0.19587453,1835650.12,1835650.12,1,9.410570138,0,0,0.0005,high_inflation,150,-0.05,300,183849.2544,174726.1773,296981.3931,IN,INR
M01122,P006,DC,12/31/2025,Active,33,M,11,62,333655.83,300125.1532,0.054382433,0.079884611,0.115327883,,account_balance,0.057561185,IALM_2012-14_Ultimate,MP-2021,0.073253451,0.051380506,0.075079425,0.278126747,0.405992828,0.251710831,0.064169593,959678.3937,959678.3937,1,14.17171632,0,0,0.0014,rate_down_100bps,-100,0,50,-116521.7723,107074.6311,181994.3273,IN,INR
M01123,P006,DC,12/31/2025,Active,42,F,9,62,991685.9301,887161.7207,0.057269438,0.069604965,0.099635249,,account_balance,0.148185402,VBT-2015,MP-2021,0.054226923,0.04316967,0.067521129,0.146730514,0.436364469,0.205906208,0.210998809,1813188.798,1813188.798,1,17.28149225,0,0,0.0041,rate_up_100bps,100,0,-50,273785.5233,138676.3592,235707.6597,IN,INR
M01124,P005,DB,12/31/2025,Active,47,F,3,62,879570.6808,797459.7917,0.050221669,0.025756903,0.125553241,0.011355662,career_average,0.128530148,RP-2010,MP-2020,0.087171176,0.041435218,0.086802038,0.225849628,0.530433196,0.183924753,0.059792423,319150.4227,364911.1579,0.874597599,13.43212192,0,0,0.0056,baseline,0,0,0,0,31239.63592,53097.88573,IN,INR
M01125,P004,Hybrid,12/31/2025,Active,43,F,15,64,1173682.661,1048983.828,0.057769275,0.030803627,0.109673309,0.072056052,cash_balance,0.088506019,IAM-2012,None,0.082128387,0.05644064,0.075493244,0.406676831,0.509094416,0.046773626,0.037455127,1658579.232,1682381.415,0.985852089,12.58633272,0,0,0.0044,rate_up_100bps,100,0,-50,169531.4512,237541.9241,403749.0699,IN,INR
M01126,P003,DC,12/31/2025,Active,56,M,9,64,733650.8316,682349.9008,0.036910186,0.076661239,0.176987603,,account_balance,0.079825348,VBT-2015,MP-2020,0.070018543,0.036142185,0.086710993,0.14548346,0.806591386,0.0360546,0.011870554,2264622.384,2264622.384,1,9.357459875,0,0,0.0083,rate_up_100bps,100,0,-50,120579.8855,210980.9438,358603.4766,IN,INR
M01127,P001,DB,12/31/2025,Active,24,F,13,62,833237.9413,735867.8573,0.064105289,0.015035013,0.06688327,0.017187134,career_average,0.142222222,RP-2014,MP-2020,0.062256319,0.039555213,0.095035051,0.690004615,0.261437962,0.002625391,0.045932031,1798265.613,2290227.637,0.785190775,13.92938693,0,0,0.0005,baseline,0,0,0,0,410859.0742,698335.545,IN,INR
M01128,P003,DC,12/31/2025,Active,45,M,16,61,1251554.109,1166983.418,0.035601028,0.074668097,0.152768498,,account_balance,0.043294716,RP-2010,None,0.083541845,0.05923446,0.076510094,0.521636165,0.448596287,0.027363754,0.002403794,7659313.769,7659313.769,1,10.22755394,0,0,0.005,equity_down_20,0,-0.2,0,-799075.0118,1358150.406,2308442.878,IN,INR
M01129,P003,DC,12/31/2025,Active,26,F,2,62,1887140.259,1724701.039,0.046032498,0.103457243,0.104187623,,account_balance,0.166547946,VBT-2015,None,0.061660704,0.038320974,0.09887695,0.452203756,0.347004113,0.022201973,0.178590158,787071.309,787071.309,1,13.15422128,0,0,0.0005,baseline,0,0,0,0,120231.0736,204356.2806,IN,INR
M01130,P002,DB,12/31/2025,Active,52,M,16,68,542499.323,508381.6818,0.033010304,0.012042323,0.054009857,0.012299254,final_average,0.017899533,IAM-2012,MP-2021,0.071674305,0.056174293,0.076344563,0.287146362,0.402704611,0.065073593,0.245075434,1306983.777,1178554.552,1.108971812,11.78042756,0,0,0.0071,high_inflation,150,-0.05,300,150018.7365,135106.2129,229639.4962,IN,INR
M01131,P005,DB,12/31/2025,Active,43,M,37,64,1240364.991,1121182.201,0.051808443,0.089746128,0.127849454,0.013016735,career_average,0.037327155,IALM_2012-14_Ultimate,MP-2021,0.057953064,0.041142834,0.068549386,0.137345899,0.817853616,0.04369306,0.001107425,7213926.185,6127503.891,1.177302587,11.34758968,0,0,0.0044,high_inflation,150,-0.05,300,550950.6688,670247.2719,1139216.64,IN,INR
M01132,P003,DC,12/31/2025,Active,48,F,14,66,1704819.57,1526515.329,0.056789832,0.080318554,0.104966605,,account_balance,0.080760035,IAM-2012,MP-2020,0.082180548,0.046536109,0.081170913,0.431227504,0.500289375,0.028066124,0.040416996,6838019.173,6838019.173,1,17.61771876,0,0,0.0059,equity_down_20,0,-0.2,0,-589748.3883,1027924.371,1747158.991,IN,INR
M01133,P001,DB,12/31/2025,Active,35,M,22,66,1345958.877,1180796.087,0.067648865,0.034890923,0.057238792,0.016510996,final_average,0.102222222,IAM-2012,MP-2021,0.080112352,0.041950268,0.075961541,0.171361752,0.691762535,0.119517117,0.017358595,7130213.643,6900903.677,1.033228976,16.0892245,0,0,0.002,rate_down_100bps,-100,0,50,-863681.1515,653375.0704,1110539.025,IN,INR
M01134,P002,DB,12/31/2025,Active,57,M,18,64,1653891.667,1473143.065,0.059573448,0.061050932,0.105020188,0.016917466,final_average,0.107317592,VBT-2015,MP-2020,0.061670979,0.036639053,0.06500006,0.230955258,0.579261789,0.075072113,0.114710839,3680342.161,4519900.892,0.814252845,10.07572178,0,0,0.0086,baseline,0,0,0,0,354261.3526,602136.6211,IN,INR
M01135,P004,Hybrid,12/31/2025,Active,54,F,16,65,770978.072,697115.0086,0.051644117,0.055941476,0.143404288,0.089650163,cash_balance,0.02438092,IALM_2012-14_Ultimate,MP-2020,0.054694242,0.050733176,0.060927678,0.225156987,0.646181811,0.090098754,0.038562448,1377870.865,1328364.411,1.03726873,11.8462858,0,0,0.0077,baseline,0,0,0,0,136900.522,232689.2762,IN,INR
M01136,P001,DB,12/31/2025,Active,50,M,19,62,1717786.928,1507969.179,0.067304681,0.009639107,0.039851367,0.024630023,final_average,0.05290275,IALM_2012-14_Ultimate,MP-2021,0.057082795,0.058998306,0.089760167,0.323558323,0.500358096,0.036090741,0.13999284,12389858.65,10818325.21,1.145265872,15.33024718,0,0,0.0065,baseline,0,0,0,0,1456887.245,2476265.493,IN,INR
M01137,P005,DB,12/31/2025,Active,43,M,20,65,710690.2958,645677.4009,0.049137474,0.079891317,0.043121425,0.014540847,flat,0.044838936,IAM-2012,MP-2021,0.074654185,0.056784327,0.097314379,0.254258586,0.557584724,0.045881404,0.142275285,2819539.579,3081751.127,0.914914755,16.41202958,0,0,0.0044,equity_down_20,0,-0.2,0,-143378.4295,283552.4403,481952.9624,IN,INR
M01138,P003,DC,12/31/2025,Deferred,50,M,21,63,1009340.487,911247.2134,0.052448226,0.112692934,0.12426233,,account_balance,0.028868646,VBT-2015,MI-2012,0.056001597,0.059558301,0.077618981,0.200723344,0.71721127,0.068979342,0.013086043,9940467.46,9940467.46,1,13.73857823,0,0,0.0065,high_inflation,150,-0.05,300,1414048.007,971805.5559,1651774.063,IN,INR
M01139,P003,DC,12/31/2025,Active,37,F,5,66,785380.9483,707176.3954,0.053843941,0.065808965,0.078524819,,account_balance,0.086732237,IALM_2012-14_Ultimate,MI-2012,0.06280502,0.05073381,0.062616283,0.342351247,0.31667072,0.223137934,0.1178401,594028.0107,594028.0107,1,17.10269581,0,0,0.0026,baseline,0,0,0,0,74211.08162,126136.2822,IN,INR
M01140,P004,Hybrid,12/31/2025,Active,53,M,19,61,799716.1791,730366.9179,0.046399189,0.089513097,0.034725044,0.111549434,cash_balance,0.003534519,IALM_2012-14_Ultimate,MP-2021,0.083567949,0.031034347,0.089625724,0.409415778,0.564195882,0.006897078,0.019491262,2517984.249,2573461.546,0.978442539,12.25422113,0,0,0.0074,high_inflation,150,-0.05,300,314943.6529,367025.0047,623830.9503,IN,INR
M01141,P005,DB,12/31/2025,Retired,60,M,9,65,453790.4083,401188.2645,0.063539308,0.055680944,0.07175167,0.011768869,career_average,0.16,RP-2014,MP-2020,0.053270926,0.046622095,0.094682879,0.295649291,0.511895962,0.10190265,0.090552097,320464.131,411559.3778,0.778658314,9.68516584,42493.78736,0,0.0095,rate_down_100bps,-100,0,50,-31657.99354,35715.18786,60704.96368,IN,INR
M01142,P002,DB,12/31/2025,Deferred,55,M,21,61,405421.755,376711.319,0.037407038,0.093593377,0.086004706,0.013291174,final_average,0.076239956,IAM-2012,MP-2021,0.073247242,0.048675459,0.072946123,0.380010197,0.420615571,0.022256931,0.177117301,1830766.646,1837276.752,0.996456654,17.4736357,0,0,0.008,baseline,0,0,0,0,241370.5009,410256.4866,IN,INR
M01143,P004,Hybrid,12/31/2025,Active,37,M,14,66,1672035.864,1510268.639,0.052193688,0.017608596,0.098333332,0.072679475,cash_balance,0.02788024,RP-2010,MP-2021,0.065993055,0.033604314,0.068880611,0.268915684,0.601781299,0.013392415,0.115910602,1784656.985,2070686.919,0.861867127,12.72378165,0,0,0.0026,equity_down_20,0,-0.2,0,-95984.45073,190264.9006,323392.4997,IN,INR
M01144,P003,DC,12/31/2025,Active,48,M,5,63,438208.289,390822.3968,0.05888933,0.045899533,0.085774805,,account_balance,0.054644513,IAM-2012,None,0.054812628,0.054852808,0.073482264,0.504870916,0.360312148,0.085466909,0.049350026,307211.7165,307211.7165,1,9.207719039,0,0,0.0059,equity_down_20,0,-0.2,0,-31020.45215,52442.45245,89136.22922,IN,INR
M01145,P002,DB,12/31/2025,Active,31,M,23,65,1102068.214,969537.2148,0.066159047,0.005978158,0.139582148,0.02491229,final_average,0.049279844,VBT-2015,None,0.070377396,0.05190242,0.09633261,0.357113318,0.460467363,0.034502395,0.147916924,7808604.961,8595573.632,0.908444892,15.47279942,0,0,0.0008,baseline,0,0,0,0,985302.569,1674714.883,IN,INR
M01146,P006,DC,12/31/2025,Active,50,M,6,64,548769.6019,483503.8473,0.065356736,0.060155217,0.121310072,,account_balance,0.046183419,IALM_2012-14_Ultimate,MP-2021,0.07066581,0.043452872,0.076718445,0.24027995,0.24520601,0.512691554,0.001822486,657129.8678,657129.8678,1,11.26603673,0,0,0.0065,high_inflation,150,-0.05,300,91069.06734,85874.27833,145960.1716,IN,INR
M01147,P005,DB,12/31/2025,Active,49,M,9,63,672092.0461,609201.5468,0.050349612,0.067415942,0.148057231,0.018820399,final_average,0.056723386,IALM_2012-14_Ultimate,MP-2021,0.065123452,0.038759842,0.086166317,0.137851659,0.274783092,0.477120748,0.1102445,886808.2139,1013224.674,0.875233535,9.819139272,0,0,0.0062,rate_down_100bps,-100,0,50,-87305.94674,95784.77901,162805.0104,IN,INR
M01148,P004,Hybrid,12/31/2025,Active,25,M,26,65,1339673.068,1201976.606,0.055726458,0.037025478,0.087174651,0.098661007,cash_balance,0.053169867,RP-2014,MP-2020,0.052212888,0.036654175,0.062974204,0.511277484,0.229268637,0.211683282,0.047770597,4292977.414,4792692.75,0.89573391,16.59658968,0,0,0.0005,baseline,0,0,0,0,750393.2505,1275440.443,IN,INR
M01149,P005,DB,12/31/2025,Active,32,F,12,67,1059084.377,968408.5402,0.045769509,0.019046682,0.040119553,0.024126751,final_average,0.146666667,IALM_2012-14_Ultimate,None,0.058274687,0.058933405,0.071261556,0.196154812,0.37994941,0.362682948,0.06121283,3555183.565,3135471.449,1.133859333,11.18315003,0,0,0.0011,baseline,0,0,0,0,367712.2531,624999.0637,IN,INR
M01150,P006,DC,12/31/2025,Active,41,M,9,60,929857.6727,845456.9312,0.048727111,0.118224919,0.099207443,,account_balance,0.146818445,IALM_2012-14_Ultimate,MI-2012,0.066188779,0.054062267,0.069121035,0.122098579,0.537053953,0.297911278,0.042936191,2235008.18,2235008.18,1,13.89034516,0,0,0.0038,equity_down_20,0,-0.2,0,-54578.2644,198428.8593,337268.7481,IN,INR
M01151,P004,Hybrid,12/31/2025,Active,41,M,10,67,1648035.283,1449599.072,0.066250632,0.060324132,0.030493579,0.087032422,cash_balance,0.14981399,RP-2010,MP-2020,0.061088952,0.050801527,0.06250497,0.143324377,0.628577289,0.217821341,0.010276993,1538658.016,1537334.179,1.000861125,14.51039008,0,0,0.0038,baseline,0,0,0,0,136943.6536,232762.5869,IN,INR
M01152,P005,DB,12/31/2025,Active,32,M,8,64,864275.1824,758817.7663,0.06722816,0.036041585,0.123131522,0.024156417,final_average,0.033754789,IAM-2012,MP-2021,0.056421213,0.058451406,0.064824496,0.268955842,0.559171541,0.161032525,0.010840091,2708514.87,2566995.862,1.055130205,17.50512338,0,0,0.0011,baseline,0,0,0,0,295294.1451,501910.2917,IN,INR
M01153,P004,Hybrid,12/31/2025,Active,48,M,17,66,1712542.827,1507566.616,0.065816562,0.044383582,0.033753844,0.093781543,cash_balance,0.03650136,IALM_2012-14_Ultimate,MP-2021,0.06947864,0.036105145,0.076664174,0.227197277,0.490711208,0.184474641,0.097616875,3422160.446,3516830.699,0.973080805,12.56838045,0,0,0.0059,rate_up_100bps,100,0,-50,358044.0377,329340.5125,559778.7677,IN,INR
M01154,P004,Hybrid,12/31/2025,Active,47,F,9,63,608498.792,567453.5207,0.035534834,0.082654266,0.121345703,0.083858281,cash_balance,0.112827675,VBT-2015,MP-2021,0.065904018,0.055728246,0.082320194,0.240672891,0.6438108,0.112959843,0.002556466,537770.9565,518648.42,1.036869941,13.51266216,0,0,0.0056,baseline,0,0,0,0,55899.11626,95011.50703,IN,INR
M01155,P004,Hybrid,12/31/2025,Active,42,F,10,64,576421.3653,509159.7567,0.064003361,0.033892719,0.142552673,0.090610914,cash_balance,0.051533619,RP-2010,MP-2021,0.076597608,0.047503382,0.072476754,0.161905812,0.394116356,0.133838612,0.310139219,556126.6859,590037.0479,0.942528419,11.71519523,0,0,0.0041,rate_up_100bps,100,0,-50,58165.06094,39616.21036,67335.5162,IN,INR
M01156,P005,DB,12/31/2025,Active,36,M,15,66,925254.7039,811282.3507,0.067934549,0.008963268,0.076711236,0.011236304,career_average,0.073458685,RP-2010,MP-2021,0.072417252,0.057991482,0.076780067,0.343899328,0.538028681,0.059973667,0.058098324,1711899.995,1804624.867,0.948618201,13.19775824,0,0,0.0023,baseline,0,0,0,0,214926.0005,365308.8738,IN,INR
M01157,P001,DB,12/31/2025,Active,54,M,14,63,986061.6512,903917.4506,0.044449988,0.091128217,0.058915782,0.017676054,career_average,0.0102772,RP-2014,MP-2021,0.056789831,0.049818299,0.090379703,0.263771311,0.584365728,0.149461835,0.002401126,1596485.999,2027420.744,0.787446811,9.063621227,0,0,0.0077,equity_down_20,0,-0.2,0,-84221.44106,172892.865,293865.3194,IN,INR
M01158,P006,DC,12/31/2025,Retired,61,M,7,64,669124.4519,606054.2939,0.050745852,0.084201582,0.143572953,,account_balance,0.123074158,VBT-2015,MP-2021,0.077506446,0.052245999,0.069887473,0.51372052,0.362598073,0.109499495,0.014181913,1224047.018,1224047.018,1,16.72828006,81603.13455,0,0.0098,rate_down_100bps,-100,0,50,-182570.1588,213117.2106,362234.4807,IN,INR
M01159,P006,DC,12/31/2025,Active,39,M,17,60,869568.6373,772216.3751,0.06116381,0.109854727,0.16134557,,account_balance,0.124444444,RP-2010,MI-2012,0.068615225,0.036667714,0.061364895,0.390935767,0.592599013,0.010031893,0.006433327,5906472.737,5906472.737,1,9.593566709,0,0,0.0032,high_inflation,150,-0.05,300,471996.7873,834622.6941,1418604.895,IN,INR
M01160,P001,DB,12/31/2025,Active,38,F,8,62,1819630.724,1642680.033,0.052483126,0.020439962,0.050506444,0.020869521,final_average,0.164444444,IAM-2012,MP-2021,0.054538264,0.04034988,0.070279553,0.629359532,0.301354765,0.024651498,0.044634205,2749243.86,3075717.218,0.89385456,11.21478514,0,0,0.0029,baseline,0,0,0,0,575258.8676,977765.2242,IN,INR
M01161,P005,DB,12/31/2025,Active,49,M,5,65,824492.8655,720494.992,0.069739341,0.089742257,0.110750836,0.012998485,career_average,0.177009315,VBT-2015,None,0.050738084,0.039069169,0.096856053,0.227210068,0.623269322,0.121904877,0.027615734,577787.3075,724499.7407,0.797498294,15.47193116,0,0,0.0062,baseline,0,0,0,0,57638.34282,97967.66355,IN,INR
M01162,P001,DB,12/31/2025,Active,40,M,3,65,411940.3459,374905.9852,0.048228535,0.021750533,0.074202283,0.01276351,flat,0.153681443,IAM-2012,MP-2021,0.075056931,0.050824378,0.060721009,0.251504035,0.499993526,0.140046716,0.108455722,205030.655,212085.0896,0.966737715,14.77394234,0,0,0.0035,rate_up_100bps,100,0,-50,26207.62883,20553.75532,34935.13671,IN,INR
M01163,P002,DB,12/31/2025,Active,43,M,10,64,449324.6106,400987.7715,0.058557708,0.063667287,0.068773139,0.020805394,final_average,0.101828113,RP-2014,None,0.07474584,0.042335203,0.065157586,0.249491351,0.623639797,0.114824058,0.012044795,1542094.72,1315295.45,1.172432186,15.76580865,0,0,0.0044,equity_down_20,0,-0.2,0,-76947.85891,162031.2575,275403.8882,IN,INR
M01164,P005,DB,12/31/2025,Active,51,M,3,62,2518015.192,2233838.279,0.061703646,0.088076501,0.085354269,0.01345134,final_average,0.186666667,RP-2014,MP-2020,0.082818812,0.055799338,0.062603224,0.360377858,0.519062865,0.109570541,0.010988736,1361595.556,1221203.644,1.114961917,13.54720005,0,0,0.0068,baseline,0,0,0,0,178311.9462,303076.1104,IN,INR
M01165,P001,DB,12/31/2025,Active,25,F,6,63,1891269.898,1716208.885,0.049764017,0.003491361,0.0951105,0.014515005,career_average,0.061775494,IALM_2012-14_Ultimate,MP-2021,0.080497338,0.036377446,0.075077078,0.174989532,0.711869826,0.037422038,0.075718604,2456195.454,2594315.475,0.946760514,17.35738157,0,0,0.0005,equity_down_20,0,-0.2,0,-85961.69852,223868.3116,380508.0846,IN,INR
M01166,P005,DB,12/31/2025,Active,57,M,11,63,809198.1624,714403.5676,0.064279352,0.082879171,0.047031631,0.011239296,career_average,0.136733796,IAM-2012,MP-2020,0.085100146,0.053870026,0.085909915,0.248064145,0.372062185,0.089351753,0.290521917,1368786.294,1546095.611,0.885318013,17.50495332,0,0,0.0086,baseline,0,0,0,0,125026.3478,212506.7893,IN,INR
M01167,P005,DB,12/31/2025,Active,45,F,20,64,1418013.079,1281668.662,0.051846184,0.041059942,0.114931604,0.021966116,final_average,0.111111111,IAM-2012,MP-2021,0.061696738,0.054397283,0.096413767,0.367985864,0.366094349,0.201631035,0.064288751,8001867.484,8908378.302,0.898240646,15.82120751,0,0,0.005,baseline,0,0,0,0,1060005.81,1801687.687,IN,INR
M01168,P003,DC,12/31/2025,Active,40,M,9,66,1107026.747,1010899.176,0.046466032,0.087334434,0.073668686,,account_balance,0.155429735,RP-2014,MP-2021,0.066526926,0.04883636,0.091762667,0.587993172,0.286146646,0.112248283,0.013611899,2174511.559,2174511.559,1,11.89533197,0,0,0.0035,baseline,0,0,0,0,427840.1891,727198.2788,IN,INR
M01169,P001,DB,12/31/2025,Active,43,M,4,65,1744061.979,1630264.203,0.034312947,0.037240456,0.06335843,0.014190781,flat,0.05469148,IAM-2012,MP-2020,0.052476984,0.034449304,0.070028237,0.216838596,0.627781051,0.021312932,0.134067421,834778.9889,867126.9069,0.96269529,9.370405448,0,0,0.0044,rate_down_100bps,-100,0,50,-55050.38538,78979.23986,134240.7019,IN,INR
M01170,P002,DB,12/31/2025,Active,44,M,10,61,608012.0447,555990.8104,0.045736543,0.069551626,0.051646908,0.011979681,career_average,0.082753411,VBT-2015,MP-2020,0.066453917,0.039801571,0.085393598,0.538304028,0.324043323,0.019024929,0.11862772,798048.7159,928751.0562,0.859270857,13.94397032,0,0,0.0047,high_inflation,150,-0.05,300,153382.3387,143661.9727,244181.6873,IN,INR
M01171,P004,Hybrid,12/31/2025,Active,27,F,20,66,615791.6378,548717.3975,0.059357458,0.025429491,0.121260651,0.108658922,cash_balance,0.055522991,IALM_2012-14_Ultimate,None,0.058790631,0.041932247,0.086553785,0.4134454,0.388670698,0.104796768,0.093087134,1630948.71,1745198.036,0.934535036,9.081526949,0,0,0.0005,rate_down_100bps,-100,0,50,-126795.5313,232970.7444,395979.4536,IN,INR
M01172,P006,DC,12/31/2025,Active,59,M,9,64,1782836.065,1566402.984,0.066851456,0.117270801,0.102406099,,account_balance,0.154881408,IALM_2012-14_Ultimate,MI-2012,0.082212686,0.04396347,0.063620499,0.164371948,0.640054099,0.163994665,0.031579289,4087620.294,4087620.294,1,16.28452814,0,0,0.0092,rate_down_100bps,-100,0,50,-534834.771,364774.9997,620006.6257,IN,INR
M01173,P004,Hybrid,12/31/2025,Active,44,M,22,65,502846.7124,464849.9986,0.040067176,0.094778751,0.034950619,0.061849689,cash_balance,0.053112234,VBT-2015,MP-2020,0.076250667,0.052102979,0.07708537,0.192128075,0.55570563,0.228699375,0.02346692,1054991.267,1084188.724,0.973069766,14.29240077,0,0,0.0047,high_inflation,150,-0.05,300,178330.3801,100318.9841,170511.7809,IN,INR
M01174,P002,DB,12/31/2025,Active,48,F,11,62,1016027.789,931816.4483,0.044209421,0.001636776,0.104309186,0.013431518,final_average,0.051993891,RP-2010,None,0.08126762,0.040151178,0.072449997,0.327798102,0.447164866,0.212040041,0.012996992,2263657.752,2005935.753,1.128479688,14.57031275,0,0,0.0059,high_inflation,150,-0.05,300,325388.4172,280278.9596,476389.0402,IN,INR
M01175,P004,Hybrid,12/31/2025,Active,54,M,16,65,965000.3403,898824.97,0.03615844,0.082409929,0.05877017,0.110031757,cash_balance,0.128888889,IAM-2012,MP-2021,0.073699333,0.030546533,0.066284557,0.301834153,0.631435837,0.031283385,0.035446624,2020478.28,2312175.55,0.87384294,9.543841428,0,0,0.0077,baseline,0,0,0,0,237212.8273,403189.7053,IN,INR
M01176,P003,DC,12/31/2025,Active,34,F,12,62,1401309.488,1252758.709,0.057628916,0.049863717,0.139867459,,account_balance,0.146666667,RP-2010,MP-2021,0.073917484,0.055982361,0.062346866,0.466802376,0.141800173,0.322058694,0.069338757,4100014.775,4100014.775,1,14.27266445,0,0,0.0017,baseline,0,0,0,0,683917.3554,1162451.627,IN,INR
M01177,P005,DB,12/31/2025,Active,49,M,21,63,1048577.667,918600.5843,0.068407537,0.039222023,0.147792329,0.013795449,final_average,0.106666667,RP-2010,MP-2021,0.059408997,0.042969803,0.061085431,0.590625933,0.381411347,0.027843933,0.000118787,2633881.365,2825593.356,0.932151599,10.61763523,0,0,0.0062,rate_up_100bps,100,0,-50,249781.5837,521522.2139,886429.2462,IN,INR
M01178,P001,DB,12/31/2025,Active,41,F,32,60,927809.8995,832585.6063,0.055638089,0.082249238,0.065023798,0.019444611,final_average,0.006137776,IAM-2012,MP-2021,0.076792864,0.03848659,0.094349146,0.189580232,0.556994168,0.232560253,0.020865347,5465156.714,6539759.233,0.835681639,12.62361139,0,0,0.0038,rate_up_100bps,100,0,-50,673350.7703,519050.259,882227.6742,IN,INR
M01179,P005,DB,12/31/2025,Active,52,M,8,62,829648.2729,745847.5566,0.054683061,0.020593215,0.138413195,0.013345825,career_average,0.154728067,RP-2014,MP-2020,0.055758803,0.054575575,0.073225698,0.210117274,0.580064135,0.209390883,0.000427707,980093.1158,945428.9855,1.036664975,11.87253397,0,0,0.0071,baseline,0,0,0,0,96851.20352,164617.6079,IN,INR
M01180,P003,DC,12/31/2025,Active,23,F,12,61,629283.5682,568459.6725,0.052139597,0.109070925,0.131615944,,account_balance,0.019356103,IAM-2012,None,0.061033686,0.056365361,0.079722967,0.250082554,0.725697371,0.020557064,0.00366301,2601401.235,2601401.235,1,11.21663661,0,0,0.0005,high_inflation,150,-0.05,300,263569.079,283974.052,482669.5742,IN,INR
M01181,P006,DC,12/31/2025,Active,43,F,20,62,913698.5725,855361.809,0.03353823,0.060514296,0.093257141,,account_balance,0.111111111,RP-2014,MP-2021,0.057197903,0.051931165,0.071665292,0.237722287,0.508654673,0.167846318,0.085776721,5255901.028,5255901.028,1,13.02363819,0,0,0.0044,rate_down_100bps,-100,0,50,-550837.6024,518636.3769,881524.2006,IN,INR
M01182,P002,DB,12/31/2025,Active,38,M,12,61,1663267.727,1482594.867,0.059180153,0.036615346,0.090242265,0.014164362,final_average,0.146666667,VBT-2015,MP-2021,0.087980655,0.040629479,0.066634235,0.064783482,0.874215244,0.034580532,0.026420742,4023314.731,3996067.831,1.006818428,15.85740395,0,0,0.0029,baseline,0,0,0,0,358643.5058,609584.9498,IN,INR
M01183,P004,Hybrid,12/31/2025,Active,48,F,3,65,865731.4927,779173.9723,0.054081982,0.066243775,0.039431372,0.06861621,cash_balance,0.122334329,RP-2014,MP-2021,0.085923489,0.036932512,0.070452013,0.297603365,0.304940959,0.170484311,0.226971365,173183.2636,174173.3257,0.99431565,11.09899068,0,0,0.0059,baseline,0,0,0,0,18683.76825,31756.72706,IN,INR
M01184,P006,DC,12/31/2025,Active,49,F,9,60,1853927.798,1661068.199,0.056459071,0.113655075,0.126245215,,account_balance,0.036286443,RP-2010,MP-2021,0.084993443,0.051383991,0.066799444,0.519107582,0.318209042,0.093413065,0.069270311,4797701.889,4797701.889,1,13.59430797,0,0,0.0062,high_inflation,150,-0.05,300,739294.9746,837823.9496,1424046.057,IN,INR
M01185,P001,DB,12/31/2025,Active,37,M,12,64,1368125.223,1204065.716,0.065952444,0.034728836,0.137048805,0.017328945,final_average,0.146666667,RP-2010,MP-2021,0.088406933,0.031723781,0.090315102,0.517322888,0.409335896,0.032884428,0.040456789,3025767.857,3057132.505,0.989740501,12.20986053,0,0,0.0026,baseline,0,0,0,0,529661.8199,900264.1024,IN,INR
M01186,P006,DC,12/31/2025,Active,37,M,25,62,1220121.166,1083125.58,0.061358431,0.091175048,0.090444457,,account_balance,0.015803103,RP-2010,MP-2021,0.074503767,0.041731596,0.096300549,0.296896304,0.593909142,0.069691975,0.03950258,15520356.82,15520356.82,1,14.88754411,0,0,0.0026,equity_down_20,0,-0.2,0,-921587.3144,1780923.889,3027029.298,IN,INR
M01187,P004,Hybrid,12/31/2025,Active,43,M,11,67,915457.8003,812856.4986,0.06123661,0.030983222,0.117070829,0.091323496,cash_balance,0.02952212,RP-2014,MP-2021,0.085787914,0.052764161,0.077380066,0.385115239,0.201848866,0.085374496,0.327661399,1141092.374,1104216.185,1.033395806,14.10349774,0,0,0.0044,high_inflation,150,-0.05,300,194352.4386,147742.1928,251116.8214,IN,INR
M01188,P001,DB,12/31/2025,Active,35,F,6,67,742082.6627,651706.9338,0.067087351,0.020077265,0.083406302,0.022997946,final_average,0.173333333,RP-2010,None,0.061674333,0.047552165,0.092916973,0.435172764,0.513821787,0.000502801,0.050502649,1094187.26,1335471.385,0.819326623,14.85052963,0,0,0.002,baseline,0,0,0,0,166196.948,282484.2958,IN,INR
M01189,P002,DB,12/31/2025,Active,52,F,13,62,2098460.984,1834257.161,0.069597398,0.080764613,0.120464454,0.008841084,flat,0.02712074,IALM_2012-14_Ultimate,MP-2021,0.065390318,0.052015585,0.077031476,0.155138943,0.684621951,0.091188293,0.069050813,3135318.378,3761126.899,0.833611431,17.84057698,0,0,0.0071,baseline,0,0,0,0,271462.547,461403.8185,IN,INR
M01190,P004,Hybrid,12/31/2025,Active,40,M,23,64,1407200.536,1268504.395,0.053251309,0.080537103,0.115671354,0.051250204,cash_balance,0.097777778,IAM-2012,MP-2021,0.06867864,0.047187489,0.077871272,0.306511458,0.547680041,0.118001564,0.027806938,2555890.204,2488151.002,1.027224715,13.56290349,0,0,0.0035,baseline,0,0,0,0,298437.9527,507253.809,IN,INR
M01191,P001,DB,12/31/2025,Active,20,M,7,60,924750.1036,864340.6335,0.034355265,0.04975857,0.033192028,0.011525141,career_average,0.13414138,RP-2010,MI-2012,0.053576199,0.037190624,0.079404627,0.145488885,0.709097544,0.081846437,0.063567134,560103.8838,692085.2084,0.809299024,9.924995854,0,0,0.0005,baseline,0,0,0,0,48349.569,82179.57139,IN,INR
M01192,P004,Hybrid,12/31/2025,Active,40,M,8,67,2115076.962,1924424.978,0.048365196,0.052665562,0.051446524,0.074720261,cash_balance,0.067654892,RP-2014,MP-2020,0.082987731,0.044496448,0.092809453,0.408621058,0.261795677,0.249522454,0.080060811,1468015.789,1422848.912,1.031743973,9.403393556,0,0,0.0035,rate_up_100bps,100,0,-50,114580.0735,213588.2456,363035.0971,IN,INR
M01193,P002,DB,12/31/2025,Active,34,M,7,64,1306767.506,1159724.999,0.061504046,0.069607663,0.086523269,0.023915792,final_average,0.026981054,RP-2010,None,0.05476703,0.053191862,0.097452988,0.382343485,0.485907551,0.123480171,0.008268793,1512331.517,1835375.697,0.823990161,9.453380726,0,0,0.0017,baseline,0,0,0,0,206905.571,351676.5815,IN,INR
M01194,P004,Hybrid,12/31/2025,Active,28,M,4,60,519580.0777,488701.1088,0.031109013,0.050927429,0.142031301,0.096118675,cash_balance,0.03217922,RP-2014,None,0.081986131,0.036911728,0.089777724,0.230505901,0.539631764,0.187110538,0.042751797,229139.6923,208708.4424,1.09789374,12.16959063,0,0,0.0005,high_inflation,150,-0.05,300,26183.71278,22859.71848,38854.57317,IN,INR
M01195,P001,DB,12/31/2025,Active,32,M,11,63,812657.4007,762634.1646,0.032275498,0.041703996,0.071048815,0.012192533,final_average,0.151111111,IAM-2012,MP-2021,0.08689027,0.05889062,0.095537732,0.620604114,0.366858243,0.008842707,0.003694935,1222937.307,1587594.244,0.770308479,15.52160508,0,0,0.0011,rate_down_100bps,-100,0,50,-223987.8772,253602.8159,431047.7042,IN,INR
M01196,P006,DC,12/31/2025,Active,45,M,10,61,1365728.192,1280641.094,0.032686311,0.119044357,0.109202583,,account_balance,0.155555556,RP-2014,MP-2021,0.072713235,0.036085897,0.085709027,0.164698463,0.504702905,0.221928377,0.108670255,4409604.512,4409604.512,1,16.56097073,0,0,0.005,high_inflation,150,-0.05,300,892181.6993,377786.2094,642121.7273,IN,INR
M01197,P006,DC,12/31/2025,Active,57,M,3,63,1940401.278,1729424.607,0.05924143,0.052258586,0.063228498,,account_balance,0.066930366,IAM-2012,MP-2021,0.056636061,0.03042621,0.093570295,0.324916356,0.566331782,0.084395504,0.024356359,685214.2116,685214.2116,1,14.34642357,0,0,0.0086,high_inflation,150,-0.05,300,107219.3407,83442.22706,141826.4236,IN,INR
M01198,P006,DC,12/31/2025,Active,47,F,6,65,2849304.423,2584173.403,0.050046665,0.078084096,0.143395395,,account_balance,0.173333333,RP-2010,MP-2020,0.067468245,0.053342123,0.082272947,0.09446458,0.361632381,0.448722027,0.095181012,4353282.247,4353282.247,1,13.31985969,0,0,0.0056,equity_down_20,0,-0.2,0,-82246.19607,437247.2463,743187.4169,IN,INR
M01199,P005,DB,12/31/2025,Active,38,F,12,64,996002.97,912495.9675,0.044755918,0.088586303,0.102368192,0.016136235,final_average,0.107098058,IALM_2012-14_Ultimate,MP-2021,0.055554139,0.057852086,0.090908232,0.467207606,0.421647049,0.100686619,0.010458727,3228416.42,2936558.643,1.099387689,16.61974139,0,0,0.0029,rate_down_100bps,-100,0,50,-419985.8396,518099.678,880611.9755,IN,INR
M01200,P001,DB,12/31/2025,Active,49,F,16,63,1299265.567,1214697.487,0.034224682,0.068721504,0.11584737,0.022891912,final_average,0.069213558,RP-2010,MP-2021,0.054761517,0.03739928,0.088210061,0.84784986,0.098452528,0.019010624,0.034686988,3615143.22,4231297.721,0.854381672,9.510500962,0,0,0.0062,rate_down_100bps,-100,0,50,-384621.6109,1009122.467,1715201.47,IN,INR
M01201,P005,DB,12/31/2025,Active,39,F,18,61,747723.6549,666364.2586,0.05928961,0.08809233,0.138559274,0.016894984,final_average,0.085708717,IAM-2012,None,0.080243138,0.034651694,0.089970482,0.318637989,0.565053665,0.109463667,0.006844679,2162059.476,2414000.599,0.895633364,11.9122937,0,0,0.0032,high_inflation,150,-0.05,300,305272.5753,260947.5254,443531.4778,IN,INR
M01202,P001,DB,12/31/2025,Active,37,M,17,62,660445.9588,607297.181,0.042840792,0.033633472,0.047579872,0.012116549,final_average,0.091158351,VBT-2015,MP-2021,0.06572147,0.036717862,0.069375066,0.396653021,0.470735046,0.082855559,0.049756374,1381258.236,1190415.491,1.16031608,9.516328535,0,0,0.0026,equity_down_20,0,-0.2,0,-109576.0503,192668.4541,327477.8101,IN,INR
M01203,P001,DB,12/31/2025,Active,32,M,11,61,461104.217,425814.6812,0.040612963,0.027199298,0.061390752,0.008972971,flat,0.040414873,VBT-2015,MP-2021,0.050005158,0.048835937,0.06615004,0.362018803,0.575778986,0.015174987,0.047027224,648628.5238,730462.7045,0.887969392,17.37994739,0,0,0.0011,rate_down_100bps,-100,0,50,-108280.7001,85621.31885,145530.2173,IN,INR
M01204,P002,DB,12/31/2025,Active,26,M,4,66,1173497.63,1052151.017,0.056092768,0.085127239,0.149493707,0.013680943,final_average,0.091627305,VBT-2015,MP-2020,0.051938578,0.047370616,0.086121181,0.453111608,0.466890728,0.043241554,0.03675611,519075.4932,564418.4628,0.919664269,9.802731555,0,0,0.0005,high_inflation,150,-0.05,300,53056.31845,81115.0122,137870.8657,IN,INR
M01205,P003,DC,12/31/2025,Active,40,F,9,62,1739361.633,1570582.891,0.052360436,0.114311186,0.111381485,,account_balance,0.092699837,RP-2010,MP-2021,0.082710144,0.048640402,0.07931549,0.161925274,0.44420674,0.374716894,0.019151092,4497681.232,4497681.232,1,17.63595655,0,0,0.0035,baseline,0,0,0,0,454951.3534,773279.0178,IN,INR
M01206,P005,DB,12/31/2025,Active,46,F,1,64,1396034.803,1279623.859,0.044496426,0.070968232,0.116475241,0.024118159,final_average,0.060149482,RP-2014,MP-2021,0.074787929,0.030232024,0.090586402,0.420012575,0.431113848,0.040828495,0.108045082,399981.7777,480752.0733,0.831991789,15.57738931,0,0,0.0053,high_inflation,150,-0.05,300,91000.23807,57926.35638,98457.19905,IN,INR
M01207,P004,Hybrid,12/31/2025,Active,43,F,12,63,1023983.774,918851.556,0.055659499,0.014774858,0.117009109,0.05704905,cash_balance,0.146666667,IALM_2012-14_Ultimate,MP-2021,0.083780568,0.034709612,0.065860173,0.263186991,0.3849519,0.291903014,0.059958095,754409.0149,867841.5906,0.869293455,13.45085094,0,0,0.0044,baseline,0,0,0,0,83540.0297,141992.6584,IN,INR
M01208,P003,DC,12/31/2025,Active,40,F,7,62,1707643.371,1576238.148,0.040848861,0.08443948,0.089815753,,account_balance,0.10204518,IALM_2012-14_Ultimate,MI-2012,0.060946859,0.037297141,0.097907705,0.42425155,0.459171001,0.074382138,0.042195311,2666159.434,2666159.434,1,11.81343679,0,0,0.0035,equity_down_20,0,-0.2,0,-226224.4543,393222.1104,668358.0672,IN,INR
M01209,P002,DB,12/31/2025,Active,35,M,2,65,3714832.457,3295029.775,0.06179321,0.054898265,0.057292871,0.012290873,final_average,0.020319527,RP-2010,MP-2020,0.062572849,0.050912565,0.088161485,0.394358411,0.092558897,0.509035931,0.00404676,894822.9819,1120498.342,0.798593758,13.83372531,0,0,0.002,rate_up_100bps,100,0,-50,150865.4713,147072.3158,249978.234,IN,INR
M01210,P006,DC,12/31/2025,Active,50,M,13,64,677211.2014,627117.0762,0.039172758,0.089671176,0.148429019,,account_balance,0.026518853,IAM-2012,MP-2020,0.074674868,0.048262415,0.060919562,0.477031776,0.480929667,0.041468764,0.000569793,2850937.549,2850937.549,1,14.78423879,0,0,0.0065,rate_up_100bps,100,0,-50,352934.3925,468035.4357,795517.9806,IN,INR
M01211,P003,DC,12/31/2025,Active,31,M,23,63,330839.1995,308035.7465,0.036353508,0.072811978,0.176868681,,account_balance,0.018986491,RP-2010,MP-2021,0.07660614,0.048717035,0.083061354,0.112282648,0.647205094,0.225620444,0.014891815,4428167.496,4428167.496,1,13.33172475,0,0,0.0008,rate_down_100bps,-100,0,50,-447054.4738,381666.6425,648717.2842,IN,INR
M01212,P003,DC,12/31/2025,Active,52,M,3,64,1148629.106,1019777.609,0.061297576,0.051633292,0.105613074,,account_balance,0.058023582,VBT-2015,MP-2021,0.051060672,0.04712143,0.072504799,0.263720638,0.292567763,0.432256709,0.01145489,534325.88,534325.88,1,17.25749007,0,0,0.0071,rate_up_100bps,100,0,-50,84394.9093,66828.48907,113588.1188,IN,INR
M01213,P001,DB,12/31/2025,Active,34,M,14,64,1602586.872,1430840.151,0.058315681,0.001188641,0.1093876,0.015129809,career_average,0.137405849,IAM-2012,MP-2021,0.086288598,0.052335424,0.070987044,0.319344822,0.462275435,0.074975995,0.143403748,3160937.131,3107648.938,1.01714743,10.25367028,0,0,0.0017,rate_up_100bps,100,0,-50,245586.8962,365152.3516,620648.0091,IN,INR
M01214,P005,DB,12/31/2025,Active,36,F,8,63,490754.3328,456090.1909,0.037305559,0.063746706,0.089103394,0.013778691,career_average,0.113230919,IALM_2012-14_Ultimate,MP-2021,0.081966524,0.058250835,0.096086587,0.041822177,0.794087006,0.084265062,0.079825755,393681.0451,510568.5497,0.771064033,10.15559524,0,0,0.0023,rate_up_100bps,100,0,-50,36220.42518,32008.45661,54404.64722,IN,INR
M01215,P004,Hybrid,12/31/2025,Active,29,M,6,64,1432221.08,1337898.848,0.03464983,0.054159078,0.076395464,0.113534312,cash_balance,0.019528055,RP-2010,None,0.055274527,0.050206991,0.093437945,0.156409594,0.700428038,0.142641867,0.000520501,919947.1791,1014921.781,0.906421752,16.01566992,0,0,0.0005,baseline,0,0,0,0,83406.8798,141766.344,IN,INR
M01216,P002,DB,12/31/2025,Active,39,M,6,65,846023.0316,747959.0577,0.063535964,0.022028617,0.066027882,0.018683106,final_average,0.039239647,RP-2014,MP-2021,0.050412904,0.05234887,0.060382144,0.450552476,0.530948453,0.018441886,5.72E-05,1091851.766,1177731.225,0.927080596,14.04649718,0,0,0.0032,baseline,0,0,0,0,171709.6236,291854.1687,IN,INR
M01217,P001,DB,12/31/2025,Active,54,M,8,60,1145760.722,1017679.016,0.061063939,0.075298107,0.143709232,0.014164485,career_average,0.164444444,RP-2014,MI-2012,0.080766591,0.048245579,0.067266856,0.252962536,0.274797972,0.424952726,0.047286766,1165756.986,1459340.322,0.798824625,12.65479117,0,0,0.0077,rate_up_100bps,100,0,-50,168659.0874,141337.5908,240230.9446,IN,INR
M01218,P004,Hybrid,12/31/2025,Active,49,M,8,64,651114.6986,598430.4588,0.043090295,0.030346098,0.090971239,0.063253495,cash_balance,0.013165252,IALM_2012-14_Ultimate,None,0.086115163,0.053929116,0.088781274,0.079735667,0.510066265,0.155188841,0.255009227,391442.8386,377448.0721,1.037077329,16.38408204,0,0,0.0062,baseline,0,0,0,0,25303.98748,43009.08754,IN,INR
M01219,P004,Hybrid,12/31/2025,Active,54,M,10,61,633334.5983,567591.2809,0.056327896,0.027686093,0.097350236,0.072194943,cash_balance,0.102574615,IAM-2012,MP-2020,0.062884206,0.058289557,0.093927625,0.215435547,0.647629938,0.09096045,0.045974064,548777.9756,502144.843,1.092867891,17.45158758,0,0,0.0077,high_inflation,150,-0.05,300,98881.67794,53298.21372,90590.76326,IN,INR
M01220,P002,DB,12/31/2025,Active,49,M,6,62,598939.6097,559152.8303,0.034966407,0.047121835,0.14391073,0.017623975,final_average,0.014303429,VBT-2015,None,0.062832089,0.048153106,0.088704151,0.326116548,0.590182696,0.060124808,0.023575948,935293.4523,811365.8961,1.15273942,13.72243214,0,0,0.0062,equity_down_20,0,-0.2,0,-61002.9344,114724.5026,194996.7837,IN,INR
M01221,P006,DC,12/31/2025,Active,33,M,7,64,1329587.119,1205327.406,0.050281906,0.095221009,0.165641129,,account_balance,0.035972024,RP-2014,None,0.070584745,0.035430202,0.081012163,0.236351385,0.567395634,0.14446092,0.051792061,2890820.675,2890820.675,1,14.1175215,0,0,0.0014,rate_down_100bps,-100,0,50,-326100.2787,289034.3089,491270.4727,IN,INR
M01222,P001,DB,12/31/2025,Active,41,F,15,66,743448.7491,699753.3921,0.030749212,0.092884598,0.144942351,0.01094824,career_average,0.133333333,RP-2014,None,0.076982254,0.053107994,0.099383087,0.408208117,0.452488687,0.014103462,0.125199734,1286594.205,1091127.159,1.179142316,9.494996366,0,0,0.0038,rate_down_100bps,-100,0,50,-74494.01796,182148.2132,309596.5983,IN,INR
M01223,P003,DC,12/31/2025,Active,36,M,6,66,1111684.535,1016710.219,0.045664075,0.080817056,0.082392746,,account_balance,0.074077973,RP-2010,MP-2020,0.07590678,0.049524994,0.091891185,0.29022457,0.545613167,0.113539519,0.050622745,1296082.832,1296082.832,1,13.48602985,0,0,0.0023,baseline,0,0,0,0,145023.7035,246496.2158,IN,INR
M01224,P006,DC,12/31/2025,Active,57,M,12,61,997770.7965,935051.2863,0.032993713,0.11754154,0.075254276,,account_balance,0.010198392,IALM_2012-14_Ultimate,MI-2012,0.080105294,0.05800814,0.078717133,0.292086026,0.606991938,0.06260791,0.038314126,3408472.081,3408472.081,1,9.177463187,0,0,0.0086,baseline,0,0,0,0,388279.5373,659957.1953,IN,INR
M01225,P003,DC,12/31/2025,Active,32,F,9,63,578929.6682,526102.0029,0.049005887,0.116455965,0.130579693,,account_balance,0.033679992,RP-2014,None,0.054559368,0.038164019,0.083339059,0.349493866,0.424033629,0.056779864,0.169692641,1676918.353,1676918.353,1,12.65308769,0,0,0.0011,rate_up_100bps,100,0,-50,176628.4609,206105.6147,350316.8989,IN,INR
M01226,P004,Hybrid,12/31/2025,Active,53,F,7,64,1018903.353,929714.814,0.046867266,0.075855075,0.127258503,0.094141099,cash_balance,0.024721896,RP-2010,MP-2021,0.070792606,0.0591011,0.06179276,0.367374849,0.505156712,0.10968787,0.017780569,708780.4312,718686.6337,0.986216242,17.69730009,0,0,0.0074,high_inflation,150,-0.05,300,150909.4009,93932.7871,159657.1871,IN,INR
M01227,P003,DC,12/31/2025,Deferred,53,F,27,62,1095424.19,997805.586,0.047775401,0.10564978,0.143374692,,account_balance,0.08,IAM-2012,MP-2021,0.070253174,0.046554783,0.098589414,0.3661472,0.464798865,0.167340957,0.001712978,23874250.97,23874250.97,1,15.86304199,0,0,0.0074,baseline,0,0,0,0,3176886.81,5399741.958,IN,INR
M01228,P002,DB,12/31/2025,Retired,62,M,4,65,1588314.983,1491881.848,0.031813252,0.070692914,0.062578546,0.01270179,career_average,0.06185569,RP-2014,MP-2020,0.087994148,0.058919933,0.07450955,0.171236584,0.705698964,0.081469236,0.041595216,966225.8286,1183189.25,0.816628303,15.60971128,75798.27895,0,0.0101,rate_down_100bps,-100,0,50,-150599.1974,87944.64114,149479.159,IN,INR
M01229,P006,DC,12/31/2025,Active,40,M,24,65,1928882.696,1768146.812,0.044464654,0.080940471,0.108284159,,account_balance,0.052282268,IALM_2012-14_Ultimate,MP-2020,0.086730068,0.053521178,0.086460761,0.344474557,0.391092677,0.195059509,0.069373256,21720798.16,21720798.16,1,16.06375283,0,0,0.0035,high_inflation,150,-0.05,300,4222536.494,2731826.679,4643275.011,IN,INR
M01230,P003,DC,12/31/2025,Active,51,M,17,66,622335.7243,553605.6406,0.060259354,0.044397125,0.062563329,,account_balance,0.05986394,RP-2010,MP-2021,0.080012887,0.055978791,0.086678009,0.250878681,0.488053851,0.180626284,0.080441184,2040469.609,2040469.609,1,16.64711772,0,0,0.0068,high_inflation,150,-0.05,300,409234.1218,208150.0304,353791.7842,IN,INR
M01231,P006,DC,12/31/2025,Retired,67,M,7,60,1155070.655,1058225.749,0.044756575,0.085917977,0.133217165,,account_balance,0.168888889,IAM-2012,MP-2020,0.085076589,0.03971525,0.062277681,0.53774952,0.244888439,0.147296643,0.070065398,2005495.049,2005495.049,1,9.384341431,133699.6699,0,0.0116,rate_down_100bps,-100,0,50,-163646.3752,362831.2332,616702.8133,IN,INR
M01232,P002,DB,12/31/2025,Active,38,F,17,62,363019.1957,323936.7103,0.058606878,0.094360782,0.120664024,0.023609079,final_average,0.114830022,RP-2010,MP-2021,0.079824865,0.03658303,0.070634115,0.488256801,0.372759428,0.138415151,0.00056862,2309330.979,2199237.79,1.050059702,16.91546958,0,0,0.0029,baseline,0,0,0,0,385763.628,655680.9142,IN,INR
M01233,P002,DB,12/31/2025,Active,29,M,1,66,1444184.004,1323041.713,0.044779149,0.007881464,0.043256751,0.010843159,career_average,0.195555556,VBT-2015,MP-2020,0.078819289,0.04872251,0.086247682,0.534912663,0.366632401,0.079032247,0.019422689,177997.9454,229126.894,0.776853133,15.97153682,0,0,0.0005,baseline,0,0,0,0,32100.94587,54561.85085,IN,INR
M01234,P001,DB,12/31/2025,Active,25,M,7,65,1613289.112,1471896.47,0.046929578,0.051427682,0.139734688,0.020763165,final_average,0.036018487,IALM_2012-14_Ultimate,MP-2020,0.058628371,0.041229933,0.096486301,0.208134254,0.613962232,0.079885029,0.098018485,3126256.677,3242138.118,0.96425771,15.15523439,0,0,0.0005,equity_down_20,0,-0.2,0,-130136.2205,290125.7658,493125.6178,IN,INR
M01235,P004,Hybrid,12/31/2025,Active,51,M,6,66,295885.7238,267075.3764,0.052555685,0.076645525,0.063160715,0.090206871,cash_balance,0.029173922,IALM_2012-14_Ultimate,None,0.074690103,0.059576848,0.091145321,0.317151386,0.524258789,0.133816659,0.024773167,174853.3045,166951.8433,1.047327787,12.65159883,0,0,0.0068,baseline,0,0,0,0,20882.22733,35493.43929,IN,INR
M01236,P003,DC,12/31/2025,Active,25,M,13,61,845221.5797,740978.9784,0.068027277,0.068675956,0.091630702,,account_balance,0.052687431,RP-2014,MP-2020,0.086642488,0.044864912,0.083205537,0.207144731,0.490881314,0.219248628,0.082725327,2596100.266,2596100.266,1,11.70486542,0,0,0.0005,rate_up_100bps,100,0,-50,240151.1868,244459.616,415507.0434,IN,INR
M01237,P006,DC,12/31/2025,Active,40,M,16,64,657570.4034,614615.5026,0.034354418,0.058656393,0.168634193,,account_balance,0.128888889,RP-2010,MP-2021,0.080005758,0.033314235,0.069299384,0.584074113,0.277453368,0.081206459,0.05726606,3820317.668,3820317.668,1,10.72748736,0,0,0.0035,rate_down_100bps,-100,0,50,-356826.0949,744063.9731,1264682.595,IN,INR
M01238,P003,DC,12/31/2025,Active,48,F,13,64,844245.6885,793752.0803,0.031316551,0.065273223,0.061951809,,account_balance,0.142222222,IAM-2012,MP-2021,0.074188911,0.04496408,0.097953702,0.158515183,0.451798868,0.145547448,0.244138501,2409888.633,2409888.633,1,12.07448383,0,0,0.0059,baseline,0,0,0,0,179530.6681,305147.5671,IN,INR
M01239,P006,DC,12/31/2025,Active,46,F,11,60,772225.3534,694705.2438,0.054318287,0.086363147,0.099229496,,account_balance,0.108327276,RP-2014,None,0.060327022,0.04605249,0.076146735,0.642716365,0.145848462,0.105929785,0.105505389,2123475.374,2123475.374,1,16.90452722,0,0,0.0053,baseline,0,0,0,0,452256.1198,768697.9397,IN,INR
M01240,P002,DB,12/31/2025,Active,48,F,18,64,965467.8564,846495.5656,0.067963884,0.024927787,0.088445865,0.014537081,career_average,0.063679996,IALM_2012-14_Ultimate,MP-2021,0.077145638,0.030141862,0.0659962,0.126159109,0.613538338,0.009310471,0.250992082,2389774.846,2106059.691,1.134713729,9.508155191,0,0,0.0059,rate_up_100bps,100,0,-50,126936.4996,175778.6096,298770.2082,IN,INR
M01241,P006,DC,12/31/2025,Active,46,M,17,64,1535388.989,1342099.229,0.069588925,0.084855825,0.138483961,,account_balance,0.035177608,RP-2010,MP-2020,0.063882385,0.037364682,0.060865555,0.264981686,0.492318017,0.064628801,0.178071496,8420009.982,8420009.982,1,15.53560407,0,0,0.0053,baseline,0,0,0,0,847568.248,1440608.402,IN,INR
M01242,P005,DB,12/31/2025,Active,57,M,7,62,854965.3103,776415.2279,0.04936657,0.054215811,0.136638691,0.012563416,career_average,0.117724537,IAM-2012,MI-2012,0.052609354,0.030040186,0.098006038,0.56637651,0.244096383,0.002030154,0.187496953,588779.9569,666858.1988,0.882916275,9.766381433,0,0,0.0086,rate_down_100bps,-100,0,50,-57941.96243,110640.3796,188055.016,IN,INR
M01243,P005,DB,12/31/2025,Active,34,M,7,63,631371.8241,574068.0702,0.048723265,0.076628814,0.030920977,0.017928636,career_average,0.009764616,IALM_2012-14_Ultimate,MP-2021,0.059574059,0.046830039,0.091116616,0.406958876,0.162608367,0.342251921,0.088180836,615440.1507,724156.0312,0.849872299,10.05132883,0,0,0.0017,rate_down_100bps,-100,0,50,-67783.51806,92828.50131,157780.2369,IN,INR
M01244,P005,DB,12/31/2025,Active,37,M,16,65,900821.9445,808121.8217,0.055798551,0.039327366,0.122842148,0.022283628,final_average,0.128888889,IAM-2012,MP-2021,0.065569323,0.038764014,0.068655373,0.518645338,0.322850356,0.155263761,0.003240545,3298567.816,3111090.111,1.060261098,10.79766557,0,0,0.0026,rate_up_100bps,100,0,-50,282677.9159,581435.9693,988264.4195,IN,INR
M01245,P005,DB,12/31/2025,Active,36,F,10,64,878559.8605,793512.556,0.05222539,0.043996038,0.086469469,0.015664657,final_average,0.108989574,RP-2010,MP-2020,0.089866697,0.035196227,0.06567108,0.464763938,0.398498765,0.13100944,0.005727857,1521346.56,1872553.059,0.812445101,15.0646634,0,0,0.0023,rate_down_100bps,-100,0,50,-251781.0791,243398.618,413703.6693,IN,INR
M01246,P004,Hybrid,12/31/2025,Active,52,M,11,66,946979.3162,850229.8244,0.055363522,0.053495992,0.092865603,0.115440471,cash_balance,0.052687895,IAM-2012,None,0.080404672,0.055157507,0.098379115,0.404397339,0.491207493,0.08203069,0.022364479,1574847.118,1433631.19,1.098502271,16.66269101,0,0,0.0071,high_inflation,150,-0.05,300,268460.8511,224460.1738,381514.0705,IN,INR
M01247,P001,DB,12/31/2025,Active,53,F,12,63,742227.0482,654440.5541,0.064959977,0.03943871,0.054991858,0.014826555,final_average,0.094832633,RP-2014,MP-2021,0.061182634,0.03090053,0.069631659,0.254382222,0.501733093,0.115370855,0.12851383,1076227.506,1196506.967,0.899474501,10.27598626,0,0,0.0074,high_inflation,150,-0.05,300,130242.2583,107513.8777,182740.913,IN,INR
M01248,P001,DB,12/31/2025,Active,49,M,3,62,1159132.683,1031911.618,0.059852247,0.091454808,0.102884202,0.017224019,final_average,0.071774483,RP-2014,MP-2021,0.080495593,0.050751272,0.078477478,0.323870982,0.369944036,0.300752221,0.005432761,643769.8516,592125.8781,1.087217896,11.10492903,0,0,0.0062,equity_down_20,0,-0.2,0,-41699.67485,81967.6511,139320.0927,IN,INR
M01249,P006,DC,12/31/2025,Active,56,M,7,68,1762144.459,1598697.298,0.049875096,0.119744875,0.1743975,,account_balance,0.042077166,RP-2010,MP-2021,0.064305647,0.047189975,0.084434141,0.197155747,0.744817752,0.056112485,0.001914016,4371525.462,4371525.462,1,14.71192578,0,0,0.0083,baseline,0,0,0,0,431305.8398,733088.8317,IN,INR
M01250,P004,Hybrid,12/31/2025,Active,32,M,14,67,556238.8812,505994.1934,0.048474578,0.04549737,0.049708369,0.094041881,cash_balance,0.137777778,IALM_2012-14_Ultimate,MP-2020,0.074316525,0.053146567,0.062495216,0.173867184,0.728860405,0.075777111,0.021495299,960070.6948,930847.9323,1.031393702,13.10550526,0,0,0.0011,high_inflation,150,-0.05,300,122160.434,89400.74643,151954.0955,IN,INR
M01251,P005,DB,12/31/2025,Retired,61,M,7,60,1206002.862,1082337.444,0.05558407,1.95E-05,0.05857428,0.012917111,final_average,0.120712994,VBT-2015,None,0.080587229,0.033967899,0.07377733,0.575159319,0.305273531,0.081773521,0.037793629,1279877.214,1438736.743,0.889584019,14.70128233,97864.71071,0,0.0098,rate_down_100bps,-100,0,50,-191977.1187,246108.8256,418310.1983,IN,INR
M01252,P003,DC,12/31/2025,Active,59,F,9,65,1516443.498,1380112.573,0.048228251,0.058135218,0.174519056,,account_balance,0.021628569,VBT-2015,MI-2012,0.079633398,0.056147401,0.097745607,0.238234959,0.429953957,0.240026214,0.09178487,4396688.952,4396688.952,1,10.42479698,0,0,0.0092,high_inflation,150,-0.05,300,493368.5592,443857.0853,754422.134,IN,INR
M01253,P001,DB,12/31/2025,Active,51,M,14,61,809943.7067,737011.7389,0.048311174,0.012433657,0.037954029,0.018816618,final_average,0.060024672,VBT-2015,None,0.055601327,0.039648927,0.088013906,0.206123005,0.529928407,0.077835961,0.186112627,2356099.447,2550473.845,0.923788908,13.13641504,0,0,0.0068,equity_down_20,0,-0.2,0,-97129.25975,205128.9298,348656.8315,IN,INR
M01254,P001,DB,12/31/2025,Retired,62,F,19,60,1729754.926,1628396.935,0.030652236,0.024451242,0.031653094,0.019819416,final_average,0.059881588,IALM_2012-14_Ultimate,MP-2020,0.083021538,0.030256416,0.074711409,0.551062356,0.372120555,0.074807113,0.002009976,8350281.358,7397766.657,1.128757062,12.06412705,613203.6432,0,0.0101,high_inflation,150,-0.05,300,875589.3161,1549568.92,2633796.17,IN,INR
M01255,P004,Hybrid,12/31/2025,Active,27,F,20,63,958131.5615,891043.6698,0.036962565,0.015236128,0.056456919,0.08840634,cash_balance,0.100894146,RP-2014,MP-2021,0.086917515,0.049700307,0.091669208,0.494918723,0.352802052,0.14129289,0.010986334,2490718.775,2746141.913,0.906988369,12.93045641,0,0,0.0005,equity_down_20,0,-0.2,0,-246540.6713,420507.8089,714735.4612,IN,INR
M01256,P003,DC,12/31/2025,Active,39,M,20,62,593213.74,538533.5444,0.049540546,0.058948857,0.120941382,,account_balance,0.036925865,RP-2014,MI-2012,0.059336825,0.055780554,0.093487473,0.181181371,0.519115973,0.192700292,0.107002364,4735746.796,4735746.796,1,11.66722714,0,0,0.0032,baseline,0,0,0,0,413625.2464,703037.1969,IN,INR
M01257,P002,DB,12/31/2025,Active,37,F,10,66,555596.96,491779.0578,0.062906138,0.080287754,0.067945847,0.021939147,final_average,0.138648229,RP-2014,MP-2020,0.063176645,0.040610743,0.066071174,0.241977897,0.704778128,0.052453298,0.000790678,862586.8447,1110125.717,0.777017262,10.28921882,0,0,0.0026,high_inflation,150,-0.05,300,115303.623,91628.87655,155741.2394,IN,INR
M01258,P003,DC,12/31/2025,Active,51,M,9,65,1401654.93,1293049.853,0.04114908,0.041668918,0.067425625,,account_balance,0.16,RP-2010,MP-2020,0.087527898,0.045827223,0.083463777,0.587662722,0.162048128,0.237463076,0.012826074,1821065.599,1821065.599,1,15.00104742,0,0,0.0068,rate_down_100bps,-100,0,50,-258423.9005,363456.13,617764.948,IN,INR
M01259,P001,DB,12/31/2025,Active,33,F,5,68,1344840.59,1217708.345,0.050905737,0.095609516,0.045828647,0.0145786,final_average,0.033049522,RP-2014,MP-2020,0.089347043,0.042369993,0.074670184,0.429260828,0.508428244,0.019038422,0.043272506,1088344.748,1333316.422,0.816268914,15.021182,0,0,0.0014,high_inflation,150,-0.05,300,235559.7504,163171.3837,277341.7561,IN,INR
M01260,P004,Hybrid,12/31/2025,Deferred,52,F,23,65,1990568.071,1827021.721,0.043798483,0.023145351,0.09905648,0.101756461,cash_balance,0.068498473,RP-2014,MP-2021,0.068139994,0.03127396,0.080274523,0.639793808,0.259529886,0.090967707,0.009708599,7236862.704,7087877.896,1.021019663,11.37947196,0,0,0.0071,high_inflation,150,-0.05,300,837475.9572,1540034.136,2617589.936,IN,INR
M01261,P002,DB,12/31/2025,Active,58,F,9,63,1331508.736,1244920.27,0.03419216,0.048563491,0.071057237,0.018415155,final_average,0.035410213,RP-2014,MP-2020,0.0513815,0.05259388,0.078762519,0.121714415,0.663575694,0.146236971,0.06847292,2509471.185,2928725.75,0.856847448,14.19447341,0,0,0.0089,equity_down_20,0,-0.2,0,-61087.76348,205833.1342,349853.7648,IN,INR
M01262,P005,DB,12/31/2025,Deferred,51,M,23,65,941507.3359,824918.9557,0.068331939,0.097742837,0.111158016,0.018590756,final_average,0.076239048,VBT-2015,None,0.087315647,0.058244149,0.080152961,0.219338584,0.597816982,0.167858795,0.014985639,6259842.802,6227445.74,1.005202303,17.65524659,0,0,0.0068,baseline,0,0,0,0,619280.3045,1052588.287,IN,INR
M01263,P002,DB,12/31/2025,Active,47,M,13,68,1223270.773,1080156.635,0.064186955,0.082644351,0.118975136,0.024924704,final_average,0.03565475,IAM-2012,MP-2021,0.051015709,0.042602336,0.080877921,0.142257893,0.639554419,0.106749489,0.111438199,4488877.685,4841866.605,0.927096521,13.83415773,0,0,0.0056,rate_up_100bps,100,0,-50,526287.3854,365300.6869,620900.1342,IN,INR
M01264,P003,DC,12/31/2025,Active,34,M,19,65,1017072.923,952870.7474,0.033139697,0.052404778,0.102375969,,account_balance,0.104479066,RP-2014,MP-2020,0.063208377,0.034333074,0.062770257,0.158730658,0.609351947,0.164906969,0.067010426,4996647.962,4996647.962,1,11.82595017,0,0,0.0017,baseline,0,0,0,0,429980.4071,730835.999,IN,INR
M01265,P001,DB,12/31/2025,Active,36,M,10,65,847750.8751,756218.6126,0.05879149,0.01889752,0.063128344,0.020151642,final_average,0.05739316,IAM-2012,MP-2021,0.053587596,0.045152231,0.067107774,0.281992406,0.461898566,0.227863974,0.028245054,2047214.311,1794705.775,1.140696341,11.77702101,0,0,0.0023,high_inflation,150,-0.05,300,217258.9682,230792.2826,392276.7308,IN,INR
M01266,P001,DB,12/31/2025,Active,56,F,15,67,768954.2151,705634.8592,0.043903196,0.07694054,0.091032936,0.01510348,career_average,0.031457131,RP-2014,MI-2012,0.070469777,0.05714264,0.082647903,0.320078023,0.29009195,0.338819886,0.05101014,2554000.543,2634742.015,0.969355075,16.48123634,0,0,0.0083,equity_down_20,0,-0.2,0,-163495.889,326903.347,555636.3272,IN,INR
M01267,P003,DC,12/31/2025,Active,52,F,19,61,453451.094,396214.2989,0.069793992,0.101342274,0.17192773,,account_balance,0.064661371,VBT-2015,MI-2012,0.051502914,0.04817458,0.097441395,0.386020949,0.50436017,0.103261209,0.006357672,4976206.731,4976206.731,1,13.39623701,0,0,0.0071,rate_up_100bps,100,0,-50,541134.4243,686334.5249,1166560.08,IN,INR
M01268,P003,DC,12/31/2025,Active,44,M,8,65,705057.1267,649245.4255,0.042095941,0.086793688,0.128941212,,account_balance,0.050729798,VBT-2015,MP-2021,0.059016367,0.036370728,0.089860633,0.249054049,0.632186181,0.117801202,0.000958568,1580895.471,1580895.471,1,11.36945298,0,0,0.0047,high_inflation,150,-0.05,300,174965.8096,166917.9219,283709.7323,IN,INR
M01269,P004,Hybrid,12/31/2025,Active,40,M,21,66,975941.0798,903094.5462,0.039549538,0.060916121,0.12196629,0.089610008,cash_balance,0.010659148,IAM-2012,MP-2020,0.068353754,0.046596247,0.069545727,0.336320901,0.543457463,0.117884595,0.00233704,2388965.995,2699694.324,0.884902403,14.6779815,0,0,0.0035,baseline,0,0,0,0,298974.2216,508165.3032,IN,INR
M01270,P002,DB,12/31/2025,Active,24,M,5,67,291335.0767,262887.9267,0.052715622,0.060936371,0.089160709,0.018453989,final_average,0.032186578,VBT-2015,MP-2021,0.052966797,0.039805961,0.074468723,0.165578884,0.699274069,0.035466005,0.099681042,457889.7037,407094.2884,1.124775554,16.78278769,0,0,0.0005,baseline,0,0,0,0,40395.13844,68659.45719,IN,INR
M01271,P004,Hybrid,12/31/2025,Active,33,M,27,62,780984.3111,690629.1031,0.063405047,0.072652347,0.145854857,0.106530628,cash_balance,0.01704041,RP-2010,MP-2021,0.069216934,0.030706801,0.073415204,0.390634498,0.317772003,0.238846301,0.052747198,3158837.988,3628069.38,0.870666368,15.54716321,0,0,0.0014,baseline,0,0,0,0,443639.5027,754052.3098,IN,INR
M01272,P006,DC,12/31/2025,Retired,63,M,12,64,1489957.52,1383660.749,0.037700755,0.113727385,0.113422505,,account_balance,0.146666667,IALM_2012-14_Ultimate,MP-2020,0.060604561,0.057409271,0.090780667,0.444213206,0.32923824,0.164662981,0.061885573,6352548.508,6352548.508,1,9.777107983,423503.2339,0,0.0104,baseline,0,0,0,0,973252.1182,1654232.78,IN,INR
M01273,P005,DB,12/31/2025,Active,31,M,7,65,1802081.612,1608771.626,0.058376111,0.006837088,0.069424257,0.023506689,final_average,0.107977451,IALM_2012-14_Ultimate,MP-2020,0.060676542,0.053833662,0.098887873,0.266428385,0.613938929,0.118799327,0.000833359,3588691.919,3196455.268,1.122709883,12.07493316,0,0,0.0008,baseline,0,0,0,0,391565.3458,665542.071,IN,INR
M01274,P001,DB,12/31/2025,Active,46,F,17,62,776576.1577,728518.7375,0.032456263,0.045734703,0.041456076,0.023035352,final_average,0.124444444,RP-2014,MP-2021,0.087481384,0.057722296,0.074216232,0.217606689,0.713501384,0.041185785,0.027706141,3577645.292,4654313.498,0.768673037,16.31440105,0,0,0.0053,rate_up_100bps,100,0,-50,631690.6267,360458.1412,612669.2783,IN,INR
M01275,P003,DC,12/31/2025,Active,54,M,13,64,763562.637,670985.8305,0.06675739,0.046222816,0.08555149,,account_balance,0.040830588,VBT-2015,MP-2021,0.07760917,0.050483927,0.060590428,0.18172295,0.642911891,0.168948671,0.006416489,1684796.724,1684796.724,1,12.76430697,0,0,0.0077,rate_down_100bps,-100,0,50,-160893.8333,157267.6348,267307.1775,IN,INR
M01276,P001,DB,12/31/2025,Active,31,M,3,62,712124.6306,667038.754,0.033242997,0.029599298,0.133249993,0.023300593,final_average,0.065910614,IALM_2012-14_Ultimate,MP-2020,0.087179204,0.043492158,0.097475298,0.222219171,0.380592854,0.239177648,0.158010326,630407.1907,838713.6294,0.751635801,17.98764884,0,0,0.0008,high_inflation,150,-0.05,300,201298.2301,59779.31442,101606.6645,IN,INR
M01277,P002,DB,12/31/2025,Active,46,F,8,63,765836.7479,673221.6603,0.066569255,0.031305669,0.134006247,0.021375834,final_average,0.164444444,IAM-2012,MI-2012,0.073027595,0.044795653,0.090129126,0.219861928,0.652954174,0.126030739,0.001153159,1515547.98,1390422.86,1.089990696,12.07746428,0,0,0.0053,rate_down_100bps,-100,0,50,-118448.6553,151589.5794,257656.2091,IN,INR
M01278,P006,DC,12/31/2025,Active,53,M,5,63,1646548.841,1494514.912,0.04963229,0.079008066,0.100722929,,account_balance,0.039080405,IAM-2012,MP-2021,0.086286893,0.036138612,0.093374228,0.116372836,0.787034461,0.072854024,0.023738679,1678863.23,1678863.23,1,17.16745459,0,0,0.0074,baseline,0,0,0,0,147387.3111,250513.6303,IN,INR
M01279,P001,DB,12/31/2025,Active,44,M,6,64,2049576.314,1866400.38,0.047923645,0.041861499,0.077212604,0.020853941,final_average,0.085771206,IAM-2012,MP-2020,0.083497125,0.041588973,0.06834723,0.465632059,0.377358929,0.049612764,0.107396249,3073684.662,3067431.543,1.002038552,13.135018,0,0,0.0047,high_inflation,150,-0.05,300,445810.0455,485548.0929,825284.175,IN,INR
M01280,P003,DC,12/31/2025,Retired,73,F,6,63,460554.0154,403069.7315,0.068932283,0.101573159,0.089397626,,account_balance,0.165780187,RP-2014,MP-2021,0.089913725,0.034915528,0.085826291,0.081367014,0.82238392,0.094860045,0.001389021,591261.265,591261.265,1,17.42399147,39417.41767,0,0.0134,baseline,0,0,0,0,51733.54837,87931.30774,IN,INR
M01281,P004,Hybrid,12/31/2025,Active,27,F,14,64,683403.4451,597340.4107,0.069615367,0.028531936,0.121456843,0.093973282,cash_balance,0.137777778,IALM_2012-14_Ultimate,MP-2020,0.07012414,0.044203855,0.069308348,0.350686282,0.392219186,0.256790728,0.000303804,974459.9902,1078235.79,0.903754076,12.79174479,0,0,0.0005,baseline,0,0,0,0,128465.1693,218351.7407,IN,INR
M01282,P004,Hybrid,12/31/2025,Active,55,M,18,63,425677.473,381721.8068,0.056007125,0.053143689,0.079394974,0.061437758,cash_balance,0.030798784,IALM_2012-14_Ultimate,MP-2021,0.077845045,0.049377572,0.060464692,0.079480241,0.776324426,0.139238387,0.004956946,722455.9231,661900.6601,1.091486935,13.21609174,0,0,0.008,rate_up_100bps,100,0,-50,59434.38951,61770.42993,104990.9557,IN,INR
M01283,P003,DC,12/31/2025,Active,42,M,6,62,972003.2857,907226.849,0.035084772,0.106982862,0.095518859,,account_balance,0.108347691,IALM_2012-14_Ultimate,MP-2021,0.056426766,0.037697887,0.066282657,0.271463444,0.605917705,0.122479001,0.000139849,1336327.488,1336327.488,1,13.86723391,0,0,0.0041,baseline,0,0,0,0,147224.3064,250236.5718,IN,INR
M01284,P001,DB,12/31/2025,Active,52,F,2,60,790352.8821,716536.4778,0.050246803,0.001349727,0.111673957,0.015603996,final_average,0.045444303,IAM-2012,MP-2021,0.087579682,0.058313022,0.096912282,0.234038741,0.56568293,0.032020136,0.168258194,216933.9192,209263.2273,1.036655709,9.358123752,0,0,0.0071,baseline,0,0,0,0,20687.05024,35161.69756,IN,INR
M01285,P002,DB,12/31/2025,Active,48,F,1,62,1157200.436,1047286.596,0.051166524,0.090043956,0.135198313,0.021594043,final_average,0.195555556,IAM-2012,MP-2020,0.065949902,0.049405383,0.068612791,0.218953164,0.671023211,0.025942439,0.084081186,189169.996,220643.7183,0.857355004,9.756455474,0,0,0.0059,rate_up_100bps,100,0,-50,15180.13322,18538.34706,31509.55524,IN,INR
M01286,P003,DC,12/31/2025,Active,37,M,31,64,1327022.527,1202324.812,0.050577857,0.072129486,0.126722193,,account_balance,0.018384449,RP-2014,MP-2021,0.086665337,0.036597531,0.083405686,0.445470286,0.504998146,0.011139724,0.038391843,25655174.87,25655174.87,1,16.69123121,0,0,0.0026,baseline,0,0,0,0,3971943.37,6751096.451,IN,INR
M01287,P001,DB,12/31/2025,Active,46,M,12,65,1262390.649,1138987.05,0.052779674,0.086911599,0.032686964,0.018704912,final_average,0.078070473,RP-2010,MP-2021,0.054028505,0.035010019,0.098720529,0.275115921,0.33208149,0.392739096,6.35E-05,2728166.418,2910991.181,0.937195013,11.38636757,0,0,0.0053,baseline,0,0,0,0,337205.2562,573146.4415,IN,INR
M01288,P002,DB,12/31/2025,Active,25,M,17,62,469454.8918,441863.4043,0.030748989,0.003894766,0.044924681,0.01236294,career_average,0.033220457,IALM_2012-14_Ultimate,MP-2021,0.07061018,0.035099123,0.063027453,0.458085053,0.29518441,0.23959246,0.007138077,1578937.718,1360062.375,1.160930372,14.64536238,0,0,0.0005,rate_up_100bps,100,0,-50,175882.1735,253611.0811,431061.7524,IN,INR
M01289,P001,DB,12/31/2025,Active,50,M,9,61,973286.7213,868762.0661,0.058449091,0.014566355,0.132333382,0.01164212,flat,0.16,RP-2014,MP-2021,0.050056019,0.05921567,0.092317486,0.35321889,0.542055478,0.038867297,0.065858335,868677.6449,1032259.729,0.841530111,11.34001327,0,0,0.0065,rate_down_100bps,-100,0,50,-93514.81652,111336.2767,189237.8295,IN,INR
M01290,P001,DB,12/31/2025,Active,47,M,2,65,459055.4231,409719.7197,0.058495772,0.032252945,0.130058739,0.013401247,final_average,0.151550454,IAM-2012,MP-2020,0.066640733,0.037098688,0.083902277,0.345144369,0.443683846,0.082369341,0.128802444,155959.2404,133631.1977,1.16708705,12.16874453,0,0,0.0056,equity_down_20,0,-0.2,0,-10765.69071,19152.36679,32553.20216,IN,INR
M01291,P003,DC,12/31/2025,Active,50,M,14,63,2151321.254,2009761.6,0.034618791,0.080862639,0.12759975,,account_balance,0.111223145,RP-2010,None,0.053327354,0.035051214,0.072935993,0.284291596,0.36059935,0.336186416,0.018922638,9601011.543,9601011.543,1,14.43884547,0,0,0.0065,baseline,0,0,0,0,1152886.182,1959556.088,IN,INR
M01292,P001,DB,12/31/2025,Deferred,55,M,25,67,839360.1467,757266.405,0.052809578,0.084779422,0.100113351,0.016878099,final_average,0.016898809,VBT-2015,None,0.067967186,0.034919692,0.074570182,0.257721836,0.611708107,0.027580935,0.102989121,3262734.761,3849595.682,0.847552582,12.04766521,0,0,0.008,rate_down_100bps,-100,0,50,-363994.3345,340125.829,578110.5275,IN,INR
M01293,P003,DC,12/31/2025,Active,48,F,7,65,532368.6759,480368.8373,0.052734447,0.105592034,0.096302651,,account_balance,0.14005827,RP-2010,MP-2021,0.072231792,0.040328843,0.06108731,0.211598992,0.628105459,0.109996274,0.050299275,835461.9499,835461.9499,1,15.53231351,0,0,0.0059,baseline,0,0,0,0,79968.17554,135921.592,IN,INR
M01294,P004,Hybrid,12/31/2025,Active,45,M,2,63,770720.0801,689448.5125,0.057298017,0.064111178,0.139387042,0.063478297,cash_balance,0.031788831,RP-2014,MI-2012,0.084090863,0.048459471,0.070233409,0.250694389,0.385459274,0.146386512,0.217459824,79058.33179,92370.69753,0.855881074,13.64890047,0,0,0.005,rate_down_100bps,-100,0,50,-11083.89621,7540.822267,12817.10581,IN,INR
M01295,P005,DB,12/31/2025,Active,35,F,5,63,1081162.158,1012372.994,0.033415908,0.013131244,0.123971141,0.019365801,final_average,0.02513161,RP-2010,MP-2021,0.061817299,0.032372329,0.076936022,0.282318879,0.569695908,0.03678953,0.111195683,1349629.763,1549879.287,0.870796696,15.81072747,0,0,0.002,baseline,0,0,0,0,146886.7259,249662.7876,IN,INR
M01296,P002,DB,12/31/2025,Active,37,F,17,64,1369507.594,1230297.154,0.055060132,0.082321565,0.055150673,0.013843434,final_average,0.083908756,IAM-2012,MP-2021,0.07267234,0.034783037,0.088676543,0.448155138,0.320992872,0.163619056,0.067232934,2450235.665,3163312.389,0.774579101,10.92544946,0,0,0.0026,rate_up_100bps,100,0,-50,306280.6873,377905.5348,642324.5442,IN,INR
M01297,P001,DB,12/31/2025,Active,56,M,13,61,1767610.682,1630396.398,0.041230078,0.077857327,0.117633937,0.017615782,career_average,0.093908267,RP-2010,MI-2012,0.052658273,0.059293581,0.070991138,0.292365536,0.589465808,0.061865632,0.056303023,4725151.879,5527617.821,0.854826081,14.80469691,0,0,0.0083,rate_up_100bps,100,0,-50,679081.291,534320.9508,908183.2088,IN,INR
M01298,P001,DB,12/31/2025,Deferred,58,F,21,61,1012881.076,918223.0008,0.05028012,0.049992103,0.042131812,0.014219451,flat,0.106666667,IAM-2012,MP-2020,0.086540198,0.048533757,0.083212404,0.359181749,0.620676551,0.002639245,0.017502456,2827378.374,3240943.869,0.872393503,11.82010221,0,0,0.0089,baseline,0,0,0,0,376344.9191,639671.9719,IN,INR
M01299,P004,Hybrid,12/31/2025,Active,42,F,11,62,847270.7384,752742.3295,0.060932942,0.021268723,0.137272615,0.106495501,cash_balance,0.011167297,RP-2010,MP-2021,0.06806923,0.0341905,0.089267513,0.399384014,0.390378525,0.152792833,0.057444628,1071175.685,1122625.141,0.954170405,12.17824599,0,0,0.0041,baseline,0,0,0,0,150195.6659,255286.9799,IN,INR
M01300,P004,Hybrid,12/31/2025,Active,44,M,16,65,1340135.407,1196718.376,0.058225837,0.063449539,0.047897856,0.064655749,cash_balance,0.019565878,RP-2014,None,0.060103601,0.046502923,0.087941235,0.155456371,0.768539186,0.041893004,0.034111439,1556022.987,1690090.934,0.920674122,10.67936036,0,0,0.0047,baseline,0,0,0,0,142938.1534,242951.4146,IN,INR
M01301,P001,DB,12/31/2025,Active,35,M,8,64,1323692.912,1236264.036,0.034756121,0.015625832,0.109481837,0.017784319,final_average,0.060689211,VBT-2015,None,0.068529234,0.037228126,0.083611661,0.217960935,0.559251659,0.027090466,0.195696941,1912012.646,1786456.083,1.07028248,10.1567295,0,0,0.002,high_inflation,150,-0.05,300,171133.8464,173435.4323,294787.5189,IN,INR
M01302,P006,DC,12/31/2025,Active,56,M,5,60,1038668.625,935591.8299,0.053647391,0.112737914,0.176851614,,account_balance,0.045383626,IALM_2012-14_Ultimate,None,0.06926024,0.059208491,0.083207654,0.603665442,0.35708916,0.007153356,0.032092042,1654316.415,1654316.415,1,16.93232135,0,0,0.0083,equity_down_20,0,-0.2,0,-199730.73,333699.7628,567188.1682,IN,INR
M01303,P001,DB,12/31/2025,Active,51,F,16,65,1417393.376,1240869.838,0.068764661,0.06266899,0.123227959,0.016805429,career_average,0.104947548,RP-2010,MP-2021,0.079731855,0.041664359,0.088848436,0.24300129,0.601070383,0.155108975,0.000819353,6936619.67,5844440.343,1.186874921,17.51649073,0,0,0.0068,high_inflation,150,-0.05,300,1138626.152,722495.3573,1228022.504,IN,INR
M01304,P003,DC,12/31/2025,Retired,63,M,18,63,748171.8876,696714.5542,0.036270777,0.086025966,0.092711167,,account_balance,0.070791849,VBT-2015,None,0.088982962,0.034271254,0.07342047,0.355878917,0.25306572,0.320941616,0.070113747,4241026.968,4241026.968,1,12.54204794,282735.1312,0,0.0104,rate_up_100bps,100,0,-50,478248.7082,574461.5442,976410.0167,IN,INR
M01305,P004,Hybrid,12/31/2025,Active,35,M,7,64,974022.4121,860182.8353,0.064116284,0.089106084,0.037147989,0.066237413,cash_balance,0.105814457,RP-2010,MP-2020,0.057445727,0.048388962,0.078008596,0.161599597,0.318066105,0.267624214,0.252710084,391597.6395,454354.0205,0.861877791,15.87175017,0,0,0.002,high_inflation,150,-0.05,300,95665.25634,31862.59146,54156.72081,IN,INR
M01306,P006,DC,12/31/2025,Active,40,F,24,62,394416.1714,352289.5051,0.058101923,0.108321233,0.095656634,,account_balance,0.093333333,VBT-2015,None,0.052179738,0.034119208,0.098646674,0.747428526,0.169671888,0.010144948,0.072754637,5333232.78,5333232.78,1,16.23156068,0,0,0.0035,equity_down_20,0,-0.2,0,-797242.0636,1314559.79,2234352.081,IN,INR
M01307,P004,Hybrid,12/31/2025,Active,46,M,25,64,1840302.82,1634899.88,0.060960133,0.053853677,0.075978547,0.083575353,cash_balance,0.07958412,IAM-2012,MP-2021,0.07622829,0.045542098,0.086744074,0.488141448,0.336135047,0.175236357,0.000487148,6163586.292,6300563.922,0.978259465,10.2766657,0,0,0.0053,baseline,0,0,0,0,1033005.934,1755796.105,IN,INR
M01308,P005,DB,12/31/2025,Active,50,M,6,68,789171.3707,727842.9141,0.041278333,0.099838488,0.0684342,0.013564751,career_average,0.091895008,VBT-2015,MP-2021,0.085383137,0.055566989,0.080795688,0.050789723,0.85612453,0.038695747,0.05439,897092.1283,1033808.695,0.867754482,17.4517688,0,0,0.0065,equity_down_20,0,-0.2,0,-9112.612068,77579.17592,131861.0188,IN,INR
M01309,P002,DB,12/31/2025,Active,42,F,6,61,1845025.657,1700869.083,0.041515557,0.054739715,0.149000826,0.014926523,final_average,0.115278926,IALM_2012-14_Ultimate,MP-2021,0.072601666,0.040371922,0.083132483,0.305601525,0.678139633,0.015601694,0.000657147,2375439.166,2478980.519,0.958232284,16.27392534,0,0,0.0041,rate_up_100bps,100,0,-50,322883.4667,287008.7347,487827.6123,IN,INR
M01310,P005,DB,12/31/2025,Active,35,M,6,63,732863.0793,644632.6035,0.066240778,0.042011652,0.100847972,0.011326353,flat,0.139083355,VBT-2015,MP-2020,0.053194799,0.044324445,0.064177151,0.204848228,0.57615905,0.217902225,0.001090497,752917.9229,705595.7725,1.067066942,16.1065439,0,0,0.002,baseline,0,0,0,0,73870.9374,125558.1404,IN,INR
M01311,P001,DB,12/31/2025,Active,53,F,10,62,1128049.756,1034189.484,0.044393281,0.090955554,0.115286289,0.014841271,final_average,0.001986348,IALM_2012-14_Ultimate,MP-2020,0.066870996,0.033249783,0.08367955,0.419421189,0.40619143,0.067049769,0.107337612,3042764.728,2658457.192,1.144560362,17.32042184,0,0,0.0074,baseline,0,0,0,0,439115.5149,746362.9055,IN,INR
M01312,P006,DC,12/31/2025,Active,51,F,8,62,1009165.974,946597.0261,0.032520616,0.073824278,0.101748185,,account_balance,0.136641522,IALM_2012-14_Ultimate,MP-2020,0.076189311,0.049390243,0.093459959,0.441100538,0.379204864,0.06520021,0.114494388,1900741.516,1900741.516,1,12.17594468,0,0,0.0068,baseline,0,0,0,0,285936.4385,486005.0347,IN,INR
M01313,P003,DC,12/31/2025,Active,35,M,4,63,750956.2203,675948.6858,0.054023868,0.103250187,0.116160084,,account_balance,0.137911863,VBT-2015,MP-2020,0.063121907,0.033363596,0.080944628,0.711937129,0.127622018,0.021735774,0.138705078,693166.5047,693166.5047,1,16.98019405,0,0,0.002,rate_up_100bps,100,0,-50,113277.8522,162628.0269,276418.2147,IN,INR
M01314,P005,DB,12/31/2025,Active,58,M,6,66,1221785.601,1140566.006,0.034992707,0.063409003,0.120248728,0.015319544,final_average,0.173333333,IALM_2012-14_Ultimate,None,0.083796278,0.039808942,0.06707591,0.223889406,0.494677454,0.278716992,0.002716148,2166099.871,1885193.304,1.149006771,17.98201555,0,0,0.0089,rate_up_100bps,100,0,-50,285419.7147,225489.33,383263.3232,IN,INR
M01315,P003,DC,12/31/2025,Active,56,F,2,67,1749126.651,1551256.397,0.06186385,0.111390169,0.150193951,,account_balance,0.189414261,IALM_2012-14_Ultimate,MP-2020,0.058987744,0.055235486,0.077928396,0.474028845,0.388888287,0.128226721,0.008856147,874812.2801,874812.2801,1,11.08211304,0,0,0.0083,rate_down_100bps,-100,0,50,-79937.47331,142237.3395,241760.2439,IN,INR
M01316,P004,Hybrid,12/31/2025,Active,45,F,2,62,2203165.648,1976928.255,0.055669858,0.037314854,0.149729167,0.064163538,cash_balance,0.063625628,IAM-2012,MP-2021,0.064579788,0.034497558,0.071120951,0.120869167,0.252582436,0.618306212,0.008242185,235614.5041,264501.4246,0.890787278,10.09291202,0,0,0.005,rate_down_100bps,-100,0,50,-23720.29181,30810.54164,52368.55588,IN,INR
M01317,P003,DC,12/31/2025,Active,45,M,4,64,1375359.044,1212622.98,0.06498906,0.082172367,0.130362296,,account_balance,0.045924762,RP-2014,MP-2021,0.086657301,0.055205102,0.074389633,0.377300144,0.541017827,0.050783537,0.030898493,1189978.666,1189978.666,1,9.979187549,0,0,0.005,baseline,0,0,0,0,161244.6934,274066.9683,IN,INR
M01318,P005,DB,12/31/2025,Deferred,50,M,30,65,571194.5591,507027.1587,0.06139349,0.054753807,0.114743082,0.012035875,final_average,0.00814611,IAM-2012,None,0.072941992,0.048917156,0.06900036,0.274917372,0.498924638,0.091422001,0.134735989,2276887.506,2269654.449,1.003186854,12.39737049,0,0,0.0065,baseline,0,0,0,0,238110.1981,404714.9628,IN,INR
M01319,P001,DB,12/31/2025,Active,35,M,28,64,523079.8929,488787.4109,0.034484546,0.099165955,0.125733356,0.01703724,final_average,0.018819337,RP-2014,None,0.050249401,0.034231301,0.073356452,0.316318283,0.53691121,0.093283013,0.053487494,3330067.977,3795795.628,0.87730434,16.27891798,0,0,0.002,rate_down_100bps,-100,0,50,-528516.9154,393715.1919,669196.156,IN,INR
M01320,P001,DB,12/31/2025,Active,44,F,16,63,1643799.88,1504577.464,0.045242827,0.022098172,0.075124165,0.010325657,career_average,0.095588918,RP-2014,MP-2020,0.059760853,0.035054767,0.092867933,0.307270144,0.465063934,0.209090151,0.018575771,3815104.89,3916865.928,0.97401978,15.75746896,0,0,0.0047,rate_down_100bps,-100,0,50,-528485.5482,451896.1225,768086.0538,IN,INR
M01321,P002,DB,12/31/2025,Active,22,F,7,62,628580.147,558398.5638,0.06098241,0.037575638,0.084861003,0.023516356,final_average,0.071412017,IAM-2012,MI-2012,0.080132648,0.049896402,0.090308247,0.248637688,0.312137176,0.007628284,0.431596851,1152971.374,990528.3935,1.163996289,10.77592538,0,0,0.0005,rate_up_100bps,100,0,-50,88744.33912,101129.0491,171888.6451,IN,INR
M01322,P001,DB,12/31/2025,Active,53,M,4,64,1299096.772,1185775.075,0.046693659,0.013224012,0.146300072,0.012028081,final_average,0.105063868,IALM_2012-14_Ultimate,MP-2021,0.052081928,0.051875135,0.079621565,0.364466462,0.525834585,0.076902352,0.032796601,612521.5646,788012.2609,0.777299536,13.81256419,0,0,0.0074,rate_up_100bps,100,0,-50,92740.44825,80570.72502,136945.7429,IN,INR
M01323,P006,DC,12/31/2025,Active,28,F,11,63,1045779.536,915314.5321,0.068894619,0.045150728,0.166729775,,account_balance,0.023678909,IAM-2012,MP-2021,0.089722244,0.049672005,0.091300073,0.352565097,0.399181175,0.196156257,0.05209747,3449427.75,3449427.75,1,12.25382658,0,0,0.0005,high_inflation,150,-0.05,300,469951.9532,443180.3723,753271.9276,IN,INR
M01324,P002,DB,12/31/2025,Active,59,M,14,66,1782300.69,1587949.749,0.059429618,0.072767318,0.070235478,0.02271039,final_average,0.013824313,IALM_2012-14_Ultimate,MP-2020,0.085916239,0.051421559,0.099022607,0.396153199,0.580089232,0.00752188,0.016235689,8468321.087,8323737.443,1.017370039,16.48651965,0,0,0.0092,baseline,0,0,0,0,1205582.188,2049123.281,IN,INR
M01325,P006,DC,12/31/2025,Active,41,F,6,65,1238582.638,1166078.69,0.030619997,0.093939222,0.175847534,,account_balance,0.173333333,IAM-2012,MP-2020,0.058953073,0.040847504,0.07624578,0.096763875,0.742530536,0.056680535,0.104025054,2353066.069,2353066.069,1,16.23756127,0,0,0.0038,baseline,0,0,0,0,189895.489,322764.6124,IN,INR
M01326,P002,DB,12/31/2025,Active,42,M,13,62,971153.3458,855905.7853,0.065199428,0.024583127,0.030175799,0.012721058,career_average,0.052486273,IAM-2012,MP-2021,0.085820193,0.030043059,0.099199488,0.294681184,0.522129982,0.178996563,0.004192271,2102718.327,2305931.881,0.911873566,16.29123234,0,0,0.0041,baseline,0,0,0,0,242530.0447,412227.3586,IN,INR
M01327,P002,DB,12/31/2025,Active,38,M,5,61,2489420.376,2328252.732,0.034032191,0.062088827,0.137895252,0.014057998,career_average,0.069853116,RP-2010,MP-2021,0.077978942,0.045867012,0.069836246,0.162673015,0.744528858,0.025407584,0.067390544,2562492.411,2246525.239,1.140647061,13.72738171,0,0,0.0029,equity_down_20,0,-0.2,0,-83369.67309,233324.1472,396580.131,IN,INR
M01328,P005,DB,12/31/2025,Active,41,M,7,66,1426110.513,1329693.444,0.035620949,0.053915772,0.064349328,0.008394964,flat,0.007369533,VBT-2015,MP-2020,0.067014032,0.047835532,0.098181513,0.507455764,0.372259579,0.078680945,0.041603712,1078201.907,1271103.284,0.84824099,16.26718546,0,0,0.0038,baseline,0,0,0,0,185077.2501,314575.0706,IN,INR
M01329,P004,Hybrid,12/31/2025,Active,58,M,9,64,1263794.799,1126090.445,0.059379696,0.017118572,0.06092458,0.106922539,cash_balance,0.084063677,IAM-2012,MP-2021,0.0578447,0.050629636,0.094577352,0.361341982,0.439433122,0.115661642,0.083563254,1197146.437,1282775.891,0.933246754,15.60022909,0,0,0.0089,equity_down_20,0,-0.2,0,-86515.85319,153949.124,261666.7177,IN,INR
M01330,P003,DC,12/31/2025,Active,20,F,28,66,724203.1801,638981.8611,0.064598742,0.117671301,0.157435753,,account_balance,0.036766537,VBT-2015,MP-2021,0.058008457,0.036939392,0.067965238,0.554675072,0.273246757,0.155418114,0.016660057,12357992.4,12357992.4,1,13.72284679,0,0,0.0005,equity_down_20,0,-0.2,0,-1370934.065,2310996.346,3927991.357,IN,INR
M01331,P003,DC,12/31/2025,Active,57,M,6,61,587722.756,531608.558,0.051453985,0.106163639,0.160973763,,account_balance,0.076580631,IALM_2012-14_Ultimate,MI-2012,0.073762975,0.035106953,0.07399374,0.400026323,0.437224268,0.135910526,0.026838883,1055560.579,1055560.579,1,15.95480898,0,0,0.0086,rate_down_100bps,-100,0,50,-145336.8391,148916.6906,253113.1106,IN,INR
M01332,P004,Hybrid,12/31/2025,Active,47,M,14,64,876103.361,807579.157,0.041561989,0.098261775,0.108914711,0.061941907,cash_balance,0.063764117,RP-2010,None,0.066642452,0.054909163,0.088316843,0.40454898,0.515488237,0.024082901,0.055879882,809204.2341,946351.3553,0.85507801,12.39174935,0,0,0.0056,equity_down_20,0,-0.2,0,-65472.54958,115369.9222,196093.8008,IN,INR
M01333,P002,DB,12/31/2025,Active,32,M,5,64,501585.2437,460150.5811,0.044052622,0.084928583,0.128580377,0.014495443,final_average,0.163465793,RP-2010,None,0.073808234,0.055238912,0.067664843,0.462355566,0.476991439,0.055404063,0.005248932,504020.5821,534216.2923,0.943476621,16.01827179,0,0,0.0011,equity_down_20,0,-0.2,0,-46607.34435,80446.20896,136734.1035,IN,INR
M01334,P006,DC,12/31/2025,Active,33,M,5,66,851802.8263,781942.3759,0.043715573,0.108415664,0.173883545,,account_balance,0.073538517,RP-2014,MP-2021,0.063210222,0.059628317,0.083628261,0.513988844,0.273340331,0.157671926,0.054998899,1349134.424,1349134.424,1,14.61036035,0,0,0.0014,equity_down_20,0,-0.2,0,-138688.0085,234815.2742,399114.5936,IN,INR
M01335,P006,DC,12/31/2025,Retired,61,F,6,61,1411874.915,1297692.24,0.043067124,0.086174176,0.106042488,,account_balance,0.031445163,VBT-2015,MP-2021,0.059202981,0.04019282,0.081392285,0.347168925,0.441857592,0.199406894,0.011566589,1892621.607,1892621.607,1,16.75690634,126174.7738,0,0.0098,baseline,0,0,0,0,243091.8166,413182.2002,IN,INR
M01336,P004,Hybrid,12/31/2025,Active,35,F,11,62,1531572.321,1416797.335,0.039716387,0.073548441,0.040636508,0.099183009,cash_balance,0.090979647,RP-2010,MI-2012,0.083462225,0.031770542,0.071674963,0.478980649,0.315243782,0.199386893,0.006388676,2091129.659,2073901.855,1.008306952,17.03099949,0,0,0.002,baseline,0,0,0,0,345828.6714,587803.6262,IN,INR
M01337,P002,DB,12/31/2025,Active,32,M,26,63,844160.6333,759366.8462,0.054354684,0.090340186,0.039581636,0.014383181,career_average,0.064987906,IALM_2012-14_Ultimate,MI-2012,0.086801742,0.044276514,0.072021338,0.431440584,0.252355697,0.298228893,0.017974825,2975269.75,3549288.222,0.838272229,12.49859938,0,0,0.0011,baseline,0,0,0,0,463171.0415,787249.9891,IN,INR
M01338,P004,Hybrid,12/31/2025,Active,55,M,7,66,3690190.695,3247290.858,0.066016213,0.005455311,0.066812404,0.098871413,cash_balance,0.129790433,RP-2014,MI-2012,0.078210288,0.044392379,0.080652331,0.355436073,0.238468815,0.073690695,0.332404416,2703051.53,2679156.413,1.008918896,11.59067157,0,0,0.008,high_inflation,150,-0.05,300,369415.7179,325154.642,552664.0602,IN,INR
M01339,P001,DB,12/31/2025,Active,47,M,18,67,1746288.521,1607475.8,0.042283297,0.045606621,0.034313746,0.016211536,career_average,0.12,RP-2010,MP-2020,0.056463555,0.031095906,0.071993976,0.379839551,0.553048748,0.033052763,0.034058938,5864090.207,5404085.917,1.085121572,11.52075974,0,0,0.0056,baseline,0,0,0,0,800599.9566,1360776.583,IN,INR
M01340,P001,DB,12/31/2025,Active,35,F,29,68,971419.5742,902521.6342,0.037467772,0.074689834,0.090051568,0.017575864,final_average,0.035301044,IALM_2012-14_Ultimate,MP-2021,0.053692417,0.047251843,0.067210188,0.267930066,0.252577337,0.049664465,0.429828132,4593132.97,5490310.899,0.836588866,11.93506079,0,0,0.002,rate_down_100bps,-100,0,50,-597265.8789,424407.1546,721363.1637,IN,INR
M01341,P002,DB,12/31/2025,Active,46,F,12,67,1645641.015,1454872.413,0.063543107,0.05832958,0.077373848,0.017584716,final_average,0.146666667,VBT-2015,MP-2020,0.071563348,0.037824571,0.090934348,0.146051764,0.743478573,0.09749446,0.012975203,3164030.757,2903121.276,1.089872057,9.456352584,0,0,0.0053,baseline,0,0,0,0,284131.9544,482937.9601,IN,INR
M01342,P003,DC,12/31/2025,Active,34,F,20,60,758598.6431,675568.9646,0.059671333,0.040302255,0.130380466,,account_balance,0.041415285,IALM_2012-14_Ultimate,MP-2020,0.072014088,0.033573763,0.083270464,0.331183417,0.572804342,0.088842486,0.007169756,5131664.582,5131664.582,1,17.38108753,0,0,0.0017,equity_down_20,0,-0.2,0,-339904.4424,636326.6592,1081561.908,IN,INR
M01343,P006,DC,12/31/2025,Active,55,F,6,60,1103791.991,969099.4686,0.067233481,0.118146346,0.083576598,,account_balance,0.081356661,IALM_2012-14_Ultimate,MI-2012,0.075569665,0.048146738,0.077505442,0.482454483,0.478101221,0.025185217,0.014259079,1467348.659,1467348.659,1,10.11583534,0,0,0.008,rate_up_100bps,100,0,-50,113357.515,243093.0517,413184.2994,IN,INR
M01344,P005,DB,12/31/2025,Active,55,F,14,62,837138.6364,779036.0544,0.036620789,0.031777438,0.08829048,0.015531129,career_average,0.038956313,IALM_2012-14_Ultimate,MP-2021,0.086247017,0.038470377,0.067249903,0.122060861,0.324362603,0.323165913,0.230410623,3348941.068,2862965.31,1.169745598,16.90158592,0,0,0.008,baseline,0,0,0,0,274562.263,466672.3935,IN,INR
M01345,P005,DB,12/31/2025,Active,49,F,16,63,570746.4739,532006.0082,0.035770053,0.026134691,0.070169372,0.01247014,career_average,0.030148188,IAM-2012,MP-2021,0.075871754,0.04684721,0.083774619,0.590172787,0.358314001,0.051174277,0.000338936,1208106.838,1421108.49,0.85011584,13.38811324,0,0,0.0062,high_inflation,150,-0.05,300,217273.7125,238745.6806,405795.0899,IN,INR
M01346,P003,DC,12/31/2025,Active,48,M,4,66,1251288.04,1131381.087,0.051657176,0.095825587,0.070322183,,account_balance,0.142033292,RP-2010,MP-2021,0.086645858,0.030456301,0.085144264,0.138910957,0.5953577,0.083064224,0.182667119,885397.681,885397.681,1,17.10315824,0,0,0.0059,equity_down_20,0,-0.2,0,-24598.28777,67543.03324,114802.6267,IN,INR
M01347,P002,DB,12/31/2025,Retired,62,M,6,66,981997.4504,882985.3225,0.054577346,0.051485329,0.107924002,0.012939731,career_average,0.106707869,IALM_2012-14_Ultimate,MP-2021,0.054707899,0.040986577,0.079190225,0.27977968,0.408564385,0.311601475,5.45E-05,966716.5562,1192374.105,0.810749371,17.39332324,68553.55295,0,0.0101,baseline,0,0,0,0,113901.9046,193598.6171,IN,INR
M01348,P003,DC,12/31/2025,Active,44,M,9,62,1015333.283,922329.9589,0.049206938,0.059628964,0.132777342,,account_balance,0.078690232,RP-2014,MP-2020,0.078369901,0.055962693,0.074909577,0.339642746,0.556935869,0.083756161,0.019665225,2210659.329,2210659.329,1,16.39088604,0,0,0.0047,equity_down_20,0,-0.2,0,-150166.8808,277712.7697,472027.2974,IN,INR
M01349,P006,DC,12/31/2025,Active,32,M,7,64,972659.2996,875615.7922,0.053958665,0.101671655,0.099727359,,account_balance,0.168888889,IAM-2012,None,0.087097652,0.049503514,0.094689869,0.618409792,0.214780558,0.165539069,0.001270582,1694290.25,1694290.25,1,12.6626746,0,0,0.0011,equity_down_20,0,-0.2,0,-209553.1361,350975.3344,596551.3891,IN,INR
M01350,P001,DB,12/31/2025,Active,48,M,9,67,657272.817,610953.1862,0.037215191,0.08352497,0.134970214,0.010403565,flat,0.16,IALM_2012-14_Ultimate,MP-2021,0.068512231,0.056025305,0.088192392,0.144183338,0.737520521,0.054746167,0.063549974,654503.074,727198.8593,0.900033142,12.71219596,0,0,0.0059,equity_down_20,0,-0.2,0,-18873.68761,57309.01209,97407.90141,IN,INR
M01351,P006,DC,12/31/2025,Retired,65,M,4,64,2012225.901,1827986.405,0.04918455,0.05994837,0.108685271,,account_balance,0.16160134,IALM_2012-14_Ultimate,MP-2021,0.088700813,0.052214235,0.074246857,0.353917935,0.355730478,0.242645863,0.047705724,1422935.956,1422935.956,1,17.69785303,94862.39705,0,0.011,baseline,0,0,0,0,185994.9701,316134.9157,IN,INR
M01352,P003,DC,12/31/2025,Active,34,M,27,61,1101223.292,986918.6109,0.056323702,0.043354108,0.070394427,,account_balance,0.027664631,RP-2010,MP-2021,0.07210053,0.051591463,0.083723618,0.262409734,0.631745088,0.069540861,0.036304317,8974105.768,8974105.768,1,12.03078426,0,0,0.0017,baseline,0,0,0,0,963623.2711,1637866.666,IN,INR
M01353,P003,DC,12/31/2025,Active,40,M,19,64,873152.3425,796051.1381,0.047308258,0.056329783,0.060427972,,account_balance,0.013700788,IAM-2012,MP-2020,0.087718966,0.056100695,0.069349245,0.524110256,0.42864936,0.023786623,0.023453761,3338998.259,3338998.259,1,12.70046897,0,0,0.0035,rate_down_100bps,-100,0,50,-352505.4645,593036.7945,1007982.296,IN,INR
M01354,P005,DB,12/31/2025,Active,48,M,45,63,546262.7365,488770.9996,0.057177893,0.005762338,0.043173509,0.016001166,career_average,0.037103466,IALM_2012-14_Ultimate,MP-2020,0.079940729,0.030586293,0.060458799,0.697645559,0.167788718,0.130289838,0.004275886,3417447.88,4088725.956,0.835822189,11.61765396,0,0.06,0.0059,rate_down_100bps,-100,0,50,-446343.5731,791326.6078,1345014.708,IN,INR
M01355,P003,DC,12/31/2025,Active,43,M,4,64,1851526.959,1685652.239,0.048047651,0.045219236,0.086135827,,account_balance,0.02013041,IALM_2012-14_Ultimate,MP-2020,0.068310439,0.042599949,0.094753892,0.154752938,0.831264593,0.00484185,0.009140619,1061470.156,1061470.156,1,13.62351018,0,0,0.0044,rate_up_100bps,100,0,-50,100491.3669,102500.092,174219.0014,IN,INR
M01356,P006,DC,12/31/2025,Active,34,F,14,63,1487776.383,1366729.689,0.043343983,0.098080591,0.111129479,,account_balance,0.053239397,VBT-2015,MP-2021,0.051371656,0.058812422,0.092755561,0.268607686,0.435014216,0.279087532,0.017290565,7448253.096,7448253.096,1,14.49387317,0,0,0.0017,rate_down_100bps,-100,0,50,-917535.5581,838988.2883,1426025.078,IN,INR
M01357,P006,DC,12/31/2025,Active,55,F,7,60,985278.1141,907200.3367,0.042144202,0.070397994,0.176631096,,account_balance,0.037964866,RP-2014,MI-2012,0.07629567,0.035314852,0.085576128,0.217220303,0.712063695,0.069778956,0.000937045,2091030.349,2091030.349,1,14.96740164,0,0,0.008,baseline,0,0,0,0,211560.4346,359588.4347,IN,INR
M01358,P003,DC,12/31/2025,Retired,67,F,5,68,552462.9826,504519.2847,0.046436082,0.110750893,0.15921151,,account_balance,0.11654677,RP-2014,MP-2021,0.060171144,0.049611821,0.092452545,0.368659975,0.163573207,0.064596148,0.40317067,849488.5185,849488.5185,1,10.42638114,56632.5679,0,0.0116,rate_up_100bps,100,0,-50,81623.23265,104657.1396,177885.3267,IN,INR
M01359,P002,DB,12/31/2025,Active,46,M,18,64,2077174.396,1954429.504,0.030923585,0.094878077,0.053418236,0.0110655,flat,0.026066906,RP-2010,MP-2020,0.061546209,0.053705796,0.091232904,0.251718848,0.477341096,0.001769192,0.269170864,5184217.496,4717810.948,1.098860796,12.11928413,0,0,0.0053,rate_down_100bps,-100,0,50,-448032.9104,494483.6779,840471.9534,IN,INR
M01360,P004,Hybrid,12/31/2025,Active,35,M,11,64,835548.9711,748229.4343,0.056741006,0.041960202,0.123050068,0.075233958,cash_balance,0.079568538,IAM-2012,MI-2012,0.050791359,0.058008136,0.094410249,0.398493441,0.50060848,0.057054968,0.043843111,655839.3401,742566.2193,0.883206538,17.9637122,0,0,0.002,high_inflation,150,-0.05,300,162397.3989,92184.67515,156685.9281,IN,INR
M01361,P006,DC,12/31/2025,Active,29,M,8,67,727828.0614,643139.7813,0.063804226,0.091121394,0.147609483,,account_balance,0.098479116,IALM_2012-14_Ultimate,None,0.072306098,0.056153925,0.095674561,0.549683795,0.417991728,0.032319964,4.51E-06,1770232.333,1770232.333,1,9.644187508,0,0,0.0005,rate_up_100bps,100,0,-50,133727.4019,328558.2108,558449.0926,IN,INR
M01362,P002,DB,12/31/2025,Active,47,F,13,62,963082.9025,883300.961,0.044185084,0.028265483,0.083884196,0.016208053,final_average,0.008230838,IAM-2012,None,0.061571774,0.050297437,0.09275213,0.501645117,0.240661642,0.104319778,0.153373463,1747201.98,2298526.106,0.760140151,12.34998837,0,0,0.0056,equity_down_20,0,-0.2,0,-175295.0684,293578.0667,498993.4799,IN,INR
M01363,P004,Hybrid,12/31/2025,Active,55,M,6,62,1165675.415,1094842.889,0.031841325,0.029908872,0.048200565,0.095774714,cash_balance,0.025359937,RP-2010,MP-2021,0.089295537,0.051334811,0.094069948,0.473791222,0.222263595,0.151471747,0.152473436,700206.516,746526.7364,0.937952362,10.90631782,0,0,0.008,rate_down_100bps,-100,0,50,-73637.0576,112206.4698,190716.8933,IN,INR
M01364,P004,Hybrid,12/31/2025,Active,49,M,6,66,912656.8049,797938.5581,0.069471024,0.059551941,0.111351589,0.115290173,cash_balance,0.163543564,VBT-2015,None,0.079960307,0.040291089,0.080067832,0.426147864,0.338520515,0.123809643,0.111521979,673497.3239,643766.8094,1.046182118,11.5350372,0,0,0.0062,equity_down_20,0,-0.2,0,-57401.88914,98463.88664,167358.6791,IN,INR
M01365,P005,DB,12/31/2025,Active,44,F,7,62,214431.2466,198045.0039,0.04054793,0.099798263,0.117392368,0.019291987,final_average,0.108397786,RP-2010,MP-2020,0.064299491,0.036718067,0.088320297,0.158050178,0.595676796,0.039272491,0.207000535,368383.2163,353167.3701,1.043083953,13.20509966,0,0,0.0047,baseline,0,0,0,0,29081.72983,49430.10127,IN,INR
M01366,P001,DB,12/31/2025,Active,38,M,20,66,1101663.327,1028285.652,0.035064845,0.051757242,0.073403078,0.010800916,career_average,0.087765613,RP-2014,MP-2021,0.061777944,0.058758684,0.073329866,0.25049726,0.440257316,0.024076101,0.285169323,3926760.576,3971475.739,0.98874092,17.87917764,0,0,0.0029,high_inflation,150,-0.05,300,886259.785,366785.3385,623423.5906,IN,INR
M01367,P004,Hybrid,12/31/2025,Active,33,M,19,63,1491304.627,1366181.083,0.0447901,0.093630864,0.124169598,0.084570579,cash_balance,0.057664399,VBT-2015,MI-2012,0.078598931,0.059266979,0.094445275,0.050404834,0.443965466,0.103737937,0.401891764,3418934.099,3544821.835,0.964486865,16.31148687,0,0,0.0014,equity_down_20,0,-0.2,0,-34466.16121,176272.2078,299609.1751,IN,INR
M01368,P006,DC,12/31/2025,Active,52,M,4,60,659361.5302,587336.5404,0.059542282,0.075603369,0.13303105,,account_balance,0.182222222,IALM_2012-14_Ultimate,MP-2021,0.060168312,0.04273808,0.094343625,0.36864633,0.320192725,0.058039757,0.253121188,587003.0987,587003.0987,1,11.16630053,0,0,0.0071,baseline,0,0,0,0,73918.85794,125639.5908,IN,INR
M01369,P001,DB,12/31/2025,Deferred,53,M,27,64,1987223.173,1831108.457,0.041756664,0.079586431,0.113028463,0.017203618,career_average,0.022989439,RP-2010,MI-2012,0.067920234,0.042324736,0.062645699,0.369585886,0.538900026,0.037551292,0.053962797,9075009.844,8707033.339,1.042261984,10.23699737,0,0,0.0074,equity_down_20,0,-0.2,0,-670799.1098,1206324.244,2050384.551,IN,INR
M01370,P002,DB,12/31/2025,Active,29,M,10,62,1459627.602,1316421.958,0.052988128,0.043595999,0.11759575,0.012324374,final_average,0.155555556,IAM-2012,MP-2021,0.056415413,0.043551535,0.073880794,0.471327558,0.401527421,0.017309246,0.109835776,2278433.191,2345316.869,0.971482029,14.45577976,0,0,0.0005,rate_down_100bps,-100,0,50,-293291.171,364771.6624,620000.9533,IN,INR
M01371,P006,DC,12/31/2025,Retired,60,M,14,65,1215843.756,1109935.439,0.0466224,0.08687058,0.17583094,,account_balance,0.02144281,IAM-2012,MP-2021,0.060164333,0.043842417,0.066857792,0.36872455,0.464618783,0.130461653,0.036195015,6421464.313,6421464.313,1,16.88693456,428097.6208,0,0.0095,rate_up_100bps,100,0,-50,935211.8294,849060.6284,1443144.995,IN,INR
M01372,P002,DB,12/31/2025,Active,50,F,7,65,623846.8909,582693.6059,0.03471056,0.019192181,0.0578786,0.019627318,final_average,0.145912588,RP-2014,MP-2021,0.053935412,0.055264995,0.065431997,0.396506647,0.557986243,0.012596142,0.032910968,950149.5908,864804.7358,1.09868685,10.80236419,0,0,0.0065,high_inflation,150,-0.05,300,81529.22414,134562.5164,228715.3774,IN,INR
M01373,P005,DB,12/31/2025,Active,58,F,11,67,1116256.003,1025697.015,0.04321148,0.096394127,0.041245258,0.013942431,final_average,0.107264785,RP-2014,MI-2012,0.067085914,0.042920835,0.076595711,0.153874793,0.520690795,0.140767476,0.184666937,1928814.589,1692092.277,1.139899174,10.7565688,0,0,0.0089,equity_down_20,0,-0.2,0,-59359.18899,149223.4555,253634.5176,IN,INR
M01374,P003,DC,12/31/2025,Active,31,M,5,65,1155124.243,1030009.017,0.05899482,0.062917185,0.152116138,,account_balance,0.102015449,RP-2014,MP-2021,0.087071315,0.05647054,0.085026456,0.36109118,0.599708427,0.022292212,0.016908181,1358055.807,1358055.807,1,15.15692012,0,0,0.0008,baseline,0,0,0,0,180351.8783,306543.375,IN,INR
M01375,P002,DB,12/31/2025,Active,30,F,6,62,948972.0417,853447.0766,0.054480156,0.074706773,0.044743464,0.016005536,career_average,0.113495982,RP-2014,MP-2020,0.05403441,0.050855542,0.073749032,0.21520418,0.48001475,0.036225495,0.268555576,792403.211,956858.1702,0.828130266,11.67480106,0,0,0.0005,equity_down_20,0,-0.2,0,-34105.69665,67833.71058,115296.6898,IN,INR
M01376,P006,DC,12/31/2025,Active,43,M,17,66,1470485.007,1373267.688,0.034791135,0.075238692,0.081775782,,account_balance,0.022285532,IALM_2012-14_Ultimate,MP-2020,0.067493226,0.05896174,0.072368599,0.434303204,0.494549134,0.058133453,0.01301421,6638478.679,6638478.679,1,9.37338912,0,0,0.0044,baseline,0,0,0,0,1005256.914,1708631.205,IN,INR
M01377,P003,DC,12/31/2025,Active,49,M,17,65,837076.9233,779110.7375,0.036532896,0.068553192,0.116067886,,account_balance,0.090520649,VBT-2015,None,0.061932901,0.050236811,0.063778304,0.137939537,0.466782117,0.366788446,0.0284899,4135842.436,4135842.436,1,11.72222042,0,0,0.0062,high_inflation,150,-0.05,300,553903.7441,401510.7208,682446.1856,IN,INR
M01378,P003,DC,12/31/2025,Retired,62,M,14,65,871322.4632,781908.6368,0.055629334,0.098907669,0.128273996,,account_balance,0.032876972,RP-2014,None,0.064518558,0.042365291,0.075316792,0.712282647,0.193791213,0.071830844,0.022095296,4134398.344,4134398.344,1,10.8960731,275626.5563,0,0.0101,baseline,0,0,0,0,973848.1817,1655245.906,IN,INR
M01379,P002,DB,12/31/2025,Active,51,M,8,66,729513.2913,646167.9276,0.062536617,0.006654282,0.138446907,0.010845881,career_average,0.044783537,RP-2010,MP-2021,0.080859433,0.057539386,0.078839108,0.277364484,0.328434455,0.391724533,0.002476528,572368.2769,669921.0073,0.854381742,11.94877471,0,0,0.0068,rate_down_100bps,-100,0,50,-70648.07872,70930.49499,120560.2821,IN,INR
M01380,P004,Hybrid,12/31/2025,Active,42,M,4,64,803669.5567,737384.5072,0.04397898,0.084356429,0.053473893,0.063870142,cash_balance,0.08725661,IALM_2012-14_Ultimate,MP-2021,0.067401726,0.036893833,0.07594824,0.114085104,0.515350209,0.354794391,0.015770295,201069.1055,205505.0099,0.978414617,16.3302711,0,0,0.0041,equity_down_20,0,-0.2,0,-4587.797973,18970.12412,32243.44501,IN,INR
M01381,P001,DB,12/31/2025,Active,34,M,22,64,920345.3851,828751.2666,0.05381243,0.0355458,0.146611077,0.015768701,career_average,0.053302947,VBT-2015,MP-2021,0.076015732,0.058948666,0.087203373,0.557968041,0.125551958,0.309972073,0.006507928,4934199.984,4329752.665,1.139603198,15.05983756,0,0,0.0017,high_inflation,150,-0.05,300,793961.8973,956727.175,1626145.399,IN,INR
M01382,P003,DC,12/31/2025,Active,56,F,18,65,905507.3908,842326.4839,0.036825744,0.113838491,0.139359859,,account_balance,0.034551741,IALM_2012-14_Ultimate,MI-2012,0.088887898,0.03130287,0.071526325,0.141183354,0.379754592,0.169869257,0.309192798,7148903.57,7148903.57,1,11.51765693,0,0,0.0083,baseline,0,0,0,0,490765.8958,834152.8538,IN,INR
M01383,P006,DC,12/31/2025,Active,34,M,3,63,887384.2586,816576.8104,0.042455053,0.074474939,0.073475367,,account_balance,0.013685577,IAM-2012,None,0.074658431,0.049228218,0.088641706,0.487812798,0.368127101,0.122123269,0.021936832,411681.7496,411681.7496,1,12.67787106,0,0,0.0017,baseline,0,0,0,0,68466.30902,116371.9149,IN,INR
M01384,P002,DB,12/31/2025,Retired,60,M,18,62,1492322.327,1404444.914,0.030810808,0.009060302,0.141533279,0.017917965,career_average,0.072388186,IALM_2012-14_Ultimate,None,0.063495551,0.03054749,0.095310772,0.491288655,0.468565048,0.004929892,0.035216405,5756822.179,4948766.737,1.163284205,10.92524224,452966.3166,0,0.0095,equity_down_20,0,-0.2,0,-565652.2856,967859.3216,1645066.665,IN,INR
M01385,P004,Hybrid,12/31/2025,Active,41,F,8,64,1936153.905,1720795.741,0.060731038,0.035416968,0.120388944,0.110510212,cash_balance,0.164444444,IALM_2012-14_Ultimate,MP-2021,0.065906228,0.036119213,0.083649612,0.300748442,0.621077238,0.074677526,0.003496794,1589789.626,1803595.139,0.881455927,13.98261563,0,0,0.0038,high_inflation,150,-0.05,300,280324.6649,186523.7104,317033.6135,IN,INR
M01386,P002,DB,12/31/2025,Retired,60,M,16,62,553029.4473,505418.7469,0.046040393,0.095202428,0.12465358,0.016039986,final_average,0.128888889,IAM-2012,None,0.077836364,0.043919258,0.075547106,0.410859952,0.255146807,0.333576507,0.000416735,1268916.003,1431520.94,0.886411066,11.03627161,129710.5573,0,0.0095,rate_up_100bps,100,0,-50,141798.5457,193449.821,328805.8964,IN,INR
M01387,P005,DB,12/31/2025,Active,51,M,4,61,1916014.193,1696767.343,0.062645023,0.069906591,0.082538196,0.020301625,final_average,0.120104227,IAM-2012,MP-2021,0.077773364,0.034748191,0.067187715,0.259964786,0.588685382,0.150022156,0.001327675,2620206.711,2389988.437,1.096326104,17.34533559,0,0,0.0068,baseline,0,0,0,0,281816.7059,479002.7415,IN,INR
M01388,P001,DB,12/31/2025,Active,43,F,7,60,1333755.814,1190776.003,0.05833492,0.075493916,0.091254028,0.022022181,final_average,0.163472239,IAM-2012,MP-2021,0.064724114,0.059664715,0.097296949,0.33857333,0.500474758,0.039202773,0.121749139,2454739.249,2097796.324,1.170151373,11.42812202,0,0,0.0044,baseline,0,0,0,0,299757.9239,509497.3589,IN,INR
M01389,P006,DC,12/31/2025,Active,39,M,11,64,658760.0466,582825.241,0.063149771,0.078141642,0.072324203,,account_balance,0.136602254,IALM_2012-14_Ultimate,MP-2020,0.078978701,0.053190375,0.090074225,0.112576552,0.710773234,0.133538301,0.043111913,1550162.951,1550162.951,1,15.40819841,0,0,0.0032,rate_down_100bps,-100,0,50,-183761.4664,129590.7952,220264.9626,IN,INR
M01390,P003,DC,12/31/2025,Active,41,M,27,63,848777.4098,782594.3194,0.041426347,0.102715091,0.12278793,,account_balance,0.050463716,IAM-2012,MP-2020,0.072023034,0.055525637,0.069857645,0.207051319,0.528892647,0.164908935,0.099147099,11856424.54,11856424.54,1,12.54559699,0,0,0.0038,baseline,0,0,0,0,1088449.214,1850032.829,IN,INR
M01391,P002,DB,12/31/2025,Active,48,M,11,65,1118830.52,1039604.56,0.037404349,0.020320759,0.035033649,0.022132107,final_average,0.151111111,RP-2014,MP-2020,0.089216815,0.059372114,0.066025391,0.433502159,0.185634074,0.177792084,0.203071683,3392550.654,4313289.727,0.786534378,17.04217449,0,0,0.0059,baseline,0,0,0,0,502277.3275,853718.7888,IN,INR
M01392,P001,DB,12/31/2025,Active,45,M,20,63,467541.0343,409227.5815,0.068876227,0.049126326,0.121530526,0.018473559,final_average,0.030210373,RP-2010,MP-2021,0.086323643,0.050243061,0.061972409,0.107635595,0.850223305,0.028058892,0.014082208,1720713.871,1790021.959,0.961280873,11.83894216,0,0,0.005,equity_down_20,0,-0.2,0,-37042.0123,157017.5637,266882.1325,IN,INR
M01393,P001,DB,12/31/2025,Active,38,M,12,64,946915.3671,844833.2345,0.058693111,0.036815023,0.098778901,0.010691962,career_average,0.085621067,RP-2010,MP-2021,0.082954124,0.037997946,0.067622119,0.082466558,0.813668506,0.102129674,0.001735262,964384.7296,991084.3548,0.973060189,9.143257902,0,0,0.0029,baseline,0,0,0,0,84029.45515,142824.5329,IN,INR
M01394,P003,DC,12/31/2025,Active,42,M,12,63,1247304.719,1103088.978,0.063361691,0.045374035,0.087092672,,account_balance,0.146666667,IAM-2012,MP-2021,0.051373378,0.052708609,0.089295009,0.549236596,0.202999237,0.136599278,0.11116489,2929352.332,2929352.332,1,9.95497123,0,0,0.0041,baseline,0,0,0,0,538427.0072,915162.2565,IN,INR
M01395,P002,DB,12/31/2025,Active,45,F,15,65,704351.6252,663242.2359,0.030525335,0.078144738,0.039066152,0.014072089,final_average,0.081021003,VBT-2015,MP-2021,0.065217383,0.047529334,0.085181344,0.592883763,0.193867655,0.050646578,0.162602004,1014319.692,1345493.38,0.753864498,9.610800615,0,0,0.005,baseline,0,0,0,0,199078.592,338373.0963,IN,INR
M01396,P005,DB,12/31/2025,Active,23,F,10,63,505885.2256,463983.4949,0.044178465,0.001467924,0.104547839,0.016658764,career_average,0.081240347,IALM_2012-14_Ultimate,MP-2020,0.072931647,0.038024972,0.098697466,0.491427671,0.364934738,0.051064567,0.092573024,1033824.097,911299.8508,1.134449979,11.7900592,0,0,0.0005,baseline,0,0,0,0,171570.0395,291616.9182,IN,INR
M01397,P003,DC,12/31/2025,Active,49,M,17,67,1076676.563,958758.0154,0.059712668,0.09545496,0.080348695,,account_balance,0.048951586,RP-2010,None,0.070864648,0.041018534,0.072878838,0.504667528,0.267898703,0.115874166,0.111559602,5210346.465,5210346.465,1,15.05168239,0,0,0.0062,equity_down_20,0,-0.2,0,-525898.5345,884126.1257,1502745.682,IN,INR
M01398,P002,DB,12/31/2025,Active,34,F,5,67,2659670.213,2491878.303,0.033119313,1.10E-05,0.138392231,0.014124876,flat,0.177777778,RP-2014,MP-2021,0.080542627,0.048236038,0.091464008,0.218171224,0.724542792,0.044041832,0.013244152,1917083.733,2401376.832,0.798326905,13.64516613,0,0,0.0017,rate_down_100bps,-100,0,50,-258221.3981,194956.9464,331367.5514,IN,INR
M01399,P004,Hybrid,12/31/2025,Active,32,F,10,66,714290.9099,644571.5911,0.052693597,0.006305853,0.043189193,0.101558732,cash_balance,0.055417627,VBT-2015,None,0.086363353,0.041863634,0.064818358,0.363018159,0.535455387,0.022668994,0.078857459,914017.2712,862790.6946,1.059373121,11.24113176,0,0,0.0011,high_inflation,150,-0.05,300,92184.75444,119449.8763,203028.4827,IN,INR
M01400,P004,Hybrid,12/31/2025,Active,27,M,29,67,722757.994,659119.8646,0.047162911,0.040828612,0.131168313,0.062942244,cash_balance,0.050876125,VBT-2015,MP-2021,0.081485718,0.037053959,0.082503308,0.280791342,0.362161818,0.290262107,0.066784734,2194126.488,2565501.315,0.855242784,17.98888333,0,0,0.0005,baseline,0,0,0,0,251091.8592,426779.841,IN,INR
M01401,P001,DB,12/31/2025,Active,26,M,20,63,899665.0493,846861.4615,0.03070466,0.084094852,0.04062651,0.018459117,final_average,0.009327703,RP-2014,MP-2021,0.058808044,0.042897696,0.078671631,0.284670919,0.399288473,0.144965496,0.171075111,3575522.397,2998684.047,1.19236383,9.591298781,0,0,0.0005,high_inflation,150,-0.05,300,273451.8914,377577.8672,641767.6089,IN,INR
M01402,P001,DB,12/31/2025,Active,30,M,13,64,1995444.504,1846892.508,0.039439023,0.014499577,0.033011683,0.022168384,final_average,0.031809536,IALM_2012-14_Ultimate,MP-2021,0.069424487,0.037008026,0.093527978,0.283556076,0.635212852,0.057902937,0.023328135,7668478.309,7775646.07,0.986217511,14.60889858,0,0,0.0005,rate_up_100bps,100,0,-50,892380.4494,866386.5137,1472593.734,IN,INR
M01403,P001,DB,12/31/2025,Active,37,F,19,65,468090.9701,431620.4929,0.04139168,0.055462141,0.058207132,0.013667606,final_average,0.115555556,IALM_2012-14_Ultimate,MP-2020,0.065744464,0.056253318,0.088064129,0.158145652,0.703453375,0.027797579,0.110603395,1607459.931,1817427.007,0.884470147,16.21469804,0,0,0.0026,rate_down_100bps,-100,0,50,-238151.6455,139776.7087,237577.9194,IN,INR
M01404,P005,DB,12/31/2025,Retired,64,M,24,65,1392234.905,1300987.201,0.034474398,0.067850523,0.069965345,0.014051938,final_average,0.079768286,IAM-2012,MP-2021,0.080648025,0.05082221,0.067772615,0.598165863,0.279849178,0.020637988,0.101346971,7908272.717,7731770.569,1.022828167,17.62213228,438753.4065,0,0.0107,baseline,0,0,0,0,1571960.769,2671855.507,IN,INR
M01405,P004,Hybrid,12/31/2025,Active,39,F,2,66,796577.7841,715332.6074,0.055261476,0.022953288,0.105183453,0.098561576,cash_balance,0.080877553,RP-2014,None,0.085804961,0.041296125,0.099355379,0.231625842,0.630908145,0.096531987,0.040934026,137187.7093,148963.6158,0.920947767,12.18981289,0,0,0.0032,high_inflation,150,-0.05,300,19157.30489,13751.9174,23374.07967,IN,INR
M01406,P003,DC,12/31/2025,Active,46,M,9,65,828096.5195,766069.6979,0.039695915,0.086872339,0.088675984,,account_balance,0.038292162,RP-2014,MP-2021,0.06147311,0.058363229,0.092925734,0.545004875,0.345325429,0.086504773,0.023164923,1805366.634,1805366.634,1,14.13162807,0,0,0.0053,baseline,0,0,0,0,330950.2848,562514.8914,IN,INR
M01407,P005,DB,12/31/2025,Active,48,M,7,68,624948.7818,576574.6512,0.04110478,0.091140728,0.082479592,0.021634401,final_average,0.120454932,RP-2014,MP-2020,0.069556394,0.041668454,0.074185216,0.385014251,0.464496598,0.147907211,0.00258194,785407.3841,983631.0078,0.798477659,11.26506608,0,0,0.0059,rate_down_100bps,-100,0,50,-92565.73008,108259.5364,184008.3062,IN,INR
M01408,P005,DB,12/31/2025,Active,45,M,4,63,880251.5331,774728.9609,0.065929544,0.051222853,0.054511632,0.024541068,final_average,0.177905433,IAM-2012,MP-2021,0.079276737,0.047234076,0.09304121,0.363475178,0.418450362,0.115710658,0.102363802,610884.8756,707484.5886,0.863460329,9.302801145,0,0,0.005,high_inflation,150,-0.05,300,68449.87739,78542.09865,133497.6947,IN,INR
M01409,P004,Hybrid,12/31/2025,Active,43,M,31,66,633120.1899,575699.8473,0.048684924,0.015732306,0.132636399,0.050000388,cash_balance,0.007453363,RP-2010,MP-2021,0.051998119,0.045356164,0.098276426,0.20393079,0.492047195,0.132355285,0.171666731,1597376.132,1506673.439,1.060200632,13.65927114,0,0,0.0044,high_inflation,150,-0.05,300,233464.3731,138803.2313,235923.3038,IN,INR
M01410,P006,DC,12/31/2025,Active,32,F,15,65,771395.4385,705464.5666,0.045685126,0.077853861,0.140315211,,account_balance,0.046483984,IALM_2012-14_Ultimate,MP-2020,0.088522875,0.033657496,0.095611278,0.354327392,0.321419823,0.248977393,0.075275393,4579134.003,4579134.003,1,14.3159571,0,0,0.0011,baseline,0,0,0,0,597272.9306,1015182.44,IN,INR
M01411,P002,DB,12/31/2025,Active,59,F,18,65,324658.0336,289515.1357,0.058954842,0.059220018,0.072712527,0.020835252,final_average,0.033648652,IAM-2012,MP-2021,0.081998558,0.04271376,0.0822484,0.683795303,0.274302752,0.030096283,0.011805662,1073169.971,1246183.215,0.861165484,11.47728999,0,0.01,0.0092,equity_down_20,0,-0.2,0,-146765.7171,243255.2579,413460.0007,IN,INR
M01412,P001,DB,12/31/2025,Retired,62,M,7,63,451233.1383,396801.4919,0.066384552,0.002695476,0.10576489,0.013083545,final_average,0.144682745,IAM-2012,MP-2021,0.071710658,0.032326368,0.083085913,0.364934668,0.423772959,0.165203663,0.04608871,376813.3111,403057.0889,0.934888187,11.09097713,36340.99,0,0.0101,rate_up_100bps,100,0,-50,36718.80495,49459.89827,84066.79365,IN,INR
M01413,P002,DB,12/31/2025,Active,27,F,9,65,1145698.831,1077834.089,0.031001453,0.009059441,0.139570581,0.019559626,final_average,0.031334911,IAM-2012,None,0.08114602,0.035116539,0.064263951,0.564919918,0.236106417,0.190203853,0.008769812,2181410.267,2187397.039,0.997263061,11.52849563,0,0,0.0005,baseline,0,0,0,0,416736.3944,708325.203,IN,INR
M01414,P001,DB,12/31/2025,Active,34,F,11,66,1737576.769,1582267.197,0.047929554,0.015678136,0.134159211,0.014443496,career_average,0.056616467,RP-2014,MP-2020,0.083454319,0.053625848,0.066588261,0.537493267,0.429323408,0.023007343,0.010175982,3936777.605,3448788.611,1.141495768,13.71897757,0,0,0.0017,rate_down_100bps,-100,0,50,-388630.9971,716092.6734,1217139.887,IN,INR
M01415,P003,DC,12/31/2025,Active,41,M,13,62,4211894.511,3788270.176,0.054431254,0.078083535,0.125094019,,account_balance,0.032995646,IAM-2012,MP-2021,0.069753413,0.039079858,0.099304346,0.078960214,0.744440101,0.017571677,0.159028008,18515125.71,18515125.71,1,15.12427682,0,0,0.0038,rate_down_100bps,-100,0,50,-2111108.764,1445186.443,2456377.686,IN,INR
M01416,P006,DC,12/31/2025,Active,34,F,17,64,1492628.393,1372769.207,0.042742524,0.087048196,0.083869415,,account_balance,0.042968962,RP-2010,MP-2020,0.067602867,0.032668677,0.090791607,0.089162535,0.575707562,0.326091224,0.009038679,8349076.825,8349076.825,1,15.48592254,0,0,0.0017,rate_up_100bps,100,0,-50,1052600.237,757554.4303,1287612.272,IN,INR
M01417,P001,DB,12/31/2025,Active,49,M,3,63,781043.5311,693951.8901,0.060896309,0.045410532,0.130910791,0.012768013,career_average,0.013772408,VBT-2015,MP-2021,0.083508139,0.05156876,0.06102028,0.171581916,0.460851368,0.279422257,0.088144459,230628.4067,305518.4374,0.754875577,11.49379596,0,0,0.0062,equity_down_20,0,-0.2,0,-7914.332796,21011.41812,35713.02436,IN,INR
M01418,P001,DB,12/31/2025,Active,37,M,16,68,403271.7121,352985.4911,0.068859083,0.03717163,0.123589509,0.012280991,final_average,0.084039141,IAM-2012,MI-2012,0.08438688,0.054071896,0.081901712,0.207280051,0.448528215,0.340520728,0.003671006,1329026.227,1158756.508,1.146941759,16.7063634,0,0,0.0026,equity_down_20,0,-0.2,0,-55096.12477,140202.8545,238302.2379,IN,INR
M01419,P003,DC,12/31/2025,Retired,66,M,9,64,1255312.237,1101090.715,0.067737095,0.091279529,0.099215302,,account_balance,0.072201503,RP-2010,None,0.054945101,0.047342322,0.073811875,0.427699703,0.39696218,0.158960249,0.016377867,2600912.349,2600912.349,1,13.36739616,173394.1566,0,0.0113,rate_down_100bps,-100,0,50,-296051.0656,388573.0805,660456.1296,IN,INR
M01420,P006,DC,12/31/2025,Deferred,56,F,25,62,512145.2469,472925.4644,0.040639302,0.040166521,0.150737881,,account_balance,0.01968926,RP-2014,MP-2020,0.086313683,0.057468349,0.072460518,0.256819362,0.733069193,0.008781746,0.001329699,5411467.591,5411467.591,1,13.93320101,0,0,0.0083,high_inflation,150,-0.05,300,763973.9892,602042.7345,1023289.657,IN,INR
M01421,P002,DB,12/31/2025,Active,46,M,22,63,684723.3362,634219.0521,0.039053531,0.087614435,0.139411813,0.01082058,career_average,0.026448773,VBT-2015,MP-2021,0.061071759,0.05548328,0.082264152,0.163644834,0.467751017,0.259135457,0.109468692,1808418.61,1669040.015,1.083508241,11.05488587,0,0,0.0053,baseline,0,0,0,0,158171.5657,268843.5852,IN,INR
M01422,P003,DC,12/31/2025,Active,54,F,13,65,1466973.986,1285393.986,0.068299621,0.058566327,0.177446056,,account_balance,0.05406129,IALM_2012-14_Ultimate,MI-2012,0.076686696,0.046581387,0.072806033,0.496499446,0.433581858,0.062404787,0.007513909,6227335.326,6227335.326,1,12.44854477,0,0,0.0077,rate_up_100bps,100,0,-50,640209.6453,1054348.936,1792072.721,IN,INR
M01423,P001,DB,12/31/2025,Active,55,F,11,61,1123986.455,1022710.008,0.048345139,0.008987047,0.106091962,0.009150958,flat,0.052030948,IALM_2012-14_Ultimate,MP-2021,0.078372418,0.052110312,0.070062182,0.077156193,0.733150895,0.180952154,0.008740758,900354.4601,974360.4586,0.924046591,9.46472249,0,0,0.008,rate_down_100bps,-100,0,50,-59215.72952,76166.80029,129460.4095,IN,INR
M01424,P001,DB,12/31/2025,Active,38,M,9,64,648178.0957,601204.122,0.038331909,0.046328745,0.080901479,0.017591644,career_average,0.088001343,RP-2014,MP-2020,0.061188945,0.039877255,0.097512636,0.314897229,0.588343901,0.088910404,0.007848465,1616605.127,1351198.675,1.196422967,14.19542271,0,0,0.0029,baseline,0,0,0,0,194082.3787,329881.0522,IN,INR
M01425,P006,DC,12/31/2025,Active,36,M,14,67,456854.5123,407921.7303,0.058279879,0.059046975,0.121064729,,account_balance,0.071096364,RP-2014,MP-2020,0.062167043,0.049088548,0.061594288,0.14571597,0.554217707,0.210723115,0.089343207,1562992.243,1562992.243,1,15.73984333,0,0,0.0023,baseline,0,0,0,0,130983.7545,222632.57,IN,INR
M01426,P006,DC,12/31/2025,Active,45,M,22,66,1083285.997,998912.2112,0.041376813,0.058789896,0.12751446,,account_balance,0.008302375,IALM_2012-14_Ultimate,MP-2020,0.078252027,0.059307845,0.07744684,0.477993856,0.32535279,0.150171965,0.04648139,9300951.566,9300951.566,1,13.89162847,0,0,0.005,rate_down_100bps,-100,0,50,-1140749.109,1518115.04,2580334.135,IN,INR
M01427,P001,DB,12/31/2025,Active,53,M,11,61,1145169.778,1057370.565,0.040689879,0.009121428,0.072711205,0.021547631,final_average,0.020940563,RP-2014,None,0.057003039,0.053996172,0.080447444,0.576134818,0.326190254,0.014631527,0.083043401,2323316.239,2992143.338,0.77647224,11.9388626,0,0,0.0074,baseline,0,0,0,0,446749.632,759338.5842,IN,INR
M01428,P006,DC,12/31/2025,Active,45,M,7,68,1937168.171,1707377.301,0.065169962,0.040368044,0.119735616,,account_balance,0.02787793,IALM_2012-14_Ultimate,None,0.084336533,0.041236101,0.077598072,0.45568604,0.486583546,0.057727317,3.10E-06,2485579.285,2485579.285,1,16.51272434,0,0,0.005,baseline,0,0,0,0,392316.6252,666819.0177,IN,INR
M01429,P004,Hybrid,12/31/2025,Active,28,M,11,65,320791.1876,298596.3641,0.036499166,0.038889783,0.106036648,0.074559965,cash_balance,0.040834845,RP-2014,MP-2021,0.058915817,0.057970978,0.08629005,0.412157884,0.49250777,0.076575194,0.018759151,312498.0251,302093.5773,1.034441142,9.518720702,0,0,0.0005,baseline,0,0,0,0,45262.52521,76932.53525,IN,INR
M01430,P006,DC,12/31/2025,Active,36,M,13,62,1038406.664,973920.8211,0.032575718,0.109574926,0.104152633,,account_balance,0.088870452,IALM_2012-14_Ultimate,MP-2020,0.064046898,0.054754097,0.061027041,0.354581533,0.630827694,0.014015617,0.000575155,3976943.947,3976943.947,1,11.23860986,0,0,0.0023,baseline,0,0,0,0,525998.4446,894037.4779,IN,INR
M01431,P003,DC,12/31/2025,Active,43,M,5,60,1487408.232,1373165.148,0.040767458,0.093781892,0.092575366,,account_balance,0.061005992,RP-2010,MP-2021,0.060666338,0.031116639,0.095399938,0.457826985,0.349429621,0.097045467,0.095697927,1606833.467,1606833.467,1,9.450277466,0,0,0.0044,high_inflation,150,-0.05,300,148882.1048,250206.442,425274.9009,IN,INR
M01432,P003,DC,12/31/2025,Active,43,M,4,62,814955.9432,733202.5967,0.054277817,0.069018705,0.173544025,,account_balance,0.109764448,RP-2014,None,0.059811916,0.05238015,0.080008489,0.275894041,0.602343821,0.080722265,0.041039873,829778.9203,829778.9203,1,12.53708177,0,0,0.0044,rate_down_100bps,-100,0,50,-79039.4515,91003.19896,154677.7777,IN,INR
M01433,P003,DC,12/31/2025,Retired,64,M,8,66,479981.6194,448134.209,0.034923514,0.116664749,0.0981116,,account_balance,0.084668977,IALM_2012-14_Ultimate,None,0.089154649,0.059291978,0.082146978,0.401226441,0.477621578,0.07729875,0.043853231,1055916.424,1055916.424,1,11.25318527,70394.42824,0,0.0107,baseline,0,0,0,0,148882.6122,253055.1876,IN,INR
M01434,P004,Hybrid,12/31/2025,Active,30,F,25,60,649426.401,590325.7907,0.048863787,0.038592852,0.053663504,0.071345874,cash_balance,0.003387071,RP-2014,MP-2021,0.060132979,0.039531197,0.078510843,0.032118703,0.905056301,0.009418324,0.053406673,1764242.678,1712919.036,1.029962679,15.14323956,0,0,0.0005,high_inflation,150,-0.05,300,266498.4689,158738.4287,269807.0801,IN,INR
M01435,P001,DB,12/31/2025,Active,49,F,21,62,1001327.212,899485.437,0.055093484,0.063254944,0.120058829,0.022672154,final_average,0.020139781,IALM_2012-14_Ultimate,None,0.073133161,0.038260092,0.077780341,0.044624821,0.60496945,0.299581573,0.050824156,4889123.509,4157121.106,1.176083973,9.707032121,0,0,0.0062,rate_up_100bps,100,0,-50,255644.5631,417120.515,708978.0912,IN,INR
M01436,P001,DB,12/31/2025,Active,59,M,3,65,790839.0503,698628.1694,0.06394948,0.053630378,0.050845692,0.015681056,final_average,0.057512269,IALM_2012-14_Ultimate,MP-2020,0.079815256,0.04920201,0.067467976,0.289230391,0.597887649,0.080569132,0.032312828,342744.7232,305751.1896,1.12099228,9.303053078,0,0,0.0092,rate_down_100bps,-100,0,50,-18198.05361,38762.60311,65884.64335,IN,INR
M01437,P002,DB,12/31/2025,Retired,67,M,6,64,1128894.611,1045344.609,0.039194784,0.054905294,0.037606188,0.010291173,flat,0.026414744,VBT-2015,MP-2020,0.051678979,0.03330366,0.08017582,0.372240554,0.453921343,0.008141104,0.165696999,910260.4582,902128.661,1.00901401,13.97632097,64546.93358,0,0.0116,high_inflation,150,-0.05,300,141195.8042,118737.3118,201817.3398,IN,INR
M01438,P004,Hybrid,12/31/2025,Active,40,M,16,65,1751019.424,1550510.197,0.062693853,0.024854956,0.093306408,0.079594214,cash_balance,0.018247449,RP-2014,MP-2020,0.085262879,0.050249278,0.076853889,0.091228434,0.807162127,0.095089607,0.006519833,2774176.386,3054891.814,0.908109535,15.7195354,0,0,0.0035,equity_down_20,0,-0.2,0,-50616.75324,241847.3288,411066.9491,IN,INR
M01439,P002,DB,12/31/2025,Active,49,M,8,65,822663.9948,761482.976,0.03939625,0.052154303,0.096422874,0.010585102,flat,0.093343221,RP-2010,MP-2021,0.056115565,0.036797386,0.078724778,0.266209681,0.41546407,0.177597312,0.140728937,834609.6609,852152.6307,0.979413348,13.21515128,0,0,0.0062,rate_down_100bps,-100,0,50,-95275.74296,85874.39253,145960.3657,IN,INR
M01440,P004,Hybrid,12/31/2025,Active,50,M,14,61,1704660.695,1525562.162,0.057070662,0.002359471,0.052675869,0.075630641,cash_balance,0.093785858,IAM-2012,MP-2020,0.073522631,0.043545933,0.060553235,0.294956536,0.401231445,0.068420996,0.235391023,1969632.631,2249268.711,0.87567689,11.53141809,0,0,0.0065,baseline,0,0,0,0,208284.286,354019.9779,IN,INR
M01441,P006,DC,12/31/2025,Active,46,M,3,66,934676.6833,852275.0886,0.047226943,0.064158418,0.126073645,,account_balance,0.096210622,IAM-2012,MP-2021,0.075645125,0.056759106,0.065235739,0.263436031,0.580943342,0.15560296,1.77E-05,534753.161,534753.161,1,13.48704948,0,0,0.0053,rate_down_100bps,-100,0,50,-56589.35902,57948.62946,98495.05652,IN,INR
M01442,P001,DB,12/31/2025,Active,43,F,11,62,1146836.939,1071438.948,0.03458725,0.057262282,0.143492315,0.012495443,career_average,0.127135953,RP-2014,MP-2020,0.075182634,0.053903617,0.090526852,0.711822723,0.03438158,0.251264897,0.0025308,1720342.714,1773806.776,0.96985914,12.04465983,0,0,0.0044,equity_down_20,0,-0.2,0,-244915.807,411864.7442,700044.8783,IN,INR
M01443,P004,Hybrid,12/31/2025,Active,48,M,10,64,934066.7437,833562.7605,0.058570539,0.018199562,0.064200388,0.066365027,cash_balance,0.043284342,IALM_2012-14_Ultimate,MP-2020,0.079337845,0.033239761,0.076764159,0.366775315,0.384350025,0.207097213,0.041777447,641082.6903,713513.6151,0.898486976,11.66621706,0,0,0.0059,baseline,0,0,0,0,85222.64221,144852.5882,IN,INR
M01444,P003,DC,12/31/2025,Active,20,F,18,65,1160281.209,1075410.348,0.038710505,0.056734767,0.12887813,,account_balance,0.096549193,IALM_2012-14_Ultimate,MP-2021,0.087249502,0.052841532,0.08971628,0.178148317,0.438414758,0.276014801,0.107422124,7785308.405,7785308.405,1,13.02443726,0,0,0.0005,baseline,0,0,0,0,708395.6551,1204057.296,IN,INR
M01445,P006,DC,12/31/2025,Active,51,M,13,62,1254733.072,1166646.931,0.037064937,0.092549864,0.103981722,,account_balance,0.056701195,RP-2010,MP-2021,0.087075521,0.042351325,0.06684445,0.509071155,0.307225886,0.176277873,0.007425087,4539126.869,4539126.869,1,14.52643234,0,0,0.0068,rate_up_100bps,100,0,-50,589646.3298,788573.0329,1340334.468,IN,INR
M01446,P001,DB,12/31/2025,Active,45,M,12,68,1314300.102,1205082.022,0.044332917,0.007055796,0.066276664,0.02110833,final_average,0.146666667,RP-2014,MP-2020,0.07312312,0.059833251,0.087928412,0.434640042,0.346251103,0.176242529,0.042866326,5076635.355,4336920.393,1.170562264,14.20789416,0,0,0.005,high_inflation,150,-0.05,300,682117.8445,767005.6861,1303676.534,IN,INR
M01447,P004,Hybrid,12/31/2025,Active,42,M,3,64,986047.6459,884019.4457,0.05613161,0.034785732,0.111630441,0.053027012,cash_balance,0.037227175,IAM-2012,MP-2020,0.06479675,0.038992084,0.071564466,0.392511811,0.332012054,0.264867473,0.010608662,142503.5708,149743.1428,0.951653399,9.974051046,0,0,0.0041,high_inflation,150,-0.05,300,16058.00177,20395.33639,34665.87267,IN,INR
M01448,P005,DB,12/31/2025,Retired,64,M,29,61,219947.9692,203604.83,0.039359859,0.097896577,0.057787222,0.016501184,final_average,0.049369031,RP-2010,None,0.062860185,0.044117975,0.088204865,0.517898493,0.472088785,0.004588608,0.005424114,873073.9077,1068284.618,0.817267134,10.96442348,97431.90051,0,0.0107,baseline,0,0,0,0,154226.0137,262137.3461,IN,INR
M01449,P006,DC,12/31/2025,Active,37,M,16,67,1287215.923,1196199.85,0.037346462,0.069854677,0.063853415,,account_balance,0.094349112,RP-2014,MP-2021,0.085467489,0.040235334,0.06347135,0.431584051,0.429805335,0.133648291,0.004962323,4186853.573,4186853.573,1,9.063423924,0,0,0.0026,high_inflation,150,-0.05,300,343894.5711,630217.0312,1071177.398,IN,INR
M01450,P004,Hybrid,12/31/2025,Active,40,M,7,64,405700.3544,382116.0245,0.030398145,0.046053662,0.076353838,0.067137284,cash_balance,0.042417588,RP-2014,MP-2021,0.084125147,0.04758578,0.073345659,0.433338821,0.453040765,0.054529391,0.059091022,185588.1118,216824.8412,0.855935652,12.94339539,0,0,0.0035,baseline,0,0,0,0,27802.32707,47255.50546,IN,INR
M01451,P003,DC,12/31/2025,Retired,64,M,11,65,749305.1821,681112.6552,0.048865724,0.108285267,0.146591421,,account_balance,0.072882409,RP-2014,MP-2021,0.061832877,0.037976272,0.064774257,0.136817878,0.412846205,0.446747185,0.003588731,2696858.95,2696858.95,1,15.93115068,179790.5967,0,0.0107,equity_down_20,0,-0.2,0,-73795.70389,288748.8323,490785.2493,IN,INR
M01452,P004,Hybrid,12/31/2025,Active,36,M,8,64,335689.2499,306142.1335,0.047145823,0.064849775,0.081936705,0.095800114,cash_balance,0.108556405,VBT-2015,MP-2021,0.056093992,0.057379405,0.085185768,0.099890331,0.784716991,0.026965579,0.088427098,253097.3368,271385.0835,0.932613295,12.72826724,0,0,0.0023,baseline,0,0,0,0,21340.22239,36271.89168,IN,INR
M01453,P006,DC,12/31/2025,Active,38,F,9,66,2114542.305,1957441.545,0.03935471,0.113113326,0.138263815,,account_balance,0.083968258,RP-2010,MP-2020,0.084445685,0.048509674,0.075703923,0.616636442,0.279915351,0.033640095,0.069808113,6149991.005,6149991.005,1,17.99399629,0,0,0.0029,rate_up_100bps,100,0,-50,1020555.309,1259867.568,2141391.926,IN,INR
M01454,P003,DC,12/31/2025,Active,43,F,21,60,1188005.677,1115157.413,0.032146087,0.067410831,0.125589109,,account_balance,0.024819949,RP-2014,MP-2020,0.074333967,0.058281295,0.062971077,0.497848391,0.132798421,0.106417623,0.262935565,8581986.893,8581986.893,1,15.75303667,0,0,0.0044,rate_up_100bps,100,0,-50,1294939.827,1422117.136,2417166.876,IN,INR
M01455,P001,DB,12/31/2025,Active,52,M,6,62,850334.1747,775452.2405,0.047170235,0.079395069,0.148708116,0.01988751,final_average,0.07034356,RP-2010,MP-2021,0.062525555,0.050415534,0.081054638,0.206325145,0.681311201,0.037977096,0.074386558,888540.9851,1144998.105,0.776019612,12.37422606,0,0,0.0071,baseline,0,0,0,0,85167.80004,144759.3732,IN,INR
M01456,P006,DC,12/31/2025,Active,46,M,16,64,1864506.251,1654629.52,0.061528204,0.117332,0.160248705,,account_balance,0.062853468,IAM-2012,MP-2020,0.074425954,0.035575037,0.06099588,0.25808551,0.49347301,0.089930972,0.158510508,11801021.61,11801021.61,1,17.75885948,0,0,0.0053,rate_down_100bps,-100,0,50,-1804552.562,1174419.863,1996156.8,IN,INR
M01457,P004,Hybrid,12/31/2025,Active,31,M,21,61,1250948.944,1116263.041,0.058611285,0.023076539,0.130118485,0.085303579,cash_balance,0.063729227,RP-2014,MP-2020,0.052647873,0.030462589,0.092739107,0.174819141,0.583357685,0.095200504,0.146622671,2763025.202,2863748.755,0.964828076,14.76611687,0,0,0.0008,rate_down_100bps,-100,0,50,-342272.8888,230876.6454,392420.122,IN,INR
M01458,P004,Hybrid,12/31/2025,Active,39,F,15,65,1041388.879,919130.6697,0.064431796,0.061705419,0.075853979,0.065203291,cash_balance,0.096245855,IALM_2012-14_Ultimate,MP-2020,0.05760547,0.042227319,0.097533852,0.642020875,0.249811107,0.046223747,0.061944271,1025046.891,1189478.168,0.861761837,17.27471441,0,0,0.0032,rate_up_100bps,100,0,-50,192675.5515,218188.5849,370854.2757,IN,INR
M01459,P002,DB,12/31/2025,Active,38,M,10,63,1176218.218,1107873.752,0.030383308,0.088719677,0.101379445,0.014217801,final_average,0.155555556,RP-2014,MP-2020,0.071831524,0.059805315,0.092402832,0.388973605,0.445907098,0.124417586,0.040701711,1734103.621,1541459.264,1.124975315,9.786093418,0,0,0.0029,high_inflation,150,-0.05,300,134553.255,238510.3541,405395.1065,IN,INR
M01460,P004,Hybrid,12/31/2025,Active,43,M,6,63,829080.3312,725972.4288,0.068656773,0.062413816,0.075005769,0.053964045,cash_balance,0.173333333,RP-2014,MP-2021,0.071566733,0.056307834,0.098060233,0.258679229,0.421107066,0.049240589,0.270973115,260841.8003,269907.106,0.966413238,14.01833167,0,0,0.0044,rate_up_100bps,100,0,-50,32344.35705,24861.92543,42257.71641,IN,INR
M01461,P003,DC,12/31/2025,Active,48,M,7,60,563623.6406,517456.7357,0.04365649,0.085932533,0.148066529,,account_balance,0.012310839,RP-2010,MP-2020,0.059866738,0.055404043,0.095884468,0.402151076,0.486401084,0.102953128,0.008494713,1167785.027,1167785.027,1,17.17603245,0,0,0.0059,rate_down_100bps,-100,0,50,-172178.5401,166068.3837,282265.7756,IN,INR
M01462,P004,Hybrid,12/31/2025,Active,48,M,12,65,1517236.664,1326165.174,0.069615912,0.010035271,0.049062904,0.093343192,cash_balance,0.052569394,RP-2010,None,0.089283543,0.047060526,0.095797216,0.139806378,0.587337398,0.230515861,0.042340363,2192162.607,2091343.081,1.048208028,14.85717786,0,0,0.0059,baseline,0,0,0,0,190444.4016,323697.5969,IN,INR
M01463,P001,DB,12/31/2025,Active,26,M,11,66,953661.1881,881535.7408,0.040104778,0.04393305,0.098731975,0.011328,career_average,0.099051947,VBT-2015,MP-2021,0.066497464,0.032845182,0.069817605,0.459055436,0.304205266,0.228915547,0.007823751,1796212.551,1965581.309,0.913832739,17.89390656,0,0,0.0005,rate_up_100bps,100,0,-50,324398.417,288253.2247,489942.8671,IN,INR
M01464,P004,Hybrid,12/31/2025,Active,55,F,17,63,446143.0914,405543.944,0.048861456,0.097736291,0.095605914,0.093077467,cash_balance,0.063747941,RP-2014,None,0.078341524,0.030455253,0.069246753,0.215601937,0.560902273,0.029987329,0.193508461,1025191.375,983899.174,1.041967919,17.96176023,0,0,0.008,equity_down_20,0,-0.2,0,-44206.64919,92503.37296,157227.6175,IN,INR
M01465,P006,DC,12/31/2025,Active,47,F,4,64,1237148.382,1134723.617,0.044157107,0.113149082,0.156377511,,account_balance,0.02067818,IAM-2012,MP-2020,0.060338273,0.055158683,0.092376924,0.608591651,0.202724301,0.184933825,0.003750224,1459811.367,1459811.367,1,16.12833727,0,0,0.0056,baseline,0,0,0,0,298543.9361,507433.9485,IN,INR
M01466,P001,DB,12/31/2025,Deferred,58,M,20,62,1002879.103,919720.5568,0.044230429,0.073955638,0.095007652,0.008520815,flat,0.029685126,RP-2010,MP-2021,0.066979095,0.035321778,0.079655387,0.397656064,0.265920207,0.234527102,0.101896627,1681889.012,1803850.312,0.932388348,11.50889128,0,0,0.0089,baseline,0,0,0,0,237564.3855,403787.2473,IN,INR
M01467,P006,DC,12/31/2025,Active,48,M,40,64,2115747.714,1869961.561,0.063691284,0.072145553,0.15845749,,account_balance,0.050877118,VBT-2015,MP-2021,0.083248903,0.032300912,0.097692502,0.441121388,0.475842898,0.050112313,0.0329234,111268352.5,111268352.5,1,16.68204168,0,0.01,0.0059,rate_up_100bps,100,0,-50,15914520.17,17008536.2,28909341.77,IN,INR
M01468,P003,DC,12/31/2025,Active,55,M,10,60,1111076.078,989121.0646,0.059856758,0.091464198,0.133393088,,account_balance,0.012726688,IALM_2012-14_Ultimate,MP-2021,0.083943897,0.051292678,0.095890349,0.378129406,0.498062371,0.078588747,0.045219476,3515539.046,3515539.046,1,15.33152253,0,0,0.008,baseline,0,0,0,0,473415.3498,804662.1994,IN,INR
M01469,P006,DC,12/31/2025,Active,49,M,9,64,578691.4286,505748.2393,0.069686057,0.081443671,0.104727771,,account_balance,0.01024995,IALM_2012-14_Ultimate,None,0.055410377,0.030035229,0.09572713,0.327353351,0.379396514,0.189818196,0.103431939,1278647.455,1278647.455,1,9.957063236,0,0,0.0062,baseline,0,0,0,0,153481.742,260872.3105,IN,INR
M01470,P005,DB,12/31/2025,Active,57,F,10,65,439956.631,395624.5821,0.054540587,0.038270629,0.139930078,0.021529497,final_average,0.123186235,VBT-2015,MP-2021,0.064186799,0.052224528,0.073044789,0.528830515,0.228402733,0.046970491,0.195796261,1119216.013,1063771.242,1.052120953,12.4890987,0,0,0.0086,rate_down_100bps,-100,0,50,-120073.8406,196661.9217,334265.4913,IN,INR
M01471,P003,DC,12/31/2025,Active,49,M,11,67,1739194.38,1581926.069,0.048530264,0.119495842,0.087890261,,account_balance,0.012417164,IALM_2012-14_Ultimate,MP-2020,0.058126018,0.035769952,0.065316089,0.378518102,0.603003732,0.018124202,0.000353964,5110815.392,5110815.392,1,16.87059591,0,0,0.0062,equity_down_20,0,-0.2,0,-386907.228,705650.608,1199391.55,IN,INR
M01472,P005,DB,12/31/2025,Active,43,M,9,63,956818.6652,895616.6415,0.033602955,0.00279098,0.04620576,0.022117555,final_average,0.16,RP-2014,MP-2020,0.085610738,0.039641833,0.087117755,0.226413655,0.644533893,0.027083708,0.101968744,2934572.626,2740134.011,1.070959528,15.36986366,0,0,0.0044,rate_down_100bps,-100,0,50,-326583.2856,287933.7987,489399.94,IN,INR
M01473,P006,DC,12/31/2025,Retired,67,M,2,65,666895.1271,582641.8136,0.069862457,0.075015523,0.158156921,,account_balance,0.081499229,RP-2010,MP-2020,0.080154455,0.035150932,0.077623072,0.305973127,0.608319705,0.021543094,0.064164075,292803.1543,292803.1543,1,12.84624976,19520.21029,0,0.0116,baseline,0,0,0,0,34343.71711,58373.88026,IN,INR
M01474,P003,DC,12/31/2025,Active,53,F,10,64,712226.0841,643481.1735,0.052061226,0.089453484,0.128982398,,account_balance,0.06312588,IAM-2012,None,0.072532442,0.053314443,0.097357699,0.308235023,0.483028181,0.133454669,0.075282126,2236664.781,2236664.781,1,14.5170266,0,0,0.0074,baseline,0,0,0,0,257481.6248,437640.5003,IN,INR
M01475,P002,DB,12/31/2025,Active,50,M,12,67,1766048.006,1577667.539,0.058019099,0.010668638,0.122100581,0.008619415,flat,0.032068333,IALM_2012-14_Ultimate,None,0.076003362,0.044543181,0.094154476,0.479562051,0.456081379,0.064257866,9.87E-05,2904505.501,2844441.531,1.021116261,17.43100717,0,0,0.0065,baseline,0,0,0,0,477969.9559,812403.6454,IN,INR
M01476,P004,Hybrid,12/31/2025,Active,31,M,22,63,1217504.822,1112201.297,0.046269695,0.005459028,0.146060906,0.107556093,cash_balance,0.060204228,RP-2014,MP-2020,0.086566192,0.034974895,0.097153161,0.396585031,0.550843493,0.052517409,5.41E-05,4178930.84,4837858.277,0.863797697,14.37858806,0,0,0.0008,rate_down_100bps,-100,0,50,-580518.8695,592281.3116,1006698.205,IN,INR
M01477,P005,DB,12/31/2025,Active,31,M,6,63,1613199.283,1457914.265,0.051908628,0.080482536,0.07329823,0.013873511,final_average,0.077777985,RP-2010,MP-2021,0.062131019,0.031155938,0.08271465,0.433744336,0.433015317,0.074482116,0.058758232,1227156.398,1340895.899,0.915176487,11.04906314,0,0,0.0008,equity_down_20,0,-0.2,0,-106454.4274,183694.7913,312225.3109,IN,INR
M01478,P005,DB,12/31/2025,Active,47,M,27,66,1099478.591,964463.4241,0.067703109,0.080986063,0.082190146,0.012929744,final_average,0.042597073,RP-2014,MP-2021,0.050547,0.059601287,0.08104911,0.265951234,0.511680592,0.102971735,0.119396439,5562122.961,5058629.156,1.09953167,15.02427087,0,0,0.0056,baseline,0,0,0,0,573289.0067,974417.0594,IN,INR
M01479,P005,DB,12/31/2025,Active,45,F,8,60,675710.4553,628768.3258,0.036656778,0.012052184,0.080579576,0.012251638,final_average,0.164444444,RP-2014,MI-2012,0.051054214,0.051431021,0.093883343,0.383327753,0.294457407,0.236133114,0.086081727,818947.8677,702291.0154,1.166108991,11.39573403,0,0,0.005,baseline,0,0,0,0,112659.227,191486.4429,IN,INR
M01480,P003,DC,12/31/2025,Active,38,M,6,62,2199981.932,2027393.433,0.041694903,0.082509429,0.160619666,,account_balance,0.173333333,RP-2010,MP-2021,0.051867492,0.050398574,0.080475601,0.185704983,0.476959755,0.321203268,0.016131994,3730534.948,3730534.948,1,14.57113906,0,0,0.0029,baseline,0,0,0,0,372480.6049,633103.8123,IN,INR
M01481,P005,DB,12/31/2025,Active,45,M,16,61,825733.7164,769221.5355,0.036082389,0.078002606,0.125301596,0.013903757,career_average,0.049658658,IALM_2012-14_Ultimate,None,0.055139236,0.045084267,0.096001154,0.333848346,0.31092071,0.11749075,0.237740194,2652375.246,2532783.79,1.047217396,14.80111786,0,0,0.005,baseline,0,0,0,0,308849.8271,524950.8308,IN,INR
M01482,P001,DB,12/31/2025,Retired,60,M,8,66,1414073.263,1254519.953,0.061688636,0.052541207,0.1041274,0.014550489,final_average,0.043167083,IALM_2012-14_Ultimate,MP-2020,0.07283497,0.043049584,0.061377135,0.600036621,0.151827215,0.048944614,0.199191551,2121030.594,1789437.524,1.185305754,12.25381667,146031.0344,0,0.0095,rate_down_100bps,-100,0,50,-203172.8853,420478.7989,714686.153,IN,INR
M01483,P003,DC,12/31/2025,Active,51,F,10,60,1603816.793,1504492.191,0.03248181,0.045190337,0.159679934,,account_balance,0.155555556,RP-2014,MP-2021,0.08924346,0.053878937,0.07435158,0.390971602,0.45422726,0.139896193,0.014904945,4411649.631,4411649.631,1,15.66609717,0,0,0.0068,baseline,0,0,0,0,613174.768,1042210.73,IN,INR
M01484,P001,DB,12/31/2025,Active,33,M,11,66,987389.438,924836.1909,0.033265266,0.048106265,0.13065676,0.014364303,final_average,0.017090491,VBT-2015,MI-2012,0.066796694,0.054798228,0.093393346,0.252481736,0.329040657,0.263492586,0.15498502,1485237.99,1700406.581,0.873460505,11.636188,0,0,0.0014,equity_down_20,0,-0.2,0,-74999.09315,153394.6029,260724.2005,IN,INR
M01485,P002,DB,12/31/2025,Active,43,M,15,64,596628.3234,549564.4621,0.041939765,0.067695794,0.052450588,0.011592202,career_average,0.043240772,IALM_2012-14_Ultimate,MI-2012,0.07849666,0.031833036,0.068398025,0.339341246,0.488548708,0.087417097,0.084692949,708072.8857,872702.4552,0.811356587,9.132513913,0,0,0.0044,equity_down_20,0,-0.2,0,-48055.66702,86977.98525,147836.1379,IN,INR
M01486,P003,DC,12/31/2025,Active,36,M,10,60,725653.8799,657478.531,0.050567527,0.040467328,0.069325495,,account_balance,0.021576506,RP-2014,MP-2020,0.081687085,0.055782612,0.075958679,0.539381441,0.308014276,0.13656611,0.016038173,1040958.688,1040958.688,1,12.15585052,0,0,0.0023,equity_down_20,0,-0.2,0,-112294.7595,189505.4932,322101.7381,IN,INR
M01487,P003,DC,12/31/2025,Active,40,F,10,63,1335387.96,1219932.189,0.046250992,0.04764603,0.14395269,,account_balance,0.081444254,IAM-2012,MP-2021,0.082055881,0.05284651,0.060401704,0.14753364,0.816619676,0.025906247,0.009940438,3133865.678,3133865.678,1,16.76070129,0,0,0.0035,high_inflation,150,-0.05,300,572831.0391,295292.4664,501907.4384,IN,INR
M01488,P004,Hybrid,12/31/2025,Active,40,F,8,62,1251957.684,1175993.14,0.031792652,0.039865909,0.103973958,0.093172733,cash_balance,0.092226427,IAM-2012,MP-2020,0.06773185,0.044586383,0.072068725,0.521864397,0.360519102,0.09311845,0.02449805,972942.7002,1043957.463,0.931975425,14.19175603,0,0,0.0035,high_inflation,150,-0.05,300,170539.3043,171532.9454,291553.8696,IN,INR
M01489,P003,DC,12/31/2025,Active,39,F,14,64,1767892.143,1549064.793,0.068299662,0.067844183,0.156893039,,account_balance,0.051992071,VBT-2015,MP-2020,0.07199784,0.044289732,0.072745519,0.253843876,0.4384702,0.199359012,0.108326912,7968004.87,7968004.87,1,16.64434584,0,0,0.0032,baseline,0,0,0,0,812559.3353,1381103.891,IN,INR
M01490,P003,DC,12/31/2025,Active,31,M,8,65,1644065.016,1441063.566,0.068114781,0.083284098,0.138678124,,account_balance,0.164444444,RP-2014,MP-2020,0.063150157,0.055043906,0.089301832,0.304486213,0.513587547,0.099253428,0.082672811,3602841.23,3602841.23,1,10.15739839,0,0,0.0008,equity_down_20,0,-0.2,0,-219403.0967,410637.4709,697958.8867,IN,INR
M01491,P002,DB,12/31/2025,Active,43,M,22,64,641242.538,591528.242,0.041174253,0.08527752,0.126282475,0.020540769,final_average,0.053358013,IAM-2012,None,0.077514441,0.053806858,0.087093301,0.203575515,0.684425612,0.091227217,0.020771656,3028363.383,2870080.463,1.055149297,10.73690766,0,0,0.0044,rate_up_100bps,100,0,-50,204523.416,293198.5435,498348.4058,IN,INR
M01492,P003,DC,12/31/2025,Active,38,F,11,60,1885377.575,1680321.374,0.059261025,0.062094705,0.071285289,,account_balance,0.112413689,IALM_2012-14_Ultimate,MP-2021,0.065314699,0.034163905,0.077798297,0.606956659,0.144448484,0.227676871,0.020917986,3722476.319,3722476.319,1,10.48157751,0,0,0.0029,rate_down_100bps,-100,0,50,-363288.9377,763778.1775,1298190.75,IN,INR
M01493,P002,DB,12/31/2025,Active,20,M,3,65,620462.6332,559423.7849,0.053143016,0.03542523,0.138552418,0.017504702,final_average,0.11156064,RP-2014,MP-2021,0.062442543,0.046475863,0.089140126,0.67233943,0.251910186,0.007510547,0.068239837,436927.9639,471985.3614,0.925723549,16.06614271,0,0,0.0005,baseline,0,0,0,0,97260.34989,165313.0324,IN,INR
M01494,P001,DB,12/31/2025,Retired,65,M,13,66,1286785.258,1190852.214,0.039499068,0.054426002,0.099016613,0.013325777,career_average,0.020674746,VBT-2015,MP-2021,0.075092126,0.059080723,0.077133398,0.563023506,0.331409077,0.100942816,0.004624601,3132834.787,2993322.168,1.046607953,14.50974279,206297.3969,0,0.011,baseline,0,0,0,0,592585.544,1007215.308,IN,INR
M01495,P004,Hybrid,12/31/2025,Active,55,F,14,65,2927499.811,2704105.764,0.040486862,0.013322971,0.141428663,0.107495942,cash_balance,0.097684918,VBT-2015,MP-2021,0.063650217,0.052063855,0.077384431,0.515707122,0.180423853,0.101096755,0.20277227,5565907.261,5427564.608,1.0254889,12.02763177,0,0,0.008,high_inflation,150,-0.05,300,760375.6442,956196.5637,1625243.521,IN,INR
M01496,P004,Hybrid,12/31/2025,Active,40,M,22,66,1133270.49,1028602.948,0.049646127,0.00053593,0.147913189,0.101071892,cash_balance,0.102222222,IALM_2012-14_Ultimate,MP-2020,0.066319976,0.059189349,0.085822176,0.580827321,0.315658513,0.086972555,0.016541611,3675555.813,3662768.805,1.003491077,16.02584174,0,0,0.0035,baseline,0,0,0,0,714436.8822,1214325.546,IN,INR
M01497,P004,Hybrid,12/31/2025,Active,44,M,7,62,442213.5643,403580.2996,0.046769478,0.028058468,0.084467347,0.08784473,cash_balance,0.046316861,IAM-2012,MP-2021,0.078434946,0.053279924,0.088915324,0.370285698,0.523358465,0.041794286,0.064561551,309214.4213,295980.3856,1.044712543,12.91850685,0,0,0.0047,rate_down_100bps,-100,0,50,-30144.74714,40996.94414,69682.34397,IN,INR
M01498,P003,DC,12/31/2025,Active,32,F,6,66,850301.3304,783664.0272,0.041649173,0.097376438,0.128864306,,account_balance,0.083505728,IAM-2012,MP-2020,0.08413338,0.045739843,0.093876173,0.099678891,0.223144474,0.262275008,0.414901627,1392375.813,1392375.813,1,14.54042177,0,0,0.0011,equity_down_20,0,-0.2,0,-27758.09547,91172.20112,154965.03,IN,INR
M01499,P003,DC,12/31/2025,Retired,61,F,16,63,2619979.282,2321684.035,0.062300464,0.074498959,0.063816884,,account_balance,0.052254178,VBT-2015,MP-2021,0.067392065,0.04814708,0.090056101,0.182378264,0.722910517,0.034776153,0.059935066,10242024.91,10242024.91,1,16.69238499,682801.6607,0,0.0098,equity_down_20,0,-0.2,0,-373584.5448,957472.9493,1627412.989,IN,INR
M01500,P006,DC,12/31/2025,Retired,63,M,20,60,896995.7785,814751.921,0.049258517,0.041594573,0.125149962,,account_balance,0.025185361,RP-2010,MP-2021,0.070888,0.051282401,0.086812606,0.371661646,0.509510405,0.08657031,0.032257639,6246743.439,6246743.439,1,12.82723346,416449.5626,0,0.0104,rate_up_100bps,100,0,-50,642145.3257,832783.7445,1415479.24,IN,INR
M01501,P003,DC,12/31/2025,Active,46,M,6,66,1788964.136,1603667.418,0.056193922,0.091690429,0.156712848,,account_balance,0.081212601,VBT-2015,MI-2012,0.0798553,0.051864801,0.0824591,0.49732708,0.118955598,0.308384176,0.075333146,3031498.554,3031498.554,1,15.7705715,0,0,0.0053,rate_down_100bps,-100,0,50,-460053.9609,530441.7265,901589.7065,IN,INR
M01502,P003,DC,12/31/2025,Active,54,M,13,67,640189.4106,594665.6966,0.03757094,0.090553943,0.093134734,,account_balance,0.142222222,VBT-2015,None,0.058997934,0.052426764,0.072324345,0.215178192,0.509947959,0.249281646,0.025592204,2235726.64,2235726.64,1,14.09077321,0,0,0.0077,baseline,0,0,0,0,223199.6315,379371.5318,IN,INR
M01503,P001,DB,12/31/2025,Active,46,M,10,65,838982.5559,759042.8637,0.051340307,0.07405168,0.117060016,0.016630895,career_average,0.154503983,RP-2014,MI-2012,0.06660023,0.05790778,0.070443354,0.307471517,0.628285087,0.059376475,0.004866921,1852902.65,2167356.75,0.854913548,17.16913798,0,0,0.0053,rate_up_100bps,100,0,-50,313908.9158,220921.7085,375499.7549,IN,INR
M01504,P002,DB,12/31/2025,Active,31,M,7,62,893528.2319,821814.2542,0.042719042,0.007467293,0.039582483,0.01288982,final_average,0.168888889,IALM_2012-14_Ultimate,MP-2020,0.082458281,0.039274948,0.09373004,0.335514895,0.455923595,0.190642355,0.017919154,776438.522,971319.6602,0.799364569,13.09916511,0,0,0.0008,equity_down_20,0,-0.2,0,-52101.33791,97057.9203,164968.9636,IN,INR
M01505,P003,DC,12/31/2025,Active,40,M,10,62,2368841.031,2144291.162,0.051056544,0.113226316,0.069176776,,account_balance,0.093781702,RP-2014,MP-2020,0.085779323,0.054884176,0.08869377,0.340354134,0.571930121,0.085372478,0.002343268,5981975.623,5981975.623,1,11.68785214,0,0,0.0035,baseline,0,0,0,0,756886.4555,1286476.918,IN,INR
M01506,P003,DC,12/31/2025,Active,45,F,19,64,857972.2762,761818.8857,0.061233033,0.056406787,0.079192717,,account_balance,0.105353606,VBT-2015,None,0.075796182,0.047090451,0.086616475,0.443713891,0.452755311,0.04751378,0.056017018,4321038.612,4321038.612,1,11.42453866,0,0,0.005,baseline,0,0,0,0,660941.6464,1123399.905,IN,INR
M01507,P004,Hybrid,12/31/2025,Active,39,F,11,66,421489.8697,374589.599,0.060756528,0.04485691,0.126627873,0.089619745,cash_balance,0.061409499,RP-2014,MP-2021,0.065735815,0.05655989,0.070353496,0.286972051,0.396012875,0.037255383,0.279759691,402043.771,466373.4571,0.862064006,10.71739258,0,0,0.0032,baseline,0,0,0,0,41230.52868,70079.36667,IN,INR
M01508,P003,DC,12/31/2025,Active,42,F,10,62,2875945.553,2637783.898,0.044168827,0.076888255,0.11007671,,account_balance,0.074293,IAM-2012,MI-2012,0.074236909,0.048932812,0.098791904,0.147195353,0.445782086,0.241972013,0.165050548,7899083.403,7899083.403,1,12.20894196,0,0,0.0041,rate_down_100bps,-100,0,50,-788331.014,640263.404,1088253.178,IN,INR
M01509,P004,Hybrid,12/31/2025,Active,43,M,15,66,1090732.744,974843.6544,0.057771085,0.028692494,0.06295372,0.074867989,cash_balance,0.133333333,VBT-2015,MP-2020,0.05715368,0.058054462,0.063252521,0.348884124,0.571980802,0.0328775,0.046257575,1581393.802,1445483.126,1.094024394,12.90862246,0,0,0.0044,baseline,0,0,0,0,202547.5905,344269.3393,IN,INR
M01510,P005,DB,12/31/2025,Active,43,M,20,63,1321923.966,1159704.567,0.067651598,0.064788017,0.144331164,0.020412696,final_average,0.058247798,IAM-2012,MP-2020,0.051171833,0.042721006,0.093530126,0.346772988,0.226591198,0.423953454,0.00268236,5191989.552,4838672.854,1.07301934,10.21994432,0,0,0.0044,high_inflation,150,-0.05,300,563507.9858,743743.552,1264137.976,IN,INR
M01511,P005,DB,12/31/2025,Active,45,F,6,66,477783.9511,429244.3585,0.055026773,0.035852218,0.121807488,0.015388192,career_average,0.173333333,IAM-2012,None,0.05298461,0.032978784,0.068431208,0.09556085,0.658998436,0.244573381,0.000867333,530766.1675,619115.4323,0.857297589,15.62169581,0,0,0.005,equity_down_20,0,-0.2,0,-10144.09318,46118.34379,78387.16671,IN,INR
M01512,P004,Hybrid,12/31/2025,Active,33,M,13,67,1105705.388,1030322.621,0.035936405,0.055737156,0.148282329,0.097548804,cash_balance,0.014669603,IALM_2012-14_Ultimate,MP-2020,0.054326897,0.0493459,0.075690518,0.268733116,0.360559211,0.28545943,0.085248243,1592671.774,1643229.063,0.969232963,17.44111713,0,0,0.0014,baseline,0,0,0,0,176352.6824,299745.9575,IN,INR
M01513,P006,DC,12/31/2025,Active,37,M,8,63,993106.8302,888569.1592,0.057188345,0.045762954,0.110818513,,account_balance,0.164444444,IAM-2012,None,0.05902638,0.053237682,0.077115178,0.531274132,0.205465691,0.171391166,0.091869012,1498201.28,1498201.28,1,12.70685857,0,0,0.0026,high_inflation,150,-0.05,300,222676.5252,268464.322,456307.7472,IN,INR
M01514,P001,DB,12/31/2025,Active,31,M,11,63,637419.7881,595963.5341,0.034196175,0.016896926,0.107906356,0.01449226,final_average,0.085348239,RP-2014,MP-2021,0.068469028,0.050743026,0.08650805,0.251428717,0.471885425,0.259541855,0.017144003,1280709.229,1646140.91,0.778007048,17.3268059,0,0,0.0008,equity_down_20,0,-0.2,0,-64401.41566,138155.2453,234821.9245,IN,INR
M01515,P002,DB,12/31/2025,Active,54,F,16,66,1329854.666,1172733.249,0.064884416,0.007401999,0.103390641,0.013265379,career_average,0.106888136,RP-2014,MP-2020,0.059292336,0.051749444,0.081866494,0.727222668,0.197152524,0.065542908,0.0100819,3342016.429,3185525.691,1.049125561,12.79800351,0,0,0.0077,high_inflation,150,-0.05,300,440589.5065,803403.1744,1365541.201,IN,INR
M01516,P001,DB,12/31/2025,Active,23,F,9,64,456859.4965,413859.5228,0.05066642,0.02362315,0.112506809,0.010999274,career_average,0.095147227,RP-2010,MP-2021,0.073401272,0.030866418,0.067443359,0.339802863,0.581564023,0.070620891,0.008012223,533253.1689,449927.3541,1.185198375,10.98203705,0,0,0.0005,baseline,0,0,0,0,67425.03508,114602.0657,IN,INR
M01517,P004,Hybrid,12/31/2025,Active,56,M,10,65,635402.0637,581405.2542,0.045405629,0.005770047,0.034597988,0.06340661,cash_balance,0.09381315,IALM_2012-14_Ultimate,None,0.089931993,0.058947712,0.061200659,0.217854448,0.526687843,0.226809279,0.02864843,504218.4263,491222.3893,1.026456524,16.73197729,0,0,0.0083,high_inflation,150,-0.05,300,97877.0879,50027.74787,85031.96537,IN,INR
M01518,P006,DC,12/31/2025,Active,58,F,19,64,1698709.365,1594130.36,0.032280264,0.076291299,0.167891688,,account_balance,0.073049724,RP-2010,MP-2021,0.069927244,0.037925381,0.088688535,0.728833504,0.198290132,0.03092145,0.041954914,16579731.9,16579731.9,1,17.11389947,0,0,0.0089,baseline,0,0,0,0,3990111.49,6781976.733,IN,INR
M01519,P002,DB,12/31/2025,Active,41,M,14,62,710251.6076,650110.786,0.045231349,0.07957176,0.139120509,0.018509724,final_average,0.121730163,IAM-2012,None,0.080274214,0.042415862,0.080196919,0.428118526,0.38573149,0.184893086,0.001256899,2559535.451,2484603.407,1.030158553,14.74829175,0,0,0.0038,rate_up_100bps,100,0,-50,317071.8882,384957.4826,654310.7121,IN,INR
M01520,P006,DC,12/31/2025,Active,20,M,10,66,788579.8227,693787.9369,0.066128267,0.08313527,0.132506386,,account_balance,0.043862004,VBT-2015,MP-2020,0.061696062,0.042552682,0.074471434,0.279446863,0.454316307,0.086499356,0.179737474,2142563.833,2142563.833,1,17.30294673,0,0,0.0005,baseline,0,0,0,0,222286.3544,377819.2382,IN,INR
M01521,P001,DB,12/31/2025,Active,40,F,12,62,1025304.426,964874.615,0.03083932,0.038711106,0.145277241,0.017308462,final_average,0.028471001,RP-2014,MP-2020,0.088515189,0.057202667,0.071381572,0.273653609,0.372880051,0.152363341,0.201102999,2833942.521,2432591.828,1.164988917,12.13832143,0,0,0.0035,equity_down_20,0,-0.2,0,-155103.7197,288669.9654,490651.1996,IN,INR
M01522,P006,DC,12/31/2025,Active,43,F,11,67,832862.4079,756892.0386,0.048985926,0.076896198,0.105932599,,account_balance,0.143358077,VBT-2015,MP-2020,0.059964219,0.052313989,0.092921773,0.282905464,0.550570218,0.018046419,0.148477899,2481482.123,2481482.123,1,11.86854723,0,0,0.0044,baseline,0,0,0,0,267663.8648,454947.2134,IN,INR
M01523,P002,DB,12/31/2025,Active,34,M,3,62,1343648.466,1179658.566,0.067246324,0.022261291,0.149690877,0.012481495,final_average,0.068964012,RP-2010,MP-2020,0.07386524,0.048606193,0.091821251,0.418745307,0.570364168,0.00720767,0.003682854,723075.2887,737398.3609,0.980576208,16.6939061,0,0,0.0017,equity_down_20,0,-0.2,0,-60556.87681,107616.7111,182915.6986,IN,INR
M01524,P001,DB,12/31/2025,Active,39,M,12,65,1065750.858,974459.2858,0.04579364,0.011916027,0.113709709,0.019498302,final_average,0.021980063,RP-2010,MP-2020,0.089333228,0.033599171,0.093042013,0.190160287,0.769882069,0.012561164,0.02739648,2852534.246,2628316.643,1.085308444,11.52752175,0,0,0.0032,rate_down_100bps,-100,0,50,-193174.0243,280862.7588,477381.3214,IN,INR
M01525,P003,DC,12/31/2025,Active,59,F,4,63,499823.415,455845.6961,0.047127027,0.069323124,0.160438615,,account_balance,0.034264153,RP-2014,MI-2012,0.082329824,0.039702898,0.068764198,0.271729529,0.518782912,0.143741993,0.065745566,478541.2232,478541.2232,1,16.79600072,0,0,0.0092,baseline,0,0,0,0,51139.71946,86921.97909,IN,INR
M01526,P002,DB,12/31/2025,Deferred,51,F,20,63,707368.2485,637780.687,0.053142402,0.064619017,0.077623341,0.012081786,career_average,0.070840039,RP-2010,MP-2021,0.089681332,0.044753146,0.094078397,0.209203662,0.730672207,0.059334573,0.000789558,2009139.964,1717571.539,1.169756204,11.1450578,0,0,0.0068,rate_up_100bps,100,0,-50,118023.2042,201669.9412,342777.6022,IN,INR
M01527,P002,DB,12/31/2025,Active,35,F,4,63,673762.3041,612851.6336,0.048517493,0.059965443,0.138840975,0.021212152,final_average,0.073637023,VBT-2015,MP-2021,0.065189519,0.033447034,0.099421599,0.28091651,0.363656707,0.262497231,0.092929552,825822.4267,793224.2707,1.041095762,15.25442765,0,0,0.002,baseline,0,0,0,0,92393.89956,157041.546,IN,INR
M01528,P002,DB,12/31/2025,Active,28,M,8,65,799279.7187,743627.8993,0.036744068,0.071387305,0.095455548,0.011105382,career_average,0.019734416,RP-2010,MP-2020,0.05310526,0.047139231,0.083966108,0.182080914,0.70885169,0.093750372,0.015317024,1066841.578,1081204.056,0.986716219,16.36547033,0,0,0.0005,baseline,0,0,0,0,100226.4875,170354.5648,IN,INR
M01529,P005,DB,12/31/2025,Active,41,F,7,64,1035494.393,974647.6035,0.030742222,0.005675118,0.111712606,0.014063579,final_average,0.102649684,VBT-2015,None,0.059739626,0.036430227,0.061886842,0.520490974,0.430999722,0.030674515,0.017834789,1631247.963,1613181.212,1.011199455,16.81286172,0,0,0.0038,baseline,0,0,0,0,287997.4467,489508.1221,IN,INR
M01530,P003,DC,12/31/2025,Active,42,F,24,66,1130114.421,1016524.448,0.054392466,0.051335593,0.13497287,,account_balance,0.022845339,IAM-2012,MP-2020,0.08830454,0.054734678,0.088090615,0.358963489,0.613377965,0.022362342,0.005296204,12518215.57,12518215.57,1,17.68606017,0,0,0.0041,high_inflation,150,-0.05,300,2520409.772,1662238.289,2825299.852,IN,INR
M01531,P002,DB,12/31/2025,Active,49,M,20,63,339227.8656,298056.9392,0.066832263,0.023857052,0.105801684,0.020426191,final_average,0.003795519,IALM_2012-14_Ultimate,MI-2012,0.064823121,0.054868162,0.081524275,0.438119202,0.416725878,0.142086284,0.003068636,1562232.525,1425066.496,1.096252372,11.70357407,0,0,0.0062,equity_down_20,0,-0.2,0,-136888.8135,238234.674,404926.534,IN,INR
M01532,P004,Hybrid,12/31/2025,Active,39,F,2,65,1561686.253,1459953.065,0.034254565,0.075912126,0.135489479,0.117727553,cash_balance,0.040982812,RP-2014,MP-2021,0.054990945,0.047968375,0.088481892,0.248369289,0.527415902,0.191310442,0.032904367,307426.885,356242.8553,0.862969967,13.89754041,0,0,0.0032,baseline,0,0,0,0,31968.52559,54336.77662,IN,INR
M01533,P004,Hybrid,12/31/2025,Active,49,M,11,65,945160.0371,876484.2483,0.038438109,0.087273048,0.051393987,0.097471594,cash_balance,0.027305421,RP-2010,MP-2020,0.073724192,0.040785049,0.067529416,0.083464241,0.603720336,0.303469256,0.009346167,1136889.265,1219798.913,0.932030069,17.60836941,0,0,0.0062,baseline,0,0,0,0,101005.964,171679.438,IN,INR
M01534,P002,DB,12/31/2025,Retired,63,M,5,62,594705.0514,544788.1699,0.044809179,0.028133574,0.118527112,0.011040767,flat,0.058970292,RP-2014,None,0.070016945,0.031336655,0.084231953,0.556218363,0.128570691,0.106602686,0.20860826,211424.5072,273455.7893,0.773157912,9.092644413,30074.39606,0,0.0104,rate_down_100bps,-100,0,50,-23505.2128,39043.82253,66362.63088,IN,INR
M01535,P003,DC,12/31/2025,Active,52,M,12,63,1511395.843,1339193.193,0.062349689,0.093608544,0.111296177,,account_balance,0.045831849,RP-2010,MI-2012,0.052498763,0.048869656,0.081567774,0.034867536,0.832143831,0.132785954,0.000202679,5271071.116,5271071.116,1,14.53767825,0,0,0.0071,equity_down_20,0,-0.2,0,-36757.85255,458444.5126,779216.3265,IN,INR
M01536,P001,DB,12/31/2025,Active,44,M,16,64,381737.5563,352415.5103,0.040770413,0.025342796,0.141144362,0.011640674,career_average,0.041522797,IAM-2012,MP-2020,0.068117826,0.053537582,0.08409963,0.128971023,0.802476231,0.05823176,0.010320986,749574.533,679085.155,1.103800499,10.34596776,0,0,0.0047,rate_up_100bps,100,0,-50,40182.1439,67901.39829,115411.7384,IN,INR
M01537,P002,DB,12/31/2025,Active,42,M,12,63,484524.8901,426959.5876,0.065282176,0.010400849,0.147950054,0.021132761,final_average,0.137547832,VBT-2015,MP-2021,0.075314748,0.053711972,0.089109899,0.272541177,0.621508925,0.105729324,0.000220574,1630389.307,1403469.462,1.161684918,12.96219995,0,0,0.0041,rate_down_100bps,-100,0,50,-131255.4426,180366.6945,306568.5579,IN,INR
M01538,P004,Hybrid,12/31/2025,Active,40,F,16,63,2566670.619,2409039.093,0.032198315,0.032242217,0.072501608,0.075998583,cash_balance,0.093109721,RP-2014,MI-2012,0.059307519,0.044534084,0.081768671,0.519716901,0.435648788,0.035669035,0.008965277,3783440.147,3983091.515,0.949875275,9.756497956,0,0,0.0035,rate_down_100bps,-100,0,50,-306197.6865,667592.0491,1134703.568,IN,INR
M01539,P002,DB,12/31/2025,Active,56,M,9,65,1051615.056,922589.5551,0.067638265,0.053819858,0.042848862,0.020726648,final_average,0.082730428,IAM-2012,None,0.054977629,0.034212722,0.072872418,0.152174395,0.681047813,0.068949089,0.097828703,1787275.995,2069959.914,0.863435076,12.02767905,0,0,0.0083,baseline,0,0,0,0,151790.4476,257997.6241,IN,INR
M01540,P003,DC,12/31/2025,Active,38,M,13,62,706613.4145,637963.0647,0.052429883,0.111527802,0.130803117,,account_balance,0.140761948,IAM-2012,MP-2020,0.08459187,0.031944419,0.072360152,0.189613635,0.772125078,0.024180765,0.014080522,3164915.049,3164915.049,1,15.22470399,0,0,0.0029,rate_down_100bps,-100,0,50,-359663.434,312065.0403,530415.716,IN,INR
M01541,P004,Hybrid,12/31/2025,Active,44,F,16,65,1033874.809,926512.686,0.056351107,0.039937025,0.033580142,0.073343883,cash_balance,0.079718606,IALM_2012-14_Ultimate,MP-2020,0.075017924,0.031671903,0.087802138,0.455154634,0.262071312,0.021209103,0.261564952,1375491.249,1599137.029,0.860145956,16.30495043,0,0,0.0047,equity_down_20,0,-0.2,0,-125212.2431,209187.4904,355555.1508,IN,INR
M01542,P001,DB,12/31/2025,Active,45,M,8,67,907359.2581,831361.2586,0.044707581,0.022003992,0.087898354,0.015892916,final_average,0.084551091,IAM-2012,MP-2021,0.056210274,0.037484328,0.086554078,0.416163809,0.53803098,0.045550805,0.000254406,1118526.756,1485277.281,0.753076055,14.05154797,0,0,0.005,rate_down_100bps,-100,0,50,-178614.3474,164569.3062,279717.7994,IN,INR
M01543,P003,DC,12/31/2025,Active,39,M,6,64,1000588.584,888373.8588,0.061279771,0.087043817,0.143476993,,account_balance,0.12140661,IALM_2012-14_Ultimate,MP-2020,0.075164324,0.034244538,0.076880108,0.400822923,0.355147456,0.069772525,0.174257096,1534472.902,1534472.902,1,12.92587366,0,0,0.0032,rate_down_100bps,-100,0,50,-171095.8212,210488.7677,357766.9267,IN,INR
M01544,P002,DB,12/31/2025,Active,30,M,7,64,1227034.106,1141778.159,0.03666265,0.017303977,0.086800686,0.012499107,career_average,0.063796698,IAM-2012,MP-2020,0.079410236,0.035066012,0.074141561,0.280587071,0.222247767,0.132246376,0.364918787,1201480.574,1207058.162,0.995379189,12.08285183,0,0,0.0005,baseline,0,0,0,0,118456.6464,201340.2938,IN,INR
M01545,P006,DC,12/31/2025,Active,47,M,10,61,900665.1235,845747.2353,0.031956473,0.106419482,0.15428185,,account_balance,0.105005903,VBT-2015,MP-2021,0.073901121,0.050969784,0.084805113,0.534440478,0.309524313,0.154138082,0.001897127,3312397.553,3312397.553,1,17.16203066,0,0,0.0056,rate_down_100bps,-100,0,50,-517211.3047,599677.6425,1019269.719,IN,INR
M01546,P003,DC,12/31/2025,Active,43,M,11,66,1155000.048,1056008.84,0.045820678,0.058516254,0.086356559,,account_balance,0.024148414,IAM-2012,None,0.054646272,0.035385217,0.072486428,0.156103323,0.688444251,0.089247747,0.06620468,2472874.405,2472874.405,1,10.77801573,0,0,0.0044,equity_down_20,0,-0.2,0,-77204.78239,215102.1731,365608.3136,IN,INR
M01547,P005,DB,12/31/2025,Active,49,F,13,63,917024.0557,809798.1906,0.064147829,0.006102771,0.031917099,0.012301289,final_average,0.040050814,VBT-2015,MP-2020,0.05498979,0.050770052,0.098530583,0.368517361,0.594952096,0.008102627,0.028427916,1766648.158,1962855.456,0.900039864,15.15714971,0,0,0.0062,high_inflation,150,-0.05,300,334887.0573,238010.8321,404546.0709,IN,INR
M01548,P003,DC,12/31/2025,Active,39,M,7,64,680518.121,605433.5617,0.060197073,0.103366744,0.074649561,,account_balance,0.071116784,RP-2010,MP-2020,0.051805795,0.040548285,0.083859021,0.359711688,0.439396776,0.110332537,0.090559,1000067.014,1000067.014,1,10.26716198,0,0,0.0032,rate_down_100bps,-100,0,50,-80707.18913,127926.3933,217435.9852,IN,INR
M01549,P001,DB,12/31/2025,Active,56,F,16,68,598552.3065,542195.6392,0.050686239,0.052268639,0.09721115,0.014962702,career_average,0.066760402,IAM-2012,MP-2021,0.059360161,0.053243356,0.083677705,0.580927649,0.36700482,0.050571207,0.001496325,2627225.246,2219226.753,1.183847141,17.09683199,0,0,0.0083,baseline,0,0,0,0,511740.2491,869802.8794,IN,INR
M01550,P004,Hybrid,12/31/2025,Active,35,M,28,64,1782601.347,1608021.801,0.05288551,0.054427189,0.05797896,0.063456595,cash_balance,0.075555556,IAM-2012,MP-2021,0.052385963,0.034771628,0.065453335,0.330631988,0.612853381,0.015884593,0.040630037,4851588.576,4601440.711,1.054362944,11.56829414,0,0,0.002,equity_down_20,0,-0.2,0,-320818.0754,604052.7788,1026706.121,IN,INR
M01551,P006,DC,12/31/2025,Retired,61,M,7,65,1317614.4,1229542.098,0.035195713,0.042355401,0.072134647,,account_balance,0.086813405,RP-2010,MP-2021,0.08221214,0.030700972,0.084385917,0.216445744,0.669814011,0.094310387,0.019429857,1308436.709,1308436.709,1,12.34179164,87229.11396,0,0.0098,equity_down_20,0,-0.2,0,-56641.11146,129451.0425,220027.4255,IN,INR
M01552,P004,Hybrid,12/31/2025,Active,27,F,36,63,1570144.216,1387907.826,0.06362726,0.069025536,0.136104871,0.065076136,cash_balance,0.023122057,IALM_2012-14_Ultimate,MP-2020,0.050616221,0.032676588,0.071797005,0.201629043,0.440944235,0.321735372,0.03569135,5661313.411,5880498.017,0.962726863,10.64844476,0,0,0.0005,rate_up_100bps,100,0,-50,501365.4074,575354.6247,977927.9822,IN,INR
M01553,P005,DB,12/31/2025,Active,48,F,30,61,986279.3221,875341.6959,0.061478387,0.047145634,0.063278652,0.019494891,final_average,0.030550198,VBT-2015,MP-2021,0.073240678,0.058984436,0.078073176,0.407634153,0.312003917,0.07939508,0.20096685,7480016.904,8911338.527,0.839381972,17.40697285,0,0,0.0059,rate_up_100bps,100,0,-50,1434504.549,1036213.438,1761247.886,IN,INR
M01554,P006,DC,12/31/2025,Active,49,M,11,66,1089851.422,976847.123,0.056258816,0.089622961,0.120453052,,account_balance,0.068481177,RP-2010,MP-2021,0.082393336,0.046138503,0.081527976,0.416715896,0.143785013,0.423128566,0.016370526,3473788.878,3473788.878,1,16.98944265,0,0,0.0062,baseline,0,0,0,0,559854.4736,951582.4366,IN,INR
M01555,P002,DB,12/31/2025,Active,36,M,10,60,908668.8644,826316.6018,0.048647641,0.02651384,0.109501096,0.015560228,final_average,0.081673368,RP-2010,MI-2012,0.08579452,0.048210923,0.079118064,0.517153617,0.397275276,0.066881767,0.018689341,1572299.745,1704848.784,0.922251733,13.25938618,0,0,0.0023,equity_down_20,0,-0.2,0,-162624.0999,275312.9253,467948.2913,IN,INR
M01556,P002,DB,12/31/2025,Active,48,M,7,65,1657582.592,1451651.671,0.068578371,0.092565121,0.034058453,0.017112329,career_average,0.056439353,RP-2014,MP-2021,0.066378202,0.059010174,0.09237573,0.133279932,0.716600539,0.132908126,0.017211402,1261070.38,1612139.716,0.782233926,9.27113893,0,0,0.0059,high_inflation,150,-0.05,300,148015.5219,110036.4049,187028.4427,IN,INR
M01557,P004,Hybrid,12/31/2025,Active,57,M,17,60,843081.8154,743085.8324,0.065161279,0.029098952,0.075017987,0.053046083,cash_balance,0.0617588,RP-2010,MI-2012,0.074836972,0.053280179,0.063978533,0.176281099,0.67180491,0.137913349,0.014000643,1014399.572,1008670.396,1.005679928,17.14082962,0,0,0.0086,rate_down_100bps,-100,0,50,-138820.5434,93530.9064,158974.112,IN,INR
M01558,P003,DC,12/31/2025,Active,22,M,11,66,632342.1241,567293.15,0.05577722,0.041155368,0.084203707,,account_balance,0.087188486,IALM_2012-14_Ultimate,MP-2021,0.088046686,0.033379571,0.066693155,0.225221539,0.633803242,0.11845464,0.02252058,1115766.452,1115766.452,1,17.66359409,0,0,0.0005,baseline,0,0,0,0,111301.2512,189178.2968,IN,INR
M01559,P005,DB,12/31/2025,Active,49,F,12,62,1244911.272,1140281.776,0.04487204,0.03503414,0.117803903,0.019715762,final_average,0.032855874,IALM_2012-14_Ultimate,None,0.076864418,0.042653178,0.066279601,0.139190785,0.445629287,0.344830076,0.070349851,2959830.228,2597929.916,1.139303339,9.629870454,0,0,0.0062,baseline,0,0,0,0,275541.2369,468336.3516,IN,INR
M01560,P006,DC,12/31/2025,Active,20,M,6,64,919457.2699,826525.8758,0.054720891,0.079448708,0.06998889,,account_balance,0.074583774,IALM_2012-14_Ultimate,MP-2021,0.086043695,0.05464179,0.092673335,0.472894877,0.280386867,0.197788269,0.048929988,966804.3962,966804.3962,1,14.47848046,0,0,0.0005,baseline,0,0,0,0,157374.8011,267489.3276,IN,INR
M01561,P002,DB,12/31/2025,Active,34,F,18,64,1101808.576,993653.2509,0.053017637,0.018593439,0.147927613,0.01225396,final_average,0.12,VBT-2015,MP-2021,0.07737168,0.049949807,0.064728971,0.38165762,0.48171289,0.055698933,0.080930557,3649375.161,3857951.36,0.945936022,17.60244289,0,0,0.0017,rate_up_100bps,100,0,-50,591196.1322,491648.9031,835653.6979,IN,INR
M01562,P002,DB,12/31/2025,Retired,60,M,9,64,1355941.482,1239849.169,0.04576968,0.018950198,0.112144769,0.012803799,final_average,0.094251526,VBT-2015,None,0.052719891,0.03647232,0.098857697,0.217827157,0.671374101,0.084849816,0.025948926,2107639.313,2181458.527,0.966160615,15.26851272,142873.0202,0,0.0095,equity_down_20,0,-0.2,0,-91820.21602,208726.694,354771.937,IN,INR
M01563,P005,DB,12/31/2025,Active,38,M,5,63,758724.6276,698435.3954,0.042266959,0.069364951,0.074737641,0.020390069,final_average,0.049211045,IAM-2012,MP-2021,0.05787532,0.054171226,0.098766612,0.212193519,0.632190567,0.134458525,0.021157389,1138815.846,971659.2051,1.172032169,13.64580117,0,0,0.0029,baseline,0,0,0,0,110832.5017,188381.5653,IN,INR
M01564,P002,DB,12/31/2025,Active,32,M,10,64,892235.1313,815047.864,0.046280432,0.040658541,0.041643005,0.016329145,final_average,0.068963264,RP-2010,MP-2021,0.087618041,0.046765045,0.099672662,0.290949713,0.674175953,0.021565551,0.013308783,1429596.905,1607530.559,0.889312429,12.07849129,0,0,0.0011,equity_down_20,0,-0.2,0,-83188.16184,166771.4446,283460.7655,IN,INR
M01565,P005,DB,12/31/2025,Active,42,M,6,63,856247.7431,772286.8076,0.052956456,0.078196756,0.051764131,0.02265743,final_average,0.041526111,IALM_2012-14_Ultimate,MP-2020,0.083770757,0.053649525,0.099187566,0.240342299,0.605572262,0.114902079,0.03918336,1308350.48,1644152.654,0.795759735,15.66035557,0,0,0.0041,baseline,0,0,0,0,133039.386,226126.5187,IN,INR
M01566,P003,DC,12/31/2025,Retired,65,F,22,63,1756890.338,1602312.685,0.047125394,0.062939175,0.121984719,,account_balance,0.009912349,RP-2010,MP-2021,0.066908871,0.048793951,0.065960789,0.208059881,0.407506652,0.213090141,0.171343326,13161837.01,13161837.01,1,17.88903242,877455.801,0,0.011,high_inflation,150,-0.05,300,2992600.214,1183151.838,2010998.504,IN,INR
M01567,P004,Hybrid,12/31/2025,Active,26,M,29,63,990974.1998,915255.4021,0.04054298,0.019204977,0.089363443,0.063626158,cash_balance,0.056759888,IAM-2012,MP-2021,0.056445026,0.043886215,0.086296694,0.630636322,0.235639765,0.12814168,0.005582233,2490214.619,2871415.64,0.867242828,14.75304082,0,0,0.0005,baseline,0,0,0,0,523706.1226,890141.2273,IN,INR
M01568,P001,DB,12/31/2025,Active,33,M,10,64,1056391.841,939407.5326,0.060438533,0.056291692,0.122126252,0.022178162,final_average,0.029911933,IAM-2012,MP-2021,0.056286817,0.051855335,0.075987614,0.28939523,0.680958969,0.023636992,0.006008808,3091550.701,2821540.264,1.095696113,13.542744,0,0,0.0014,equity_down_20,0,-0.2,0,-178936.0052,360589.2374,612892.102,IN,INR
M01569,P004,Hybrid,12/31/2025,Active,59,F,19,62,585137.3453,529466.6515,0.0512587,0.074290885,0.117141195,0.108070474,cash_balance,0.099800855,IALM_2012-14_Ultimate,None,0.08619448,0.055969406,0.089272931,0.522643122,0.367499013,0.000148725,0.10970914,1660213.219,1835329.365,0.904585984,10.51087848,0,0.02,0.0092,equity_down_20,0,-0.2,0,-173539.804,291770.7828,495921.6466,IN,INR
M01570,P003,DC,12/31/2025,Retired,63,M,19,68,1367996.154,1282716.346,0.032707007,0.118232004,0.124600872,,account_balance,0.11409196,RP-2010,MP-2021,0.056648315,0.043966959,0.076236718,0.303361895,0.420642685,0.269204558,0.006790862,11893669.25,11893669.25,1,16.75107598,792911.2834,0,0.0104,rate_up_100bps,100,0,-50,1742168.325,1432628.069,2435032.269,IN,INR
M01571,P004,Hybrid,12/31/2025,Active,43,M,1,64,1193795.55,1093753.894,0.04473266,0.060001651,0.101394794,0.096659627,cash_balance,0.122746551,IAM-2012,MP-2021,0.065451199,0.030893632,0.075329545,0.35851979,0.474401318,0.080650728,0.086428164,118749.42,107979.8151,1.099737204,12.45420683,0,0,0.0044,baseline,0,0,0,0,15189.17267,25816.97677,IN,INR
M01572,P001,DB,12/31/2025,Active,32,M,7,62,676131.4141,595673.8729,0.065396538,0.073961089,0.032474616,0.022699605,final_average,0.032655856,RP-2014,MP-2021,0.086032172,0.047796746,0.096158045,0.300825535,0.281359569,0.089029623,0.328785273,1783714.236,1507259.566,1.183415436,15.92440257,0,0,0.0011,rate_down_100bps,-100,0,50,-214928.8276,186265.161,316594.1582,IN,INR
M01573,P005,DB,12/31/2025,Retired,65,F,11,64,2339264.343,2081114.379,0.060209461,0.005678074,0.077825688,0.015635753,career_average,0.064981087,VBT-2015,MP-2021,0.051337315,0.032710096,0.079781869,0.24942011,0.64971185,0.008824915,0.092043126,4924485.998,4341815.335,1.13419978,12.13008684,357937.696,0,0.011,baseline,0,0,0,0,512980.6081,871911.1125,IN,INR
M01574,P006,DC,12/31/2025,Retired,60,F,8,66,1145941.915,1053543.305,0.042929871,0.057843917,0.139450641,,account_balance,0.107608067,RP-2010,MP-2021,0.075229646,0.03973572,0.089590328,0.193392932,0.725385387,0.079186268,0.002035413,2343745.46,2343745.46,1,10.08759281,156249.6973,0,0.0095,rate_down_100bps,-100,0,50,-151421.5632,227458.8326,386610.879,IN,INR
M01575,P002,DB,12/31/2025,Active,51,F,7,60,743686.8497,652577.5073,0.067527326,0.027265526,0.077941031,0.012562443,final_average,0.027598868,IALM_2012-14_Ultimate,MP-2020,0.064023824,0.046493457,0.085996686,0.217728375,0.594235937,0.086629664,0.101406024,841795.5066,861833.4962,0.976749581,15.01824238,0,0,0.0068,baseline,0,0,0,0,79264.7849,134726.0417,IN,INR
M01576,P001,DB,12/31/2025,Active,36,M,20,65,983346.1547,921407.7712,0.033064116,0.057187225,0.130271549,0.017558358,career_average,0.077124455,IAM-2012,MI-2012,0.054311332,0.040358179,0.086308339,0.122258543,0.586213541,0.289467514,0.002060402,4404382.057,4501205.201,0.978489507,13.91115007,0,0,0.0023,baseline,0,0,0,0,399578.9937,679162.8367,IN,INR
M01577,P001,DB,12/31/2025,Active,44,F,8,64,834128.0367,730675.9444,0.068449388,0.024230499,0.147138635,0.016651805,career_average,0.164444444,IAM-2012,MP-2021,0.072700956,0.038427941,0.073964705,0.268167442,0.597837175,0.129403825,0.004591558,1178956.667,1008113.173,1.169468565,10.35698123,0,0,0.0047,rate_up_100bps,100,0,-50,69168.886,128707.8789,218764.2732,IN,INR
M01578,P004,Hybrid,12/31/2025,Active,42,M,13,62,1972366.645,1824166.45,0.039828204,0.083881757,0.102865512,0.08814876,cash_balance,0.080250244,IAM-2012,MP-2020,0.069396047,0.03060334,0.070097934,0.324362694,0.555164114,0.098697848,0.021775344,2584156.988,2795703.94,0.924331418,16.46552971,0,0,0.0041,baseline,0,0,0,0,314061.0268,533808.2862,IN,INR
M01579,P004,Hybrid,12/31/2025,Active,47,M,19,66,1498434.34,1411420.954,0.030363767,0.048055935,0.047400489,0.07132103,cash_balance,0.061302897,VBT-2015,MP-2020,0.053968062,0.038078105,0.095417261,0.317569209,0.57510801,0.100937203,0.006385578,2592519.577,2668097.05,0.971673642,11.72298357,0,0,0.0056,equity_down_20,0,-0.2,0,-164660.8785,312559.39,531255.9601,IN,INR
M01580,P003,DC,12/31/2025,Deferred,59,F,23,63,1207805.692,1101061.234,0.047352321,0.069754356,0.097586033,,account_balance,0.065075806,RP-2010,MP-2021,0.060688451,0.041543951,0.060983595,0.286996286,0.585383939,0.120613352,0.007006423,8371239.661,8371239.661,1,12.98585794,0,0,0.0092,baseline,0,0,0,0,947858.9062,1611072.038,IN,INR
M01581,P002,DB,12/31/2025,Active,53,M,5,63,2132020.477,1954753.035,0.044358817,0.079408204,0.031138003,0.015695767,career_average,0.176057687,IAM-2012,MP-2021,0.079614247,0.038707611,0.066917023,0.128729887,0.326298796,0.422148533,0.122822784,1924214.72,2066457.152,0.931166039,13.47044555,0,0,0.0074,baseline,0,0,0,0,190285.6136,323427.7055,IN,INR
M01582,P003,DC,12/31/2025,Active,33,M,5,66,617106.0519,558070.093,0.05156356,0.083588285,0.075098096,,account_balance,0.177777778,VBT-2015,MP-2021,0.08023401,0.048852561,0.06531149,0.273962238,0.530994581,0.170193707,0.024849475,518668.5755,518668.5755,1,11.21738368,0,0,0.0014,rate_up_100bps,100,0,-50,44410.53399,56816.48238,96570.7506,IN,INR
M01583,P004,Hybrid,12/31/2025,Active,58,M,12,65,1396045.14,1238100.818,0.061870914,0.07320621,0.12858822,0.097275058,cash_balance,0.046565558,RP-2014,None,0.073947309,0.049974322,0.097975485,0.212645237,0.634539123,0.126106072,0.026709568,1806482.487,1922519.051,0.939643478,13.51845924,0,0,0.0089,baseline,0,0,0,0,175486.6,298273.8806,IN,INR
M01584,P003,DC,12/31/2025,Active,47,M,2,66,1259547.011,1113213.139,0.063697232,0.095610484,0.124912349,,account_balance,0.074334526,RP-2010,None,0.054419487,0.053397102,0.060201055,0.11335662,0.723769088,0.152680699,0.010193593,520535.2137,520535.2137,1,9.609976181,0,0,0.0056,equity_down_20,0,-0.2,0,-11801.22251,44785.29605,76121.39074,IN,INR
M01585,P006,DC,12/31/2025,Active,51,F,6,64,887617.5074,811188.222,0.0460492,0.079339748,0.068730183,,account_balance,0.064812188,IALM_2012-14_Ultimate,MP-2021,0.084123672,0.035577151,0.060320892,0.182501892,0.589716795,0.097336708,0.130444606,859115.8206,859115.8206,1,10.68292437,0,0,0.0068,baseline,0,0,0,0,73737.94969,125332.1017,IN,INR
M01586,P001,DB,12/31/2025,Deferred,59,M,21,65,889402.9667,811044.0164,0.04719383,0.061857792,0.125988471,0.010570253,flat,0.057540174,RP-2010,MI-2012,0.056908159,0.048567811,0.06906913,0.513423345,0.219218104,0.214375997,0.052982554,2379792.83,2066999.5,1.15132724,11.48130517,0,0,0.0092,baseline,0,0,0,0,417600.5493,709794.0035,IN,INR
M01587,P004,Hybrid,12/31/2025,Active,33,M,15,66,1491704.878,1390031.088,0.035927109,0.060944976,0.132121509,0.052776028,cash_balance,0.014146057,IAM-2012,MI-2012,0.078837535,0.042901788,0.071163498,0.396715758,0.426411761,0.056583359,0.120289123,1658189.304,1608172.802,1.031101448,12.23386757,0,0,0.0014,equity_down_20,0,-0.2,0,-131565.9652,228176.2017,387830.1885,IN,INR
M01588,P003,DC,12/31/2025,Active,44,M,10,61,1443310.355,1355448.12,0.031901904,0.111338837,0.175694992,,account_balance,0.069421024,IALM_2012-14_Ultimate,MP-2021,0.05170337,0.039686493,0.082392986,0.05459155,0.726074502,0.150811317,0.06852263,5780172.912,5780172.912,1,11.23963385,0,0,0.0047,equity_down_20,0,-0.2,0,-63109.72015,460450.9613,782626.6795,IN,INR
M01589,P003,DC,12/31/2025,Active,39,F,14,65,519168.0565,465874.7915,0.0556486,0.056373516,0.159500818,,account_balance,0.047076634,RP-2010,MP-2020,0.063273194,0.04448324,0.098449171,0.206736091,0.56971922,0.219012234,0.004532455,2716802.168,2716802.168,1,13.23680392,0,0,0.0032,rate_up_100bps,100,0,-50,282227.0553,266983.7954,453791.302,IN,INR
M01590,P004,Hybrid,12/31/2025,Active,28,F,16,64,2229725.98,2091251.064,0.032577505,0.023958762,0.10849128,0.113591105,cash_balance,0.120389005,IALM_2012-14_Ultimate,MP-2021,0.069134464,0.044438835,0.0786017,0.502469079,0.403574988,0.054596405,0.039359528,5896379.608,5428871.606,1.086115133,14.93261943,0,0,0.0005,equity_down_20,0,-0.2,0,-592549.6863,1004660.58,1707617.619,IN,INR
M01591,P004,Hybrid,12/31/2025,Active,47,M,4,61,1646630.134,1467285.039,0.059353205,0.051319355,0.064767067,0.061234938,cash_balance,0.031037201,RP-2010,MP-2021,0.051118562,0.049181114,0.07155118,0.206861924,0.437102656,0.346912847,0.009122573,333404.8398,384098.5839,0.868018925,12.10732543,0,0,0.0056,high_inflation,150,-0.05,300,55377.74935,35256.96315,59926.12095,IN,INR
M01592,P006,DC,12/31/2025,Retired,69,F,8,64,867445.2058,784460.2775,0.051563606,0.115279914,0.160025004,,account_balance,0.133265935,RP-2014,None,0.056862145,0.046776551,0.092680013,0.274134576,0.660885931,0.04403507,0.020944423,2462900.749,2462900.749,1,9.336689441,164193.3833,0,0.0122,baseline,0,0,0,0,274973.1843,467370.8348,IN,INR
M01593,P001,DB,12/31/2025,Active,26,F,23,61,689648.7656,640148.4341,0.037943319,0.044724071,0.144021887,0.016985636,career_average,0.097777778,RP-2014,MP-2020,0.06275641,0.048938233,0.075431285,0.24051914,0.49956893,0.258136897,0.001775033,4126806.052,3677203.545,1.122267506,14.70372413,0,0,0.0005,rate_down_100bps,-100,0,50,-437604.6608,438480.5823,745283.7132,IN,INR
M01594,P001,DB,12/31/2025,Active,44,M,12,65,1622860.15,1467559.448,0.051580918,0.063389139,0.098932918,0.022795398,final_average,0.064308398,RP-2014,MP-2021,0.089300294,0.05941483,0.065669874,0.182179013,0.38748275,0.380475144,0.049863093,6096374.612,6791718.529,0.897618855,16.9182543,0,0,0.0047,rate_down_100bps,-100,0,50,-1030928.212,630514.5746,1071683.131,IN,INR
M01595,P005,DB,12/31/2025,Active,50,M,13,64,1231052.988,1144066.635,0.037319909,0.045252472,0.131185005,0.022325353,final_average,0.043406219,RP-2010,MP-2021,0.081179034,0.054313954,0.091783168,0.374488196,0.560532183,0.054859612,0.010120009,3414120.606,3360580.832,1.015931702,10.12095136,0,0,0.0065,baseline,0,0,0,0,462584.677,786253.3477,IN,INR
M01596,P003,DC,12/31/2025,Active,45,M,10,67,1359168.028,1238579.968,0.047549488,0.051639309,0.081405365,,account_balance,0.155555556,IALM_2012-14_Ultimate,None,0.083627859,0.038761746,0.060096576,0.395039738,0.498927803,0.091153559,0.014878899,2206219.41,2206219.41,1,10.66589529,0,0,0.005,baseline,0,0,0,0,309189.8439,525528.756,IN,INR
M01597,P002,DB,12/31/2025,Active,43,F,3,62,1272997.042,1128736.958,0.061982413,0.08222623,0.07992444,0.020518159,final_average,0.082668242,RP-2014,MP-2020,0.076700676,0.046004597,0.068204594,0.344694119,0.316179999,0.267100963,0.07202492,686725.1638,643826.6803,1.066630484,9.266518118,0,0,0.0044,rate_down_100bps,-100,0,50,-48803.87791,88520.52814,150457.9919,IN,INR
M01598,P001,DB,12/31/2025,Active,31,M,7,64,1700692.959,1547064.023,0.048476772,0.01804767,0.052076611,0.013931407,career_average,0.168888889,VBT-2015,MP-2021,0.06169578,0.03688083,0.085405325,0.171847067,0.653210672,0.068649476,0.106292785,1346279.231,1654514.808,0.813700322,10.96653332,0,0,0.0008,baseline,0,0,0,0,116900.4016,198695.1507,IN,INR
M01599,P001,DB,12/31/2025,Active,46,M,14,62,1447243.696,1348546.036,0.035947973,0.069537853,0.092412317,0.017385469,career_average,0.046815449,VBT-2015,MP-2021,0.078377916,0.045566638,0.064098496,0.071151313,0.538237093,0.278027456,0.112584139,4159829.519,3827550.875,1.086812339,11.66113275,0,0,0.0053,equity_down_20,0,-0.2,0,-59195.46652,332413.3915,565001.728,IN,INR
M01600,P006,DC,12/31/2025,Active,36,M,8,64,774331.4206,690515.4361,0.058953147,0.075533502,0.157935314,,account_balance,0.041671612,RP-2014,MP-2020,0.076949639,0.051362471,0.07023273,0.638118396,0.14320701,0.211951083,0.006723511,1692018.761,1692018.761,1,13.10370055,0,0,0.0023,rate_up_100bps,100,0,-50,209601.6243,362998.2246,616986.648,IN,INR
M01601,P002,DB,12/31/2025,Active,22,F,5,65,754185.4004,700690.791,0.037470737,0.044711141,0.055537587,0.017690368,career_average,0.022528189,RP-2014,MP-2020,0.074398047,0.031973125,0.075732174,0.2639086,0.510421275,0.162595418,0.063074707,856387.2335,948049.2057,0.903315174,15.29669444,0,0,0.0005,high_inflation,150,-0.05,300,173446.0177,90258.47999,153411.9818,IN,INR
M01602,P002,DB,12/31/2025,Active,56,M,6,65,1155655.238,1029418.438,0.059541995,0.032323358,0.110736203,0.01886778,final_average,0.038208288,IAM-2012,MP-2021,0.06193286,0.034122731,0.075856746,0.56425781,0.415325421,0.014321675,0.006095094,1315531.47,1502865.241,0.875348923,12.89603058,0,0,0.0083,baseline,0,0,0,0,250127.1681,425140.1593,IN,INR
M01603,P002,DB,12/31/2025,Deferred,54,F,23,66,2759019.368,2506453.397,0.049174092,0.001354432,0.044134835,0.024812822,final_average,0.062495817,VBT-2015,MP-2021,0.060528575,0.030219319,0.098912119,0.102143846,0.391569732,0.420060238,0.086226184,16906593.83,17570891.92,0.962193263,12.28372776,0,0,0.0077,rate_up_100bps,100,0,-50,1827355.007,1647911.712,2800949.026,IN,INR
M01604,P002,DB,12/31/2025,Active,45,F,8,66,920429.9735,837807.3165,0.04814967,0.079710502,0.037402974,0.016662065,final_average,0.027335776,VBT-2015,None,0.063451969,0.04136003,0.087021828,0.527191776,0.295288931,0.059350869,0.118168424,1865485.448,1692323.29,1.10232215,15.15375845,0,0,0.005,equity_down_20,0,-0.2,0,-196693.7173,328844.5012,558935.6993,IN,INR
M01605,P001,DB,12/31/2025,Active,46,M,20,61,1159390.4,1023999.126,0.064057402,0.032793866,0.076188596,0.017024652,final_average,0.111111111,RP-2014,MP-2021,0.062495882,0.053019458,0.061480857,0.341183197,0.487784042,0.064451986,0.106580774,4821439.644,5161792.131,0.934063116,14.8044637,0,0,0.0053,rate_down_100bps,-100,0,50,-646584.5766,592129.2317,1006439.715,IN,INR
M01606,P003,DC,12/31/2025,Active,55,M,13,63,1472640.624,1314749.326,0.058344141,0.102668112,0.14467039,,account_balance,0.00205423,IAM-2012,MP-2021,0.053113305,0.043485476,0.06885401,0.460027024,0.432715353,0.04021305,0.067044574,6516997.807,6516997.807,1,12.81567091,0,0,0.008,high_inflation,150,-0.05,300,891395.357,1026189.721,1744210.615,IN,INR
M01607,P001,DB,12/31/2025,Active,46,M,9,65,815335.8124,766571.4558,0.031316432,0.033600616,0.068368873,0.010576265,flat,0.033506277,IALM_2012-14_Ultimate,MP-2020,0.082091119,0.047123489,0.084657242,0.311048962,0.460862223,0.105629835,0.122458981,874999.7253,879090.0977,0.995347038,12.04774886,0,0,0.0053,baseline,0,0,0,0,99690.03152,169442.7527,IN,INR
M01608,P005,DB,12/31/2025,Active,53,F,6,64,1409672.339,1298704.394,0.041846973,0.049873933,0.060953597,0.010963372,flat,0.132408634,IAM-2012,MP-2021,0.064770283,0.04769612,0.088536913,0.368433255,0.552887353,0.054079629,0.024599763,909550.8966,1060924.857,0.857318867,12.41877941,0,0,0.0074,rate_down_100bps,-100,0,50,-106609.9584,121297.9955,206169.7236,IN,INR
M01609,P002,DB,12/31/2025,Active,41,M,16,62,990822.1982,873835.3368,0.064836826,0.070249957,0.070653161,0.014174001,career_average,0.128782121,IAM-2012,MP-2020,0.078265473,0.032686216,0.07522385,0.256684091,0.323827632,0.419306357,0.000181919,2237526.976,2505477.825,0.893053993,12.64295305,0,0,0.0038,baseline,0,0,0,0,274078.8017,465850.6563,IN,INR
M01610,P003,DC,12/31/2025,Active,57,M,19,64,1727962.326,1626454.314,0.030733047,0.091556189,0.074836412,,account_balance,0.04227607,VBT-2015,MP-2020,0.061196978,0.035233715,0.094262868,0.166617899,0.662673403,0.168107932,0.002600766,12099997.33,12099997.33,1,9.807798001,0,0,0.0086,high_inflation,150,-0.05,300,1077935.157,1107931.388,1883146.602,IN,INR
M01611,P006,DC,12/31/2025,Active,47,M,16,63,643666.1945,581816.4493,0.051810138,0.054459225,0.111667669,,account_balance,0.05584357,RP-2014,MP-2021,0.074080653,0.057456427,0.09773712,0.136969038,0.445752357,0.214816494,0.202462111,3260864.262,3260864.262,1,10.63609608,0,0,0.0056,high_inflation,150,-0.05,300,388895.7672,247815.839,421211.6023,IN,INR
M01612,P004,Hybrid,12/31/2025,Active,46,M,4,63,2789155.091,2486497.6,0.059113027,0.066310204,0.138552405,0.071794699,cash_balance,0.102358853,RP-2014,MP-2021,0.051386944,0.043761331,0.084562492,0.303905531,0.438980036,0.072340621,0.184773813,828574.9095,763408.8458,1.085361945,14.90805921,0,0,0.0053,baseline,0,0,0,0,91095.77242,154835.1244,IN,INR
M01613,P003,DC,12/31/2025,Active,31,F,8,66,855446.551,768761.2829,0.054874243,0.111049092,0.156830418,,account_balance,0.026519077,RP-2014,MP-2021,0.054241534,0.042558378,0.082495586,0.445072937,0.379559503,0.105917593,0.069449967,2262171.486,2262171.486,1,17.3817487,0,0,0.0008,baseline,0,0,0,0,345182.0688,586704.5984,IN,INR
M01614,P002,DB,12/31/2025,Active,47,F,8,63,1245016.591,1107180.08,0.060421288,0.029691733,0.112134133,0.017516954,final_average,0.100143191,IAM-2012,MP-2020,0.064581188,0.052529595,0.090032218,0.111668799,0.362168053,0.510708638,0.015454509,1761982.814,1514311.345,1.163553862,9.759966692,0,0,0.0056,baseline,0,0,0,0,199275.7878,338708.269,IN,INR
M01615,P002,DB,12/31/2025,Active,36,F,2,60,986774.2396,879838.9527,0.059027674,0.009662147,0.047014141,0.015765303,final_average,0.15403311,IAM-2012,None,0.060749471,0.031355796,0.091281752,0.536393842,0.387839104,0.063045255,0.0127218,321695.3218,279876.7904,1.149417647,10.0886108,0,0,0.0023,equity_down_20,0,-0.2,0,-34511.07791,58228.79437,98971.25171,IN,INR
M01616,P004,Hybrid,12/31/2025,Active,38,M,14,61,605982.6313,541689.7076,0.057681228,0.089466572,0.072468795,0.063051774,cash_balance,0.137777778,RP-2010,MP-2020,0.064136127,0.05522344,0.068617399,0.237806917,0.676638454,0.020162724,0.065391904,605295.3808,639091.1563,0.947119006,9.887575881,0,0,0.0029,high_inflation,150,-0.05,300,56871.30331,62314.23787,105915.2639,IN,INR
M01617,P006,DC,12/31/2025,Active,36,M,15,66,1432547.713,1268106.319,0.062861594,0.045922503,0.103436278,,account_balance,0.066218068,IALM_2012-14_Ultimate,MP-2020,0.087227686,0.05011306,0.079342794,0.284567625,0.623608389,0.071314435,0.020509551,5037014.01,5037014.01,1,11.29773933,0,0,0.0023,high_inflation,150,-0.05,300,546350.1993,568801.9775,966790.4736,IN,INR
M01618,P004,Hybrid,12/31/2025,Active,33,F,15,67,874195.6354,784192.331,0.055827627,0.064811041,0.142443527,0.073520039,cash_balance,0.12960876,RP-2010,MP-2021,0.052956031,0.034347719,0.077897306,0.203852894,0.344026942,0.402290713,0.049829451,959670.5689,1119362.52,0.8573367,16.1331973,0,0,0.0014,baseline,0,0,0,0,104942.5273,178370.3989,IN,INR
M01619,P003,DC,12/31/2025,Retired,65,M,13,65,1247402.457,1139889.88,0.04609674,0.072645456,0.150831167,,account_balance,0.062891252,IALM_2012-14_Ultimate,None,0.068509233,0.031947728,0.097658672,0.60603894,0.199040132,0.19427101,0.000649918,6068423.51,6068423.51,1,16.52307001,404561.5673,0,0.011,baseline,0,0,0,0,1237894.291,2104044.035,IN,INR
M01620,P005,DB,12/31/2025,Active,57,F,9,63,685353.8856,622968.7781,0.048876364,0.081787306,0.112855913,0.013092465,career_average,0.068430355,RP-2010,MP-2020,0.057930265,0.030086655,0.064470638,0.178864524,0.710979071,0.101902183,0.008254222,1454261.462,1249824.814,1.163572243,17.0262466,0,0,0.0086,rate_up_100bps,100,0,-50,161100.7817,136358.96,231768.7855,IN,INR
M01621,P003,DC,12/31/2025,Retired,63,M,6,67,875966.003,781568.1731,0.058668991,0.065956052,0.061727853,,account_balance,0.067452582,RP-2010,MP-2020,0.064233541,0.038824584,0.097738819,0.366415349,0.537947559,0.093417121,0.002219972,792047.7038,792047.7038,1,16.05607898,52803.18025,0,0.0104,high_inflation,150,-0.05,300,144290.7759,105350.1994,179063.3176,IN,INR
M01622,P001,DB,12/31/2025,Active,32,M,9,65,862420.068,760286.0685,0.065052241,0.084788442,0.046923609,0.017895825,career_average,0.123929735,RP-2010,MP-2021,0.077081395,0.039744002,0.082903782,0.258465089,0.568790572,0.139516727,0.033227612,1495776.582,1607777.22,0.930338211,13.12969374,0,0,0.0011,baseline,0,0,0,0,157883.4175,268353.8208,IN,INR
M01623,P003,DC,12/31/2025,Active,45,F,13,66,1261455.453,1164295.684,0.040888752,0.102631741,0.085571782,,account_balance,0.069725257,RP-2010,MP-2021,0.088917565,0.035304214,0.071522118,0.478012143,0.400736132,0.117588445,0.00366328,4463153.241,4463153.241,1,14.11547108,0,0,0.005,baseline,0,0,0,0,731137.5819,1242711.659,IN,INR
M01624,P006,DC,12/31/2025,Active,31,F,21,65,1130906.097,1038219.703,0.043683072,0.100716532,0.102192056,,account_balance,0.024636725,IAM-2012,MI-2012,0.077789108,0.038612706,0.094773739,0.254695779,0.53003778,0.20719296,0.008073481,11447611.61,11447611.61,1,15.16347784,0,0,0.0008,rate_down_100bps,-100,0,50,-1432472.717,1223943.85,2080332.526,IN,INR
M01625,P001,DB,12/31/2025,Active,37,F,11,63,909393.1954,798428.4357,0.067229576,0.085608935,0.035371003,0.01801431,final_average,0.041512684,IALM_2012-14_Ultimate,MP-2020,0.085393777,0.046861134,0.062016995,0.409037172,0.366073551,0.209071306,0.015817971,1974864.693,1776583.891,1.111607902,11.22895683,0,0,0.0026,rate_down_100bps,-100,0,50,-163344.5517,286993.2519,487801.2962,IN,INR
M01626,P004,Hybrid,12/31/2025,Active,35,M,11,64,833613.4791,751609.2611,0.053140472,0.001094737,0.066053245,0.061487711,cash_balance,0.008871547,RP-2010,MP-2020,0.055890347,0.033385779,0.072757607,0.397847559,0.208536216,0.393198168,0.000418057,607466.5185,620548.1303,0.978919263,13.90608967,0,0,0.002,rate_down_100bps,-100,0,50,-79960.04099,93282.73757,158552.3004,IN,INR
M01627,P002,DB,12/31/2025,Active,56,M,3,62,1134507.914,1054671.696,0.037158473,0.088572721,0.070276047,0.021448822,final_average,0.093849275,RP-2010,MP-2021,0.057255665,0.036034172,0.090101465,0.149602291,0.421892154,0.393694893,0.034810662,1065819.423,925169.1449,1.152026555,13.63261445,0,0,0.0083,rate_down_100bps,-100,0,50,-103641.6999,107623.9341,182927.9755,IN,INR
M01628,P003,DC,12/31/2025,Active,40,M,13,63,1076226.951,964107.7166,0.056547806,0.072608656,0.083050438,,account_balance,0.119905662,RP-2014,MP-2021,0.085070739,0.046859712,0.09310767,0.448834356,0.461305831,0.089568391,0.000291422,3479785.943,3479785.943,1,15.90079088,0,0,0.0035,rate_down_100bps,-100,0,50,-473051.2085,541227.7478,919922.6643,IN,INR
M01629,P001,DB,12/31/2025,Deferred,55,M,22,65,1043421.203,911994.2762,0.069630486,0.085119397,0.104397289,0.014366703,final_average,0.010297064,IAM-2012,None,0.074300894,0.051134189,0.066699915,0.197272695,0.460370399,0.339651381,0.002705525,2569917.846,3201909.293,0.80262044,11.10803216,0,0,0.008,equity_down_20,0,-0.2,0,-101394.9239,266731.6223,453362.6844,IN,INR
M01630,P003,DC,12/31/2025,Active,50,F,10,66,2388564.585,2114077.994,0.062938143,0.080693971,0.10413795,,account_balance,0.071096111,VBT-2015,MI-2012,0.081684775,0.057938123,0.097670776,0.038380009,0.547826384,0.121741853,0.292051754,6226707.874,6226707.874,1,17.28118071,0,0,0.0065,equity_down_20,0,-0.2,0,-47796.22051,377918.9558,642347.3559,IN,INR
M01631,P005,DB,12/31/2025,Retired,67,M,10,65,1262205.762,1123719.796,0.059829645,0.061006834,0.105496153,0.022642443,final_average,0.155555556,RP-2014,None,0.058914392,0.045316622,0.062148901,0.5442819,0.421898952,0.033784477,3.47E-05,3567723.916,3175835.617,1.123396909,12.48178491,254437.6177,0,0.0116,equity_down_20,0,-0.2,0,-388369.5103,656345.8227,1115588.401,IN,INR
M01632,P002,DB,12/31/2025,Active,29,F,8,64,2340359.423,2170793.736,0.038321866,0.003806823,0.030808868,0.017660635,career_average,0.073082632,VBT-2015,MP-2020,0.063943799,0.033396727,0.077342195,0.544669108,0.437509266,0.017351312,0.000470314,4702914.338,4124159.197,1.140332881,13.44684996,0,0,0.0005,baseline,0,0,0,0,867017.5114,1473666.238,IN,INR
M01633,P004,Hybrid,12/31/2025,Active,57,M,16,61,954289.4609,841286.1312,0.065045591,0.07711817,0.147845808,0.11331783,cash_balance,0.009980712,RP-2010,MI-2012,0.053241381,0.047745847,0.063897897,0.219211492,0.632901084,0.099168365,0.048719059,1855607.654,2011457.391,0.922518997,12.01540528,0,0,0.0086,baseline,0,0,0,0,180742.3009,307206.9746,IN,INR
M01634,P005,DB,12/31/2025,Active,55,F,3,61,963390.424,872109.0961,0.051031554,0.011170612,0.050461963,0.012553186,final_average,0.109624815,IALM_2012-14_Ultimate,None,0.085823418,0.0598609,0.06390791,0.565653497,0.341692497,0.011864975,0.080789031,340082.427,329742.1619,1.031358638,10.03987819,0,0,0.008,equity_down_20,0,-0.2,0,-38473.76281,64326.69757,109335.8337,IN,INR
M01635,P006,DC,12/31/2025,Active,34,M,20,63,784311.0626,690753.4553,0.065571601,0.054759233,0.07044079,,account_balance,0.039074779,VBT-2015,None,0.088254217,0.056491936,0.096555945,0.388906098,0.466468288,0.094206265,0.050419349,4347758.464,4347758.464,1,10.59830666,0,0,0.0017,high_inflation,150,-0.05,300,454532.8146,596728.239,1014256.63,IN,INR
M01636,P002,DB,12/31/2025,Active,54,M,9,64,1127889.017,1036422.768,0.043193113,0.0817446,0.115894116,0.018787033,final_average,0.042171956,VBT-2015,None,0.084298554,0.053404879,0.096158602,0.231873849,0.593826779,0.101063846,0.073235527,2431960.776,3138989.577,0.774759112,17.91233553,0,0,0.0077,rate_up_100bps,100,0,-50,490058.1736,238955.4369,406151.6119,IN,INR
M01637,P003,DC,12/31/2025,Active,47,F,13,64,850391.0236,797725.8286,0.032482042,0.111076069,0.107295702,,account_balance,0.075824119,VBT-2015,MP-2020,0.067487213,0.052037882,0.084610334,0.254221409,0.623499435,0.096243212,0.026035944,3839483.45,3839483.45,1,12.14825951,0,0,0.0056,baseline,0,0,0,0,405309.7421,688903.3671,IN,INR
M01638,P001,DB,12/31/2025,Active,42,M,17,60,797573.3197,724748.4865,0.049039039,0.00060427,0.043405474,0.013743394,final_average,0.029927925,IALM_2012-14_Ultimate,MP-2020,0.063645388,0.052666667,0.098651549,0.305213201,0.606062541,0.025260053,0.063464206,1514772.995,1700014.144,0.891035525,10.03973579,0,0,0.0041,baseline,0,0,0,0,177218.0316,301216.7881,IN,INR
M01639,P006,DC,12/31/2025,Active,36,F,6,68,418681.0218,386504.1214,0.040793504,0.086941631,0.07405046,,account_balance,0.158049464,RP-2014,MP-2021,0.068504031,0.032721259,0.079642131,0.178274956,0.657486832,0.163835501,0.000402711,469839.3573,469839.3573,1,13.00714876,0,0,0.0023,high_inflation,150,-0.05,300,64312.53741,43816.85801,74475.34043,IN,INR
M01640,P006,DC,12/31/2025,Active,37,F,11,63,1904310.048,1699285.511,0.058609172,0.107239165,0.127069174,,account_balance,0.084592374,IAM-2012,None,0.0755047,0.045605372,0.09131422,0.246210328,0.622053511,0.021384506,0.110351654,7082242.017,7082242.017,1,10.23531984,0,0,0.0026,rate_up_100bps,100,0,-50,504613.447,720587.5941,1224779.886,IN,INR
M01641,P003,DC,12/31/2025,Retired,64,F,9,66,828631.555,726085.5715,0.068284262,0.054685688,0.096056471,,account_balance,0.131982715,IALM_2012-14_Ultimate,MP-2020,0.067260294,0.050687397,0.063890775,0.348029073,0.57612773,0.009313046,0.066530151,1301672.54,1301672.54,1,14.53406122,86778.16932,0,0.0107,baseline,0,0,0,0,166434.3897,282887.8746,IN,INR
M01642,P005,DB,12/31/2025,Active,44,M,5,64,1912146.793,1709410.407,0.057638966,0.096894849,0.110879931,0.01260919,final_average,0.123508539,RP-2014,MP-2021,0.066864811,0.032181667,0.0758247,0.116290629,0.636950328,0.244659586,0.002099458,911572.0107,993338.4316,0.917685234,9.217087441,0,0,0.0047,baseline,0,0,0,0,80241.86523,136386.7813,IN,INR
M01643,P003,DC,12/31/2025,Active,52,M,19,62,942874.6296,830549.4606,0.065477357,0.080508925,0.108708098,,account_balance,0.010741705,RP-2010,MP-2021,0.067241564,0.057442731,0.080603677,0.277039028,0.262380252,0.317285884,0.143294837,6236063.033,6236063.033,1,14.04456696,0,0,0.0071,baseline,0,0,0,0,708460.9023,1204168.196,IN,INR
M01644,P004,Hybrid,12/31/2025,Active,36,M,9,66,1315941.849,1197881.578,0.048120961,0.022437243,0.094534991,0.109560195,cash_balance,0.045647901,RP-2014,MP-2021,0.079783087,0.03383063,0.091125983,0.256822894,0.440631334,0.129184498,0.173361274,1299236.344,1487026.656,0.873714226,15.18076163,0,0,0.0023,baseline,0,0,0,0,127888.6965,217371.9122,IN,INR
M01645,P001,DB,12/31/2025,Active,36,M,5,65,1018085.574,904614.4595,0.060865629,0.035523303,0.035680415,0.008809795,flat,0.058955008,VBT-2015,MP-2020,0.081471635,0.032645874,0.073379256,0.402472072,0.584781703,0.002784346,0.009961878,366256.9006,387573.6947,0.944999379,9.726463328,0,0,0.0023,equity_down_20,0,-0.2,0,-29481.63475,52904.76187,89922.01471,IN,INR
M01646,P005,DB,12/31/2025,Active,55,M,11,64,1186614.949,1048705.986,0.063721737,0.097665056,0.133349876,0.013168218,final_average,0.056706978,RP-2014,MP-2021,0.084821533,0.033703295,0.099213454,0.340366419,0.63663876,0.019294566,0.003700255,1634619.083,1569379.371,1.04157039,10.33128914,0,0,0.008,high_inflation,150,-0.05,300,137337.5686,209986.835,356913.7937,IN,INR
M01647,P001,DB,12/31/2025,Active,31,M,4,64,625266.8055,558132.0571,0.058435025,0.022405241,0.050468586,0.01766967,career_average,0.105558184,RP-2014,MP-2020,0.059719491,0.042697072,0.089393203,0.12898249,0.554776032,0.050938283,0.265303196,656597.6876,630044.0776,1.042145639,15.97149388,0,0,0.0008,baseline,0,0,0,0,46051.63954,78273.78976,IN,INR
M01648,P005,DB,12/31/2025,Active,40,M,8,61,1676229.627,1519489.17,0.050311091,0.056152907,0.07321828,0.01594659,final_average,0.050278769,RP-2010,None,0.05630019,0.046295273,0.081318716,0.583437656,0.234856785,0.050251373,0.131454185,2383503.767,2478998.059,0.961478674,12.78853417,0,0,0.0035,baseline,0,0,0,0,461474.8073,784366.9064,IN,INR
M01649,P005,DB,12/31/2025,Active,44,M,13,65,834778.6318,749959.6227,0.055034644,0.040045381,0.038628197,0.018532029,final_average,0.043840176,RP-2010,MI-2012,0.063805117,0.032842169,0.073230597,0.344097306,0.550288481,0.006985315,0.098628898,1430700.52,1776070.652,0.805542571,9.830056989,0,0,0.0047,rate_up_100bps,100,0,-50,135223.8565,179668.5392,305381.9061,IN,INR
M01650,P004,Hybrid,12/31/2025,Active,45,M,4,67,1493382.868,1334084.015,0.05802028,0.07683153,0.046415176,0.097772269,cash_balance,0.113331577,RP-2014,MP-2021,0.06681792,0.053579537,0.085681946,0.539700211,0.446728099,0.013407616,0.000164074,494626.6235,568738.463,0.869690826,16.76149849,0,0,0.005,rate_up_100bps,100,0,-50,84280.90831,90503.36587,153828.2134,IN,INR
M01651,P001,DB,12/31/2025,Active,42,M,15,61,510271.5571,471662.8242,0.040123376,0.086738927,0.109895929,0.024363021,final_average,0.041916278,IALM_2012-14_Ultimate,MP-2020,0.078074706,0.036004828,0.086922521,0.076125812,0.672641095,0.115033284,0.136199809,3018133.161,2694507.167,1.12010582,15.63238726,0,0,0.0041,baseline,0,0,0,0,224957.5282,382359.4218,IN,INR
M01652,P002,DB,12/31/2025,Active,48,M,11,62,701145.6254,621220.6221,0.06238317,0.034083727,0.11311044,0.022381872,final_average,0.151111111,RP-2010,None,0.080317217,0.046813932,0.087167281,0.25371251,0.630510177,0.104269952,0.01150736,1636958.668,1634005.614,1.001807248,10.68362397,0,0,0.0059,equity_down_20,0,-0.2,0,-83063.37861,173732.9914,295293.2791,IN,INR
M01653,P002,DB,12/31/2025,Active,51,F,17,66,1163917.403,1020396.825,0.068012982,0.066039636,0.111235858,0.01690812,final_average,0.124444444,VBT-2015,MI-2012,0.089366115,0.04473369,0.08344797,0.2984741,0.607176037,0.024834057,0.069515806,3867290.615,3556280.448,1.08745378,12.12502553,0,0,0.0068,high_inflation,150,-0.05,300,412976.0999,445319.494,756907.7843,IN,INR
M01654,P003,DC,12/31/2025,Active,51,M,17,63,914712.5592,831872.9567,0.048609573,0.059134916,0.099974684,,account_balance,0.062722804,IALM_2012-14_Ultimate,MP-2021,0.065128905,0.057169067,0.076019368,0.393522133,0.339188756,0.26569951,0.0015896,4194431.073,4194431.073,1,14.11160541,0,0,0.0068,baseline,0,0,0,0,602508.4423,1024081.219,IN,INR
M01655,P001,DB,12/31/2025,Active,34,M,8,65,1209343.811,1080297.588,0.058042687,0.027844449,0.1443026,0.017435017,career_average,0.121963507,RP-2014,MP-2021,0.066100793,0.056799105,0.092666206,0.397435501,0.403276777,0.109634256,0.089653466,1059645.564,1385398.376,0.764867046,9.194305049,0,0,0.0017,equity_down_20,0,-0.2,0,-84228.15308,146645.373,249252.561,IN,INR
M01656,P006,DC,12/31/2025,Active,41,M,8,64,1081016.787,963043.8513,0.059481036,0.108748598,0.093544203,,account_balance,0.126840092,VBT-2015,MP-2020,0.071683199,0.037152363,0.070330955,0.496550198,0.295320546,0.199407178,0.008722078,2045449.783,2045449.783,1,13.40846538,0,0,0.0038,rate_down_100bps,-100,0,50,-244060.2586,348850.8857,592940.472,IN,INR
M01657,P003,DC,12/31/2025,Active,56,F,14,64,2241317.817,2008041.772,0.056489902,0.070964433,0.09991635,,account_balance,0.060417887,VBT-2015,MP-2021,0.082813419,0.046152753,0.085015468,0.295009694,0.568177626,0.13135478,0.0054579,8504435.88,8504435.88,1,12.06536575,0,0,0.0083,baseline,0,0,0,0,978472.3877,1663105.651,IN,INR
M01658,P002,DB,12/31/2025,Active,53,M,5,63,1255639.059,1134824.281,0.051884604,0.015400287,0.059705468,0.016206885,career_average,0.087688498,IALM_2012-14_Ultimate,None,0.07643736,0.059562004,0.078866872,0.477135241,0.301480387,0.117014888,0.104369484,1512091.509,1593899.537,0.948674288,17.33256274,0,0,0.0074,rate_down_100bps,-100,0,50,-253470.3405,244116.6701,414924.1395,IN,INR
M01659,P003,DC,12/31/2025,Active,30,M,5,63,810408.5447,714147.543,0.065265918,0.067211362,0.06556418,,account_balance,0.041846989,RP-2014,MP-2021,0.072906377,0.039955417,0.095713509,0.26053357,0.308991951,0.334768336,0.095706143,595824.7967,595824.7967,1,11.03288325,0,0,0.0005,rate_down_100bps,-100,0,50,-56531.40087,67005.07371,113888.259,IN,INR
M01660,P003,DC,12/31/2025,Active,48,F,7,60,824921.6063,751148.313,0.047957068,0.05576127,0.169723096,,account_balance,0.023234832,VBT-2015,MP-2021,0.075924879,0.032210078,0.083622196,0.309543744,0.437863062,0.236341919,0.016251276,1570409.065,1570409.065,1,12.58665672,0,0,0.0059,rate_up_100bps,100,0,-50,163280.7921,188552.0345,320481.148,IN,INR
M01661,P004,Hybrid,12/31/2025,Active,24,F,4,65,1692737.304,1588021.786,0.032444118,0.009457449,0.067786822,0.102554547,cash_balance,0.182222222,RP-2010,MP-2021,0.068578016,0.051540973,0.094226837,0.664647098,0.163754362,0.164265574,0.007332966,765721.3028,711671.6756,1.075947419,10.46051515,0,0,0.0005,baseline,0,0,0,0,169722.2184,288476.1839,IN,INR
M01662,P003,DC,12/31/2025,Active,44,M,5,65,494966.9581,437391.8889,0.063782255,0.08874851,0.093512807,,account_balance,0.077528808,RP-2010,MP-2021,0.080362143,0.045095814,0.098132654,0.531556508,0.353706273,0.078624632,0.036112587,503700.3455,503700.3455,1,10.15505004,0,0,0.0047,rate_up_100bps,100,0,-50,42242.92355,90166.22998,153255.1848,IN,INR
M01663,P006,DC,12/31/2025,Retired,63,M,5,65,1266335.362,1133527.984,0.056959251,0.069371453,0.073114493,,account_balance,0.060690692,IALM_2012-14_Ultimate,MP-2020,0.053011828,0.058188987,0.065080965,0.49585614,0.423919674,0.076155032,0.004069154,945433.173,945433.173,1,11.5182014,63028.8782,0,0.0104,rate_down_100bps,-100,0,50,-88857.51081,159859.9383,271713.3054,IN,INR
M01664,P003,DC,12/31/2025,Active,35,M,9,65,595942.1273,526435.3446,0.063970345,0.093831504,0.090800739,,account_balance,0.059625804,RP-2010,MP-2020,0.070360959,0.047255994,0.082207698,0.14185881,0.799213579,0.057609167,0.001318444,1248225.012,1248225.012,1,16.34642653,0,0,0.002,rate_up_100bps,100,0,-50,154160.2656,115283.4791,195946.8738,IN,INR
M01665,P006,DC,12/31/2025,Active,36,M,8,62,1621970.606,1512542.649,0.035541898,0.05895487,0.160520858,,account_balance,0.07413144,IAM-2012,MP-2021,0.082263106,0.045344893,0.095359031,0.446099079,0.279293939,0.271151227,0.003455755,3823050.982,3823050.982,1,12.39887787,0,0,0.0023,equity_down_20,0,-0.2,0,-341091.9047,606472.4424,1030818.814,IN,INR
M01666,P005,DB,12/31/2025,Active,52,F,18,60,810571.8105,762219.9637,0.031230118,0.07218098,0.068688421,0.021840096,final_average,0.025736774,RP-2014,MP-2021,0.062100763,0.057445406,0.094882948,0.468058013,0.385350755,0.135375512,0.01121572,3419378.389,3199765.909,1.068633921,10.67851462,0,0,0.0071,rate_up_100bps,100,0,-50,275804.4684,550020.6818,934867.9795,IN,INR
M01667,P002,DB,12/31/2025,Active,29,M,9,66,1247692.247,1095149.574,0.067374982,0.095300416,0.131079313,0.014267203,career_average,0.08728518,VBT-2015,MI-2012,0.083736642,0.041411505,0.067836373,0.331611121,0.601825317,0.062420516,0.004143045,1409091.738,1287010.978,1.094856036,9.152241605,0,0,0.0005,high_inflation,150,-0.05,300,89719.97557,175899.7689,298976.1422,IN,INR
M01668,P006,DC,12/31/2025,Active,38,F,10,64,1001227.17,933016.4545,0.035909132,0.07646947,0.164611024,,account_balance,0.03434283,VBT-2015,MP-2021,0.08131329,0.04792339,0.07925468,0.27062799,0.513121631,0.166869428,0.049380951,3293601.69,3293601.69,1,13.93414586,0,0,0.0029,equity_down_20,0,-0.2,0,-178268.1613,354397.5027,602368.035,IN,INR
M01669,P001,DB,12/31/2025,Deferred,50,M,26,63,527543.6563,467405.3195,0.062386093,0.017944866,0.149528855,0.02187637,final_average,0.013497095,IALM_2012-14_Ultimate,MP-2020,0.073226766,0.055371172,0.068923861,0.300643006,0.635495545,0.057498971,0.006362477,3441200.412,3577169.591,0.961989731,13.45542013,0,0,0.0065,rate_up_100bps,100,0,-50,371979.8207,404930.9075,688259.4634,IN,INR
M01670,P005,DB,12/31/2025,Active,38,F,2,61,1313418.686,1162505.913,0.062928398,0.093552129,0.071126416,0.012697564,career_average,0.176023071,IALM_2012-14_Ultimate,MP-2021,0.060085943,0.047927603,0.095872707,0.656148707,0.29432337,0.028197974,0.021329949,349084.4903,321659.3097,1.085261579,10.89558529,0,0,0.0029,rate_up_100bps,100,0,-50,29909.47824,76062.06777,129282.396,IN,INR
M01671,P003,DC,12/31/2025,Active,42,M,12,61,711841.2397,635515.2656,0.058348208,0.059097095,0.161715924,,account_balance,0.146666667,VBT-2015,MP-2021,0.084442969,0.038933875,0.060129174,0.247972748,0.580980584,0.096031543,0.075015125,2390477.307,2390477.307,1,12.26950309,0,0,0.0041,rate_down_100bps,-100,0,50,-223858.642,242664.2114,412455.4013,IN,INR
M01672,P006,DC,12/31/2025,Active,51,M,9,63,1412444.878,1317894.422,0.035250488,0.106875643,0.134357962,,account_balance,0.088701218,RP-2010,MP-2021,0.051198755,0.046749665,0.068735999,0.49091418,0.43672126,0.003141865,0.069222695,3859027.81,3859027.81,1,11.59550737,0,0,0.0068,high_inflation,150,-0.05,300,450089.2459,645108.9232,1096489.088,IN,INR
M01673,P006,DC,12/31/2025,Active,48,M,13,66,627249.7601,561746.5608,0.056695945,0.09774742,0.120172483,,account_balance,0.061075013,IALM_2012-14_Ultimate,MP-2020,0.073700529,0.042960772,0.076361359,0.351691092,0.426257704,0.113793739,0.108257465,2567487.346,2567487.346,1,15.40556934,0,0,0.0059,rate_down_100bps,-100,0,50,-340815.4802,321354.0323,546204.179,IN,INR
M01674,P005,DB,12/31/2025,Active,47,M,7,67,1097921.637,966969.3365,0.065563463,0.028054702,0.114581108,0.016513672,career_average,0.031477758,IAM-2012,None,0.081302587,0.059541411,0.068845464,0.345977462,0.370902361,0.281535258,0.001584919,1448047.561,1375850.891,1.052474197,12.3088356,0,0,0.0056,baseline,0,0,0,0,190929.5035,324522.1227,IN,INR
M01675,P005,DB,12/31/2025,Active,41,M,9,66,1002070.613,914086.5541,0.047021266,0.089504429,0.118934483,0.02132036,final_average,0.16,IALM_2012-14_Ultimate,MP-2021,0.069416115,0.031528278,0.098943253,0.148091429,0.557830742,0.275458185,0.018619643,1879631.71,2320047.588,0.810169463,13.22734057,0,0,0.0038,baseline,0,0,0,0,171880.9455,292145.364,IN,INR
M01676,P002,DB,12/31/2025,Active,48,F,21,67,750756.9807,685467.9523,0.046540674,0.033223887,0.05486066,0.013209638,final_average,0.009310837,RP-2010,None,0.054114245,0.053039052,0.069761064,0.26377219,0.560957482,0.044853928,0.1304164,2693013.405,3404528.627,0.791009182,17.90439328,0,0,0.0059,high_inflation,150,-0.05,300,765523.2383,278299.1795,473024.0158,IN,INR
M01677,P001,DB,12/31/2025,Active,43,M,14,66,1831942.668,1668883.835,0.047714332,0.057859647,0.131847068,0.023812479,final_average,0.052654927,RP-2014,MP-2020,0.083359263,0.030720459,0.074492598,0.643783131,0.232042942,0.115769237,0.00840469,7871739.28,9490274.245,0.829453299,17.05768211,0,0,0.0044,baseline,0,0,0,0,1686611.069,2866726.17,IN,INR
M01678,P003,DC,12/31/2025,Active,49,F,9,64,999583.471,936211.2968,0.033290876,0.052602186,0.131277815,,account_balance,0.132996722,IAM-2012,MP-2021,0.086363523,0.048117438,0.066962866,0.369224645,0.530575961,0.099012392,0.001187001,2074066.871,2074066.871,1,14.92278277,0,0,0.0062,equity_down_20,0,-0.2,0,-153159.321,277340.4653,471394.493,IN,INR
M01679,P001,DB,12/31/2025,Active,39,M,6,62,814439.4423,717140.6387,0.065681023,0.079737537,0.055964342,0.022744521,final_average,0.07423615,IALM_2012-14_Ultimate,MP-2021,0.072532388,0.042928098,0.097066776,0.18757244,0.640037256,0.172180446,0.000209858,1026155.658,1305895.879,0.785786734,13.34369684,0,0,0.0032,equity_down_20,0,-0.2,0,-38495.70417,97101.45114,165042.9528,IN,INR
M01680,P004,Hybrid,12/31/2025,Active,42,M,5,66,1126290.307,993438.3574,0.064767315,0.077419866,0.095103731,0.085452985,cash_balance,0.044520721,RP-2014,None,0.081486186,0.057313314,0.07645106,0.427770444,0.418087232,0.10575846,0.048383864,480994.5031,483659.5784,0.99448977,12.16936128,0,0,0.0041,rate_up_100bps,100,0,-50,48803.39846,71255.47471,121112.6488,IN,INR
M01681,P002,DB,12/31/2025,Active,34,F,8,62,511418.35,446762.425,0.069916373,0.029631214,0.133602856,0.016747815,career_average,0.152102288,RP-2014,MP-2021,0.074428591,0.046180213,0.070473922,0.358120697,0.450673225,0.045430982,0.145775096,1239815.803,1046831.992,1.184350319,17.48848515,0,0,0.0017,equity_down_20,0,-0.2,0,-88800.73986,156564.3948,266111.8831,IN,INR
M01682,P006,DC,12/31/2025,Active,44,M,10,62,2967600.893,2674316.628,0.053407326,0.072697002,0.137839857,,account_balance,0.155555556,VBT-2015,None,0.072931318,0.054820005,0.069844756,0.348944936,0.276251262,0.358122007,0.016681795,7891231.331,7891231.331,1,17.21337409,0,0,0.0047,baseline,0,0,0,0,1085460.386,1844952.729,IN,INR
M01683,P004,Hybrid,12/31/2025,Active,36,M,26,62,604064.8995,537567.263,0.060047665,0.070387353,0.119784939,0.111270076,cash_balance,0.05035161,RP-2010,MP-2021,0.05523088,0.050164246,0.08342464,0.543153063,0.35585792,0.09624593,0.004743087,2585662.037,2478160.759,1.043379461,10.48547852,0,0,0.0023,high_inflation,150,-0.05,300,250540.3848,473446.9994,804715.9942,IN,INR
M01684,P005,DB,12/31/2025,Active,33,M,11,64,1262123.28,1171163.805,0.038106876,0.056251142,0.030674746,0.016743939,career_average,0.101125416,VBT-2015,MI-2012,0.067471705,0.043411771,0.099105814,0.041474941,0.8212328,0.058649382,0.078642877,2638363.41,2430851.082,1.085366121,11.26913024,0,0,0.0014,rate_up_100bps,100,0,-50,165600.2458,219030.6528,372285.5351,IN,INR
M01685,P001,DB,12/31/2025,Active,47,M,7,63,1012064.423,906366.3975,0.056701153,0.060059838,0.046164091,0.015950091,final_average,0.081343983,RP-2010,MP-2020,0.07715175,0.04013134,0.098966884,0.257991146,0.374638519,0.362470967,0.004899368,1422867.2,1266420.133,1.123534886,12.51447994,0,0,0.0056,high_inflation,150,-0.05,300,179394.9189,166490.0972,282982.5603,IN,INR
M01686,P006,DC,12/31/2025,Active,46,F,2,62,1674780.652,1501892.637,0.055989314,0.066090586,0.077230908,,account_balance,0.189910747,RP-2014,MI-2012,0.068179322,0.033511104,0.099267231,0.399032416,0.523609323,0.002714918,0.074643343,473242.2301,473242.2301,1,13.11579345,0,0,0.0053,baseline,0,0,0,0,66771.64056,113491.4936,IN,INR
M01687,P006,DC,12/31/2025,Active,52,F,6,64,1066683.067,938602.2629,0.066048349,0.07551909,0.177435391,,account_balance,0.093718627,IALM_2012-14_Ultimate,MP-2020,0.074710582,0.030405572,0.075465727,0.28165286,0.417617433,0.213509487,0.08722022,1772005.022,1772005.022,1,13.87986879,0,0,0.0071,baseline,0,0,0,0,194630.2109,330812.2004,IN,INR
M01688,P003,DC,12/31/2025,Active,40,M,8,66,738789.403,653528.9295,0.063231709,0.101787278,0.065435415,,account_balance,0.164444444,RP-2010,MP-2021,0.085792347,0.030041886,0.096576767,0.295290037,0.369397577,0.101945832,0.233366553,1264172.038,1264172.038,1,9.347760812,0,0,0.0035,baseline,0,0,0,0,133711.0369,227268.1212,IN,INR
M01689,P004,Hybrid,12/31/2025,Active,48,F,12,64,426731.7134,374444.7083,0.067538659,0.046977501,0.070619198,0.066974032,cash_balance,0.007704511,RP-2010,MP-2021,0.064648865,0.036777148,0.077775621,0.386983799,0.438415344,0.139266365,0.035334492,415747.5574,386634.8263,1.075297746,9.612969162,0,0,0.0059,equity_down_20,0,-0.2,0,-32177.51386,57062.5038,96988.91223,IN,INR
M01690,P005,DB,12/31/2025,Active,50,M,8,66,441950.6677,389830.4625,0.064753339,0.043845728,0.043642198,0.011229145,career_average,0.094081357,RP-2014,MP-2021,0.083139465,0.046827648,0.08042268,0.294607998,0.480274434,0.200707125,0.024410443,410711.6086,463138.5513,0.886800737,13.22508539,0,0,0.0065,baseline,0,0,0,0,47207.86665,80239.02442,IN,INR
M01691,P001,DB,12/31/2025,Active,48,M,27,62,884600.2888,780285.6322,0.064747756,0.085999922,0.135868242,0.023426541,final_average,0.004915308,IAM-2012,MP-2021,0.051161807,0.059264836,0.080796,0.286413043,0.619283677,0.091135449,0.003167832,6736164.553,8520418.942,0.790590768,17.26376039,0,0,0.0059,baseline,0,0,0,0,766236.2105,1302368.659,IN,INR
M01692,P003,DC,12/31/2025,Active,36,F,9,62,1824203.961,1711008.275,0.032548933,0.064462945,0.153838062,,account_balance,0.050844789,RP-2014,None,0.084106491,0.05115687,0.062543677,0.331470369,0.350677532,0.288980864,0.028871235,4416832.398,4416832.398,1,15.6815976,0,0,0.0023,baseline,0,0,0,0,564681.9561,959787.6895,IN,INR
M01693,P003,DC,12/31/2025,Active,45,M,18,64,463950.4024,409939.8775,0.063838478,0.087581613,0.149442035,,account_balance,0.064239266,RP-2014,MP-2021,0.054267092,0.032120485,0.067082713,0.409552063,0.572589129,0.008218225,0.009640583,3137379.897,3137379.897,1,13.88725211,0,0,0.005,rate_up_100bps,100,0,-50,345874.3747,458445.4646,779217.9446,IN,INR
M01694,P001,DB,12/31/2025,Active,48,F,3,64,2263031.754,2035930.492,0.054299136,0.01214035,0.074585927,0.01700304,career_average,0.108859378,RP-2010,MP-2021,0.062857629,0.049356214,0.095443754,0.198292242,0.441023872,0.327895611,0.032788275,1045975.412,961280.1874,1.0881067,9.25633828,0,0,0.0059,rate_up_100bps,100,0,-50,65914.33965,106364.0125,180786.4917,IN,INR
M01695,P003,DC,12/31/2025,Active,44,F,10,65,1605783.014,1469850.904,0.045217778,0.098055816,0.107458503,,account_balance,0.038143123,RP-2014,MP-2020,0.070537788,0.044564869,0.095854259,0.410078046,0.397948247,0.118578425,0.073395282,4773966.51,4773966.51,1,9.614521042,0,0,0.0047,rate_up_100bps,100,0,-50,364004.4344,680090.4371,1155947.029,IN,INR
M01696,P001,DB,12/31/2025,Active,23,F,6,66,536636.9238,503618.7162,0.032260585,0.0275677,0.068114545,0.017186745,final_average,0.173333333,VBT-2015,MP-2021,0.076001406,0.049085503,0.068079739,0.19568986,0.554547617,0.152589111,0.097173411,717725.9599,761856.0405,0.942075565,14.66986656,0,0,0.0005,rate_down_100bps,-100,0,50,-91862.60345,64398.32692,109457.5818,IN,INR
M01697,P001,DB,12/31/2025,Active,46,F,19,65,604205.3645,540687.9861,0.057106951,0.098847627,0.082611193,0.012125854,final_average,0.02743625,RP-2014,MP-2021,0.088124479,0.048695757,0.072105505,0.32881754,0.482338441,0.106406627,0.082437392,1570452.76,1336079,1.175419089,10.72554769,0,0,0.0053,high_inflation,150,-0.05,300,132321.3346,188536.5349,320454.8033,IN,INR
M01698,P001,DB,12/31/2025,Retired,66,M,8,67,632229.3076,581031.0744,0.04312807,0.027022917,0.103245271,0.016934582,final_average,0.049390584,IALM_2012-14_Ultimate,MP-2021,0.062281215,0.034318349,0.09319236,0.309315706,0.315929312,0.299250246,0.075504736,1306288.776,1116432.312,1.170056403,14.18301501,78716.14827,0,0.0113,high_inflation,150,-0.05,300,186360.7433,159021.3469,270287.955,IN,INR
M01699,P006,DC,12/31/2025,Active,40,M,21,63,1126559.906,1024336.392,0.048711051,0.057715795,0.176315323,,account_balance,0.037682498,RP-2014,MI-2012,0.05341395,0.05758379,0.068166724,0.343307681,0.288837058,0.194662756,0.173192505,10061100.17,10061100.17,1,13.08201902,0,0,0.0035,baseline,0,0,0,0,1234473.938,2098230.474,IN,INR
M01700,P003,DC,12/31/2025,Active,37,M,15,62,960013.3163,858827.9052,0.057269137,0.071225057,0.146141265,,account_balance,0.114993363,RP-2014,MP-2021,0.068353424,0.046636246,0.095232985,0.375480477,0.248382024,0.187305529,0.188831971,5539729.052,5539729.052,1,10.66099323,0,0,0.0026,rate_down_100bps,-100,0,50,-521791.6835,727334.0461,1236246.804,IN,INR
M01701,P006,DC,12/31/2025,Active,48,F,8,64,943986.8324,829980.4263,0.066470982,0.081278727,0.077187307,,account_balance,0.034180327,IALM_2012-14_Ultimate,MI-2012,0.063810728,0.051022839,0.092927642,0.26244042,0.64373367,0.050366513,0.043459398,1501272.973,1501272.973,1,13.1895503,0,0,0.0059,rate_up_100bps,100,0,-50,149690.1559,161631.7222,274724.7995,IN,INR
M01702,P003,DC,12/31/2025,Active,47,M,5,61,784589.2449,694322.9831,0.063017477,0.080541029,0.062782321,,account_balance,0.177777778,IAM-2012,MP-2021,0.074004765,0.041612363,0.092302009,0.711533658,0.172305474,0.044036724,0.072124145,620447.9119,620447.9119,1,16.98100528,0,0,0.0056,baseline,0,0,0,0,145727.967,247693.2498,IN,INR
M01703,P002,DB,12/31/2025,Active,56,M,7,63,1066811.843,971282.283,0.048023885,0.029183752,0.058769758,0.019364338,final_average,0.070131035,IAM-2012,MP-2021,0.086911301,0.033668744,0.095669834,0.256471996,0.509859953,0.230387242,0.003280808,1724472.795,1451161.785,1.188339448,11.022235,0,0,0.0083,equity_down_20,0,-0.2,0,-88455.796,186694.2137,317323.4174,IN,INR
M01704,P003,DC,12/31/2025,Active,31,M,9,62,1435049.478,1312832.716,0.045511326,0.055133749,0.160913043,,account_balance,0.085904243,IAM-2012,None,0.075734324,0.050727891,0.095476829,0.502951902,0.275091484,0.053644319,0.168312295,3847814.298,3847814.298,1,17.61203902,0,0,0.0008,equity_down_20,0,-0.2,0,-387053.1042,646589.8638,1099006.237,IN,INR
M01705,P003,DC,12/31/2025,Active,51,F,15,63,929415.1456,859972.5024,0.03959119,0.115717826,0.149563309,,account_balance,0.075757672,VBT-2015,MP-2021,0.07312057,0.058274662,0.096688316,0.663822996,0.195006755,0.086141599,0.05502865,6837641.334,6837641.334,1,11.06311995,0,0,0.0068,rate_down_100bps,-100,0,50,-689787.1501,1503628.344,2555711.155,IN,INR
M01706,P001,DB,12/31/2025,Active,50,F,10,61,730728.0732,669281.4215,0.04489707,0.058855409,0.10681525,0.012604002,final_average,0.084755216,IALM_2012-14_Ultimate,MI-2012,0.059843383,0.047433975,0.095181689,0.178190543,0.546371763,0.216990455,0.058447239,1214938.735,1105817.082,1.09867966,13.10889469,0,0,0.0065,rate_down_100bps,-100,0,50,-111769.9858,109887.3814,186775.1479,IN,INR
M01707,P004,Hybrid,12/31/2025,Active,43,M,17,60,1538699.811,1437943.2,0.034441855,0.03094011,0.119449648,0.099278521,cash_balance,0.124444444,VBT-2015,MP-2020,0.060590568,0.035959408,0.084276893,0.427576225,0.461520041,0.069124475,0.041779259,3397908.11,3387010.879,1.003217359,15.50664048,0,0,0.0044,rate_up_100bps,100,0,-50,446801.4654,504568.4692,857613.0334,IN,INR
M01708,P002,DB,12/31/2025,Active,47,M,22,65,891261.6518,780146.9128,0.06884422,0.067353126,0.039117814,0.016675772,career_average,0.086855021,VBT-2015,MP-2020,0.067443036,0.04869757,0.066309007,0.606286083,0.147543517,0.230530082,0.015640317,5005682.933,4570869.303,1.095127119,15.97032638,0,0,0.0056,baseline,0,0,0,0,1026720.598,1745112.943,IN,INR
M01709,P004,Hybrid,12/31/2025,Active,54,M,11,64,1262224.519,1138454.267,0.052956698,0.084484821,0.038115159,0.083987842,cash_balance,0.039691252,VBT-2015,MI-2012,0.085651695,0.042867953,0.084365623,0.259912883,0.723493596,0.000822868,0.015770653,1306218.857,1421640.929,0.918810672,11.79222265,0,0,0.0077,high_inflation,150,-0.05,300,163611.3665,145521.8208,247342.8637,IN,INR
M01710,P004,Hybrid,12/31/2025,Active,53,M,5,65,941327.2151,878548.4808,0.035112234,0.017135024,0.048374478,0.117806116,cash_balance,0.098355903,IALM_2012-14_Ultimate,MP-2021,0.073179349,0.041971147,0.097688466,0.129577885,0.745617244,0.121792785,0.003012087,495135.2985,582135.5009,0.850549911,9.14836378,0,0,0.0074,high_inflation,150,-0.05,300,48987.27449,43760.7527,74379.97845,IN,INR
M01711,P001,DB,12/31/2025,Active,33,M,13,65,1604413.485,1471708.945,0.04411224,0.045251576,0.047694116,0.011859461,flat,0.088256798,RP-2010,MI-2012,0.069785911,0.057405143,0.098707,0.531075684,0.251589082,0.17890622,0.038429015,3178887.936,3320165.569,0.957448618,14.63286934,0,0,0.0014,rate_down_100bps,-100,0,50,-445846.8147,572135.252,972456.027,IN,INR
M01712,P001,DB,12/31/2025,Deferred,52,F,29,61,1715061.233,1550050.837,0.051881566,0.031918771,0.080480457,0.012039448,final_average,0.004093629,RP-2010,MP-2020,0.071701901,0.052112455,0.089138543,0.486926033,0.396387681,0.061073362,0.055612924,6684121.15,6440272.435,1.037863106,11.90018574,0,0,0.0071,baseline,0,0,0,0,1105215.722,1878530.795,IN,INR
M01713,P005,DB,12/31/2025,Active,43,F,17,63,1688304.279,1527512.06,0.051315425,0.0283359,0.04888849,0.014519636,career_average,0.054231732,IAM-2012,None,0.08335129,0.045263206,0.08775342,0.313936846,0.571972171,0.066372245,0.047718738,5820185.378,5161956.189,1.127515454,13.69067986,0,0,0.0044,baseline,0,0,0,0,689320.4954,1171635.322,IN,INR
M01714,P003,DC,12/31/2025,Active,45,M,12,61,768085.0721,722001.5239,0.031420135,0.042735719,0.103317783,,account_balance,0.03671415,VBT-2015,MP-2020,0.077115773,0.042525042,0.097537402,0.425602719,0.536044745,0.02987329,0.008479246,2211807.415,2211807.415,1,9.582006677,0,0,0.005,rate_down_100bps,-100,0,50,-152654.1471,331332.3889,563164.3522,IN,INR
M01715,P001,DB,12/31/2025,Active,45,M,6,66,764553.3481,670251.7082,0.068033641,0.042165401,0.099371632,0.012159625,flat,0.125289943,IAM-2012,MP-2020,0.087097,0.037287831,0.07165109,0.424970547,0.481982613,0.049617753,0.043429087,473166.2111,612234.5068,0.772851262,12.52011871,0,0,0.005,equity_down_20,0,-0.2,0,-40216.3407,70034.72053,119037.7378,IN,INR
M01716,P006,DC,12/31/2025,Active,42,M,9,65,1458884.219,1346191.454,0.041015027,0.101958477,0.127747577,,account_balance,0.016978437,VBT-2015,MP-2021,0.073269635,0.040303913,0.066039261,0.461915663,0.455792564,0.076083922,0.006207851,3711087.354,3711087.354,1,14.6802883,0,0,0.0041,baseline,0,0,0,0,590801.6466,1004183.224,IN,INR
M01717,P001,DB,12/31/2025,Active,56,M,3,62,956408.0721,900374.1547,0.030647387,0.060351054,0.038354705,0.013976735,flat,0.043599508,IAM-2012,MP-2021,0.057841144,0.046218498,0.07160003,0.325744019,0.587429129,0.019923525,0.066903327,283613.8674,368052.244,0.77058046,9.748986461,0,0,0.0083,rate_down_100bps,-100,0,50,-27551.21109,34577.2127,58770.75179,IN,INR
M01718,P004,Hybrid,12/31/2025,Active,43,M,5,63,969570.8538,908511.3196,0.03305776,0.021940158,0.100923336,0.116751856,cash_balance,0.090157861,RP-2014,MP-2021,0.050749034,0.031450264,0.097957941,0.334662627,0.546427749,0.08675222,0.032157404,624448.5507,575964.6166,1.084178668,13.25828442,0,0,0.0044,rate_down_100bps,-100,0,50,-59302.22624,77303.44988,131392.3683,IN,INR
M01719,P006,DC,12/31/2025,Active,33,M,13,67,720203.6153,649272.7363,0.053207796,0.118354032,0.086476901,,account_balance,0.040181393,IALM_2012-14_Ultimate,MP-2021,0.062684556,0.040725538,0.068492303,0.353490983,0.312465219,0.208499881,0.125543917,2659378.467,2659378.467,1,12.93292985,0,0,0.0014,baseline,0,0,0,0,338219.3089,574870.0228,IN,INR
M01720,P002,DB,12/31/2025,Active,40,M,3,64,1856571.348,1731417.718,0.035511421,0.052028873,0.11918643,0.013941368,final_average,0.021501508,VBT-2015,None,0.052509441,0.044822612,0.068989516,0.376990188,0.479205499,0.114024302,0.02978001,718793.4813,855110.5235,0.84058547,11.80847325,0,0,0.0035,baseline,0,0,0,0,96776.70998,164490.9916,IN,INR
M01721,P001,DB,12/31/2025,Active,46,F,8,66,1572569.851,1477505.787,0.031668992,0.040927273,0.126330972,0.016289577,career_average,0.097867195,VBT-2015,None,0.066282601,0.048248847,0.067717964,0.662432183,0.237679147,0.089914368,0.009974302,3646432.662,3440934.505,1.059721613,17.87094123,0,0,0.0053,rate_up_100bps,100,0,-50,571593.333,801911.019,1363004.99,IN,INR
M01722,P001,DB,12/31/2025,Active,56,F,4,62,933278.0605,854328.0608,0.045185059,0.029498238,0.095277151,0.021941681,final_average,0.156507737,VBT-2015,MP-2020,0.057515607,0.052293022,0.079391987,0.404096188,0.485605889,0.041214691,0.069083231,1087328.809,1332329.583,0.816110985,17.76876,0,0,0.0083,high_inflation,150,-0.05,300,293537.4022,153924.3525,261624.6138,IN,INR
M01723,P002,DB,12/31/2025,Active,50,M,5,62,736432.6815,661762.0626,0.054910448,0.005395113,0.047952343,0.013423827,final_average,0.067044753,IALM_2012-14_Ultimate,MP-2021,0.066196531,0.03041495,0.091855538,0.429189103,0.500820072,0.053878561,0.016112265,688096.9589,595485.7642,1.155522097,13.40673948,0,0,0.0065,equity_down_20,0,-0.2,0,-59064.74325,103202.9662,175413.6739,IN,INR
M01724,P001,DB,12/31/2025,Active,35,M,11,65,721907.4522,674594.3631,0.034473592,0.052077424,0.124423527,0.024104794,final_average,0.059671433,RP-2014,MP-2020,0.065968131,0.038844112,0.075274085,0.255000473,0.52344967,0.22006032,0.001489537,2078889.338,1913183.488,1.086612628,10.69591164,0,0,0.002,rate_down_100bps,-100,0,50,-150222.7184,223851.5182,380479.5409,IN,INR
M01725,P004,Hybrid,12/31/2025,Retired,69,F,7,65,1045449.222,961885.1674,0.042533113,0.081660921,0.066939335,0.085452028,cash_balance,0.099035939,RP-2010,MP-2020,0.061050763,0.037828711,0.064004839,0.606041482,0.212265052,0.173552993,0.008140473,570577.8371,660685.3659,0.863615068,13.19524477,44045.69106,0,0.0122,rate_up_100bps,100,0,-50,81123.36445,116050.6533,197250.8369,IN,INR
M01726,P001,DB,12/31/2025,Active,47,F,4,65,1171793.989,1069542.791,0.046710427,0.085137721,0.056718377,0.01023128,career_average,0.017534066,IALM_2012-14_Ultimate,None,0.076112777,0.045638387,0.089608085,0.433013174,0.361652373,0.139222618,0.066111835,635131.5586,727951.9336,0.872491066,16.63085519,0,0,0.0056,rate_up_100bps,100,0,-50,109579.7902,94900.31135,161301.6842,IN,INR
M01727,P003,DC,12/31/2025,Active,57,M,7,64,667911.0107,621844.638,0.036378404,0.09483162,0.157130705,,account_balance,0.130460423,RP-2014,None,0.067337353,0.04398039,0.084393173,0.465623334,0.438378561,0.02688371,0.069114395,1456361.705,1456361.705,1,12.10289158,0,0,0.0086,equity_down_20,0,-0.2,0,-135623.1986,231963.1351,394266.8242,IN,INR
M01728,P006,DC,12/31/2025,Active,42,M,4,64,562309.5634,509795.4031,0.050242956,0.105758906,0.122429348,,account_balance,0.182222222,IAM-2012,MP-2021,0.085738252,0.032397022,0.079166,0.317629649,0.574325959,0.106540166,0.001504225,541908.1719,541908.1719,1,12.06986282,0,0,0.0041,baseline,0,0,0,0,65424.91843,111202.4753,IN,INR
M01729,P005,DB,12/31/2025,Active,49,M,20,65,1020541.984,955623.3733,0.033408563,0.085588131,0.065684795,0.017574699,career_average,0.030336765,VBT-2015,MP-2021,0.053043216,0.052840544,0.098563948,0.383543386,0.419509841,0.196408534,0.000538239,6487947.907,5468547.457,1.186411558,16.28048462,0,0,0.0062,rate_up_100bps,100,0,-50,754218.1279,897601.649,1525649.976,IN,INR
M01730,P004,Hybrid,12/31/2025,Active,52,M,16,63,1452937.963,1364598.513,0.03186074,0.040872593,0.13866942,0.084966945,cash_balance,0.094868132,VBT-2015,MP-2021,0.066424944,0.050618132,0.078816976,0.446646649,0.383487928,0.146087023,0.0237784,2775110.045,2614185.797,1.061558076,14.65269292,0,0,0.0071,baseline,0,0,0,0,428642.2038,728561.46,IN,INR
M01731,P002,DB,12/31/2025,Active,56,M,16,63,1017871.928,921846.163,0.050793415,0.093213682,0.036438397,0.020406457,final_average,0.013216234,RP-2010,None,0.081037986,0.054634327,0.089301164,0.404663576,0.49644951,0.053919068,0.044967846,2936726.753,3806772.971,0.771447831,12.64768216,0,0,0.0083,equity_down_20,0,-0.2,0,-237677.2699,417795.5727,710125.484,IN,INR
M01732,P004,Hybrid,12/31/2025,Active,55,M,6,66,880094.417,813828.4101,0.039915879,0.090297853,0.040022845,0.114138285,cash_balance,0.173333333,IAM-2012,MP-2020,0.069781411,0.033331043,0.066340011,0.17603999,0.709609309,0.043953688,0.070397013,591158.3601,637830.8698,0.926826198,13.66788338,0,0,0.008,high_inflation,150,-0.05,300,94101.73291,53975.06302,91741.20134,IN,INR
M01733,P003,DC,12/31/2025,Active,53,M,13,63,592140.8636,554037.8233,0.033814952,0.106285852,0.159286969,,account_balance,0.055803117,RP-2014,MP-2020,0.088643251,0.045186971,0.076661432,0.226894859,0.639951733,0.123607794,0.009545614,3091582.977,3091582.977,1,14.35102653,0,0,0.0074,rate_up_100bps,100,0,-50,344750.6988,311581.4544,529593.7669,IN,INR
M01734,P003,DC,12/31/2025,Active,41,M,12,64,740222.0017,675312.3802,0.046956503,0.065759512,0.141189109,,account_balance,0.043966588,IAM-2012,MP-2020,0.056992919,0.048111662,0.068490685,0.484347153,0.494192175,0.015779081,0.00568159,2495588.272,2495588.272,1,10.45079576,0,0,0.0038,baseline,0,0,0,0,415958.3035,707002.6849,IN,INR
M01735,P001,DB,12/31/2025,Active,38,M,6,65,1461956.026,1285069.353,0.06660563,0.0180442,0.067994482,0.017248025,final_average,0.089504635,IAM-2012,MP-2021,0.062640968,0.031468189,0.07392557,0.229680545,0.443737199,0.305846359,0.020735896,1587710.411,1768019.175,0.898016511,13.29443202,0,0,0.0029,equity_down_20,0,-0.2,0,-72933.23857,168576.8974,286529.4864,IN,INR
M01736,P006,DC,12/31/2025,Active,47,F,10,68,560204.0557,499552.1391,0.058967698,0.064407598,0.169874854,,account_balance,0.155555556,RP-2010,MP-2020,0.054646162,0.058782472,0.079188675,0.660380086,0.296380694,0.035880122,0.007359099,1713197.687,1713197.687,1,13.70815946,0,0,0.0056,high_inflation,150,-0.05,300,257621.8206,375772.6646,638699.3132,IN,INR
M01737,P003,DC,12/31/2025,Active,53,M,3,63,2186309.227,1936207.181,0.062624637,0.104911497,0.107016093,,account_balance,0.186666667,RP-2014,MP-2020,0.059869186,0.053833022,0.066979869,0.385575217,0.315430466,0.282982443,0.016011874,1356734.654,1356734.654,1,17.95816608,0,0,0.0074,high_inflation,150,-0.05,300,307214.1724,192741.116,327601.3134,IN,INR
M01738,P002,DB,12/31/2025,Active,42,F,5,63,1023032.703,902175.4035,0.06487656,0.093113791,0.063655199,0.018456505,final_average,0.08975828,RP-2010,None,0.07690129,0.037309552,0.092121813,0.255007625,0.643654658,0.076924764,0.024412953,906560.6612,938589.0937,0.965875981,11.27366308,0,0,0.0041,high_inflation,150,-0.05,300,103397.6647,96391.88631,163836.9083,IN,INR
M01739,P003,DC,12/31/2025,Active,55,M,10,66,482216.8635,422050.1779,0.06890511,0.066377797,0.139368359,,account_balance,0.046534282,RP-2014,MP-2020,0.06947784,0.048862545,0.075040442,0.409308404,0.490463036,0.082332458,0.017896103,1246866.133,1246866.133,1,11.23101822,0,0,0.008,rate_up_100bps,100,0,-50,109458.6751,179573.0088,305219.5335,IN,INR
M01740,P003,DC,12/31/2025,Active,59,M,8,66,1234846.01,1097910.652,0.060529863,0.087407228,0.128795422,,account_balance,0.02774424,IALM_2012-14_Ultimate,MI-2012,0.056482689,0.034301297,0.095863491,0.470506443,0.465340945,0.056163801,0.00798881,2738696.035,2738696.035,1,15.84770173,0,0,0.0092,high_inflation,150,-0.05,300,491019.8067,443249.4153,753389.2798,IN,INR
M01741,P005,DB,12/31/2025,Active,35,M,13,65,1205734.804,1084659.601,0.054336317,0.056423156,0.144591261,0.024274647,final_average,0.142222222,IALM_2012-14_Ultimate,MP-2021,0.068987803,0.056196311,0.086986266,0.409642373,0.55435743,0.012466304,0.023533893,3595329.252,4112902.224,0.874158698,12.01596473,0,0,0.002,baseline,0,0,0,0,523037.3642,889004.5413,IN,INR
M01742,P005,DB,12/31/2025,Active,36,M,7,64,808609.9077,741011.3339,0.044617035,0.039054765,0.116930602,0.019370436,final_average,0.168888889,VBT-2015,None,0.083896058,0.03295024,0.067064237,0.10253905,0.651117304,0.122374983,0.123968664,1072809.975,955119.9615,1.123220138,9.505952403,0,0,0.0023,baseline,0,0,0,0,82094.92362,139536.4173,IN,INR
M01743,P005,DB,12/31/2025,Active,43,M,8,63,1502568.481,1396542.69,0.037265729,0.063169759,0.11337813,0.01257124,career_average,0.092914836,RP-2010,None,0.067593034,0.057122834,0.085678855,0.551265092,0.386415432,0.039093469,0.023226007,2380572.093,2474942.188,0.961869778,17.62149447,0,0,0.0044,rate_down_100bps,-100,0,50,-390127.3112,441581.6968,750554.6651,IN,INR
M01744,P001,DB,12/31/2025,Active,47,M,10,64,744945.4828,666179.6181,0.057466395,0.094736783,0.113304467,0.016057295,career_average,0.134219718,IALM_2012-14_Ultimate,MP-2021,0.050528581,0.054835755,0.060929905,0.251123384,0.650165528,0.066142855,0.032568232,757736.7406,1002764.634,0.755647651,9.374223141,0,0,0.0056,baseline,0,0,0,0,79885.43439,135780.9572,IN,INR
M01745,P003,DC,12/31/2025,Active,39,M,6,66,1308502.89,1143328.748,0.069797999,0.115805011,0.145228969,,account_balance,0.073194002,IAM-2012,MP-2020,0.052196862,0.044346786,0.092295075,0.278396689,0.412535832,0.208330239,0.10073724,2333669.475,2333669.475,1,17.27415703,0,0,0.0032,baseline,0,0,0,0,252867.3498,429797.6352,IN,INR
M01746,P003,DC,12/31/2025,Active,58,F,8,66,969318.9288,881391.4625,0.048694347,0.105940378,0.138163009,,account_balance,0.035759727,IAM-2012,MP-2020,0.067524813,0.049577982,0.098968971,0.37317223,0.265403248,0.329905026,0.031519496,2510581.66,2510581.66,1,16.31475252,0,0,0.0089,rate_up_100bps,100,0,-50,376279.3584,355057.6129,603490.0216,IN,INR
M01747,P001,DB,12/31/2025,Active,48,M,12,61,866645.922,772846.2532,0.058947175,0.003339057,0.066011053,0.014136435,final_average,0.136892547,IALM_2012-14_Ultimate,MP-2021,0.073729805,0.037374333,0.087110299,0.375691587,0.387432763,0.188564893,0.048310757,1758601.713,1900605.828,0.925284815,14.4969884,0,0,0.0059,equity_down_20,0,-0.2,0,-132138.3736,236765.635,402429.6143,IN,INR
M01748,P002,DB,12/31/2025,Active,44,F,24,63,1801892.005,1634980.442,0.049803698,0.036383331,0.118945657,0.016638422,final_average,0.020875378,RP-2010,None,0.085461321,0.041530508,0.097059756,0.489122262,0.317804388,0.111134358,0.081938992,11242199.55,11056069.38,1.016835112,16.93420465,0,0,0.0047,baseline,0,0,0,0,1859645.921,3160832.824,IN,INR
M01749,P005,DB,12/31/2025,Active,30,M,6,64,1532783.017,1397517.545,0.047277337,0.033762848,0.057444616,0.024654477,final_average,0.065304126,VBT-2015,MI-2012,0.089278461,0.036523341,0.071791964,0.666242604,0.192745275,0.093855072,0.047157049,2328648.021,2224829.127,1.046663761,10.76198413,0,0,0.0005,baseline,0,0,0,0,514160.481,873916.5379,IN,INR
M01750,P001,DB,12/31/2025,Active,31,M,8,68,598177.4026,546291.4375,0.046412225,0.043081969,0.1394424,0.02313421,final_average,0.045808797,IAM-2012,MP-2021,0.089215044,0.045828528,0.076943551,0.339003286,0.487702024,0.066364066,0.106930624,857197.7368,1080471.865,0.793354981,10.68671945,0,0,0.0008,equity_down_20,0,-0.2,0,-58118.56982,104743.8426,178032.6953,IN,INR
M01751,P003,DC,12/31/2025,Active,47,M,17,65,1168388.271,1059389.288,0.050184987,0.097976145,0.0702836,,account_balance,0.09084123,VBT-2015,MI-2012,0.072315759,0.03956038,0.076983896,0.245361472,0.553314058,0.042356306,0.158968165,5691975.256,5691975.256,1,12.99420903,0,0,0.0056,baseline,0,0,0,0,556987.6288,946709.6718,IN,INR
M01752,P002,DB,12/31/2025,Active,23,F,20,63,2308373.092,2115158.479,0.044675826,0.075782399,0.066014991,0.024212756,final_average,0.051172897,IAM-2012,MP-2021,0.051429217,0.04054642,0.064481179,0.546346205,0.410051437,0.042379417,0.00122294,17922284.28,18404744.54,0.973786093,17.96853463,0,0,0.0005,high_inflation,150,-0.05,300,3919826.363,3305545.729,5618423.015,IN,INR
M01753,P001,DB,12/31/2025,Active,54,F,14,60,1823007.31,1622620.234,0.059950933,0.039211339,0.123131992,0.016469537,career_average,0.021381232,RP-2014,MP-2021,0.058539285,0.043282955,0.091857724,0.435608989,0.484305302,0.048946689,0.031139021,3206766.244,3398196.987,0.943666967,9.082851856,0,0,0.0077,rate_up_100bps,100,0,-50,231000.5034,485460.7641,825135.7425,IN,INR
M01754,P002,DB,12/31/2025,Active,42,F,19,64,653948.3471,576591.1602,0.064970881,0.033061311,0.067478476,0.018313281,final_average,0.115555556,IALM_2012-14_Ultimate,MP-2021,0.067373269,0.056177763,0.079802658,0.603287157,0.246074128,0.089523331,0.061115384,1709959.766,2062206.568,0.82918937,10.27884762,0,0,0.0041,rate_up_100bps,100,0,-50,190932.2278,343263.8762,583444.254,IN,INR
M01755,P006,DC,12/31/2025,Retired,75,M,6,61,2019157.455,1779154.922,0.065315412,0.06393564,0.152854621,,account_balance,0.145073339,RP-2010,MP-2021,0.085187038,0.046458585,0.079617115,0.526980255,0.278660926,0.040582506,0.153776313,2912152.193,2912152.193,1,15.47001066,194143.4795,0,0.014,baseline,0,0,0,0,511797.3708,869899.9689,IN,INR
M01756,P005,DB,12/31/2025,Retired,67,F,18,66,1496316.14,1385804.69,0.039107949,0.084979667,0.147958705,0.022266952,final_average,0.061845534,IAM-2012,MP-2021,0.050862356,0.054197881,0.086738751,0.243305507,0.396024489,0.028708674,0.331961331,5227871.38,6290314.472,0.831098573,11.32496983,555437.6363,0,0.0116,baseline,0,0,0,0,467518.5095,794639.3632,IN,INR
M01757,P006,DC,12/31/2025,Active,42,M,16,65,614240.8471,540701.564,0.065836366,0.073805013,0.173370829,,account_balance,0.024220663,IALM_2012-14_Ultimate,None,0.070373577,0.055456562,0.066839491,0.596039691,0.116795233,0.218705135,0.068459941,3588197.157,3588197.157,1,13.9898133,0,0,0.0041,baseline,0,0,0,0,721683.3083,1226642.267,IN,INR
M01758,P003,DC,12/31/2025,Active,43,F,5,64,1081061.137,992499.9015,0.043662049,0.047277588,0.159281996,,account_balance,0.078923582,VBT-2015,MP-2021,0.076138619,0.037362851,0.092406244,0.578236057,0.167780925,0.018864259,0.235118759,1278516.275,1278516.275,1,15.42809227,0,0,0.0044,baseline,0,0,0,0,244240.7435,415135.0266,IN,INR
M01759,P001,DB,12/31/2025,Active,54,M,8,63,1220715.795,1123489.026,0.042372307,0.082511637,0.061585062,0.010624362,career_average,0.123128962,RP-2010,MP-2020,0.061529193,0.053330686,0.074634868,0.334778419,0.527900677,0.010017349,0.127303555,1878945.013,1581775.473,1.187870874,16.56468326,0,0,0.0077,baseline,0,0,0,0,229003.1128,389235.6859,IN,INR
M01760,P003,DC,12/31/2025,Retired,61,M,2,66,606451.9106,540688.133,0.059070242,0.069706669,0.165144365,,account_balance,0.090007706,RP-2010,MP-2020,0.062627135,0.049459867,0.063185638,0.357255359,0.350102456,0.093570586,0.199071599,270009.1057,270009.1057,1,14.01093335,18000.60705,0,0.0098,high_inflation,150,-0.05,300,44833.26992,33464.68589,56879.79437,IN,INR
M01761,P003,DC,12/31/2025,Active,28,M,11,63,1352874.79,1245562.686,0.042187854,0.108149134,0.134007114,,account_balance,0.016232743,IALM_2012-14_Ultimate,MP-2021,0.065537081,0.045222161,0.067613009,0.118811754,0.757519401,0.120144065,0.00352478,4754777.152,4754777.152,1,9.908238775,0,0,0.0005,baseline,0,0,0,0,416702.9004,708268.2732,IN,INR
M01762,P005,DB,12/31/2025,Active,26,M,18,62,2938442.425,2758404.351,0.032118656,0.044835011,0.05218638,0.014562477,flat,0.12,IALM_2012-14_Ultimate,MP-2021,0.060983771,0.032660008,0.070114098,0.630484279,0.318774292,0.033685111,0.017056319,10318084.59,11022629.14,0.936081988,15.24472245,0,0,0.0005,rate_down_100bps,-100,0,50,-1515912.213,2165842.924,3681274.66,IN,INR
M01763,P001,DB,12/31/2025,Active,38,F,7,67,1820008.502,1666812.668,0.044944711,0.018707162,0.042528415,0.014427758,final_average,0.149532401,IALM_2012-14_Ultimate,MP-2021,0.067487537,0.047170151,0.067117817,0.08607244,0.710926879,0.109714368,0.093286313,2360893.555,2274178.607,1.038130228,13.50955018,0,0,0.0029,equity_down_20,0,-0.2,0,-40641.57362,185850.8072,315889.8826,IN,INR
M01764,P003,DC,12/31/2025,Active,50,F,5,66,1059062.621,944595.0898,0.058858624,0.097966005,0.14668791,,account_balance,0.05640424,RP-2014,MP-2021,0.056323718,0.034661429,0.069689037,0.559187326,0.431890343,0.000376094,0.008546237,1367450.829,1367450.829,1,15.24692291,0,0,0.0065,baseline,0,0,0,0,258238.5337,438927.0153,IN,INR
M01765,P001,DB,12/31/2025,Active,49,M,5,66,867510.8162,797335.4007,0.043078337,0.042486206,0.090836107,0.014388701,career_average,0.1266119,RP-2014,MP-2020,0.057973276,0.054487659,0.099834077,0.176197556,0.478576919,0.243923335,0.10130219,459985.7885,545784.6529,0.842797221,9.514559427,0,0,0.0062,rate_down_100bps,-100,0,50,-40922.07607,40917.65641,69547.57891,IN,INR
M01766,P002,DB,12/31/2025,Active,55,F,10,62,1141409.938,1025148.081,0.055182362,0.075452172,0.136164116,0.016518465,career_average,0.024852625,RP-2010,MP-2021,0.051485446,0.058038654,0.081509072,0.552839437,0.404744179,0.031646134,0.010770251,1805397.143,1529463.469,1.180412072,9.031976885,0,0,0.008,baseline,0,0,0,0,336389.488,571759.8835,IN,INR
M01767,P005,DB,12/31/2025,Active,32,F,14,62,634855.0556,568871.0971,0.056404778,0.084023298,0.035083109,0.019891279,final_average,0.072339526,IALM_2012-14_Ultimate,MP-2021,0.066452586,0.04434323,0.084117056,0.24331118,0.486740797,0.234392796,0.035555227,3197668.874,2718996.252,1.176047547,17.1634269,0,0,0.0011,equity_down_20,0,-0.2,0,-155605.7173,333187.9862,566318.3037,IN,INR
M01768,P003,DC,12/31/2025,Active,21,M,24,60,794211.3141,707713.6734,0.05934944,0.094679932,0.113285741,,account_balance,0.05330774,RP-2014,MP-2021,0.07829353,0.043215815,0.066641069,0.147736038,0.622787264,0.212754307,0.01672239,7660905.406,7660905.406,1,14.11582236,0,0,0.0005,rate_up_100bps,100,0,-50,842844.0819,681122.7529,1157701.652,IN,INR
M01769,P003,DC,12/31/2025,Active,53,M,2,62,407258.3922,358466.9851,0.065885219,0.089527555,0.122863159,,account_balance,0.027915213,RP-2010,MP-2020,0.070246088,0.044663469,0.061760826,0.471073237,0.468276736,0.019281194,0.041368834,161674.4468,161674.4468,1,10.60803947,0,0,0.0074,baseline,0,0,0,0,26154.75702,44455.13716,IN,INR
M01770,P003,DC,12/31/2025,Active,36,M,22,65,1197266.735,1091557.378,0.04730258,0.089436442,0.107802277,,account_balance,0.041807386,IAM-2012,MP-2020,0.071226312,0.032015463,0.072414026,0.524043887,0.21703272,0.083502025,0.175421368,10219949.81,10219949.81,1,15.34127834,0,0,0.0023,rate_up_100bps,100,0,-50,1456967.771,1783791.179,3031902.818,IN,INR
M01771,P003,DC,12/31/2025,Active,24,M,12,62,845873.0784,787108.8518,0.036657283,0.094638559,0.146084507,,account_balance,0.143921983,IALM_2012-14_Ultimate,MP-2021,0.067997854,0.037109447,0.090792604,0.580709622,0.337250118,0.041392239,0.040648021,3829894.909,3829894.909,1,15.36619054,0,0,0.0005,baseline,0,0,0,0,743400.588,1263555.042,IN,INR
M01772,P005,DB,12/31/2025,Active,45,M,18,65,1300322.877,1195872.699,0.042757029,0.054059871,0.124208167,0.024299553,final_average,0.063881894,RP-2014,None,0.073393868,0.058218326,0.082351273,0.35016304,0.268985374,0.31241556,0.068436026,9979439.632,9014245.153,1.107074354,17.23350529,0,0,0.005,rate_up_100bps,100,0,-50,1419254.25,1330722.983,2261824.596,IN,INR
M01773,P006,DC,12/31/2025,Active,52,M,15,62,1039132.192,947413.6352,0.04728669,0.109526065,0.160901393,,account_balance,0.040139059,RP-2010,MP-2020,0.059187054,0.040352232,0.060431329,0.501446822,0.475292121,0.022961621,0.000299436,5967615.035,5967615.035,1,15.9025591,0,0,0.0071,equity_down_20,0,-0.2,0,-598488.319,1023899.101,1740317.257,IN,INR
M01774,P006,DC,12/31/2025,Active,43,M,11,63,624769.1455,557560.7291,0.058555659,0.052984628,0.154323033,,account_balance,0.108156042,IALM_2012-14_Ultimate,MP-2021,0.058300632,0.047740732,0.091550774,0.261579737,0.440666893,0.258640171,0.039113199,2058457.444,2058457.444,1,16.54839045,0,0,0.0044,baseline,0,0,0,0,224599.0782,381750.1658,IN,INR
M01775,P005,DB,12/31/2025,Active,39,M,10,68,1077571.065,1014679.658,0.030524885,0.028047755,0.14816936,0.014678001,final_average,0.029683181,RP-2010,None,0.087678577,0.049474252,0.064159986,0.475770335,0.434654005,0.08931729,0.00025837,2327986.139,2460163.675,0.946272869,16.51840551,0,0,0.0032,rate_up_100bps,100,0,-50,355786.3871,380057.2166,645981.7494,IN,INR
M01776,P002,DB,12/31/2025,Active,42,F,13,62,714214.401,657002.4513,0.042631415,0.042928895,0.148666509,0.011189725,career_average,0.1067769,IAM-2012,MP-2021,0.068016376,0.05631468,0.077615236,0.020221045,0.713425165,0.177543503,0.088810287,1042468.886,1112748.301,0.936841589,11.64306177,0,0,0.0041,rate_down_100bps,-100,0,50,-92371.79512,82302.06088,139888.4877,IN,INR
M01777,P004,Hybrid,12/31/2025,Active,40,M,9,63,2073907.126,1841619.798,0.061193703,0.017715122,0.102291287,0.098056362,cash_balance,0.124912532,RP-2010,MP-2021,0.083087032,0.03714535,0.099978945,0.377196593,0.393853258,0.209790517,0.019159632,2214547.724,2064944.244,1.072449162,13.69682909,0,0,0.0035,baseline,0,0,0,0,302238.9179,513714.2945,IN,INR
M01778,P003,DC,12/31/2025,Active,31,M,9,63,673626.7996,603122.5271,0.056834308,0.088002192,0.166556873,,account_balance,0.108193493,RP-2010,None,0.08667327,0.056703903,0.064854679,0.117375463,0.482413704,0.263154759,0.137056074,1833340.674,1833340.674,1,9.31808248,0,0,0.0008,baseline,0,0,0,0,147374.8117,250492.3852,IN,INR
M01779,P002,DB,12/31/2025,Active,37,M,15,61,796885.9322,710204.0486,0.059269599,0.010758844,0.144154056,0.019381995,final_average,0.086946072,IAM-2012,None,0.074595336,0.041749681,0.092601055,0.547042571,0.145636437,0.294172402,0.01314859,2210829.426,1937760.464,1.140919875,9.384847389,0,0,0.0026,high_inflation,150,-0.05,300,188164.6038,419303.3269,712688.208,IN,INR
M01780,P005,DB,12/31/2025,Active,49,M,6,64,623984.6841,552762.523,0.062472431,0.098557743,0.083991343,0.013338954,career_average,0.073147362,VBT-2015,None,0.061951731,0.057653312,0.091968322,0.361163208,0.465133504,0.128215475,0.045487814,873404.7737,749020.7562,1.166062177,16.93098514,0,0,0.0062,rate_down_100bps,-100,0,50,-106504.1018,113433.6687,192802.7584,IN,INR
M01781,P001,DB,12/31/2025,Active,47,M,19,63,600128.4707,532774.9751,0.061329429,0.084189329,0.046424023,0.008922832,flat,0.04370336,IALM_2012-14_Ultimate,MP-2020,0.077192128,0.042339538,0.077801639,0.687420244,0.23022747,0.04570405,0.036648235,745866.1598,854434.2037,0.872935747,9.459724362,0,0,0.0056,rate_down_100bps,-100,0,50,-72241.17656,169669.4373,288386.4722,IN,INR
M01782,P006,DC,12/31/2025,Active,46,M,18,65,998019.7388,892797.731,0.057287327,0.093485002,0.136833473,,account_balance,0.01663372,IAM-2012,MP-2021,0.067236556,0.033118799,0.099530608,0.265126653,0.599982615,0.035598114,0.099292618,8694012.692,8694012.692,1,13.94022033,0,0,0.0053,equity_down_20,0,-0.2,0,-461002.8973,918745.5035,1561588.102,IN,INR
M01783,P003,DC,12/31/2025,Active,34,M,8,66,562153.0415,512241.559,0.047586461,0.064660639,0.109910633,,account_balance,0.060539051,IAM-2012,None,0.088922724,0.031563687,0.072318733,0.479289604,0.425591585,0.090998564,0.004120247,945873.6902,945873.6902,1,17.35782165,0,0,0.0017,baseline,0,0,0,0,155285.0829,263937.4418,IN,INR
M01784,P004,Hybrid,12/31/2025,Active,42,M,15,64,904780.4527,791240.283,0.069343933,0.067151524,0.113664731,0.077397936,cash_balance,0.064748147,IALM_2012-14_Ultimate,MP-2021,0.082451584,0.05901864,0.072631289,0.239974082,0.427251631,0.214012065,0.118762221,1386337.839,1365121.892,1.01554143,10.84928013,0,0,0.0041,equity_down_20,0,-0.2,0,-66537.03008,137241.5743,233268.9615,IN,INR
M01785,P004,Hybrid,12/31/2025,Active,22,M,14,60,1194824.575,1078060.118,0.052762928,0.021328692,0.126398535,0.080127673,cash_balance,0.104760059,RP-2010,MI-2012,0.082597793,0.033640085,0.066095785,0.229747401,0.544510388,0.214908145,0.010834066,1782879.189,1751459.852,1.017938942,12.98423606,0,0,0.0005,rate_up_100bps,100,0,-50,178873.8699,181831.2941,309057.9321,IN,INR
M01786,P006,DC,12/31/2025,Active,46,M,7,64,813710.7157,755062.0506,0.038110768,0.088544627,0.093088357,,account_balance,0.047913324,RP-2014,MP-2021,0.07354756,0.046235749,0.074790176,0.108832986,0.739584717,0.1511858,0.000396497,1235686.518,1235686.518,1,14.82868934,0,0,0.0053,baseline,0,0,0,0,107022.9089,181906.4154,IN,INR
M01787,P004,Hybrid,12/31/2025,Active,58,F,15,61,365375.58,336700.4951,0.041712514,0.051312256,0.041575578,0.094173286,cash_balance,0.12843849,IALM_2012-14_Ultimate,MP-2021,0.050336622,0.045809385,0.071856558,0.138113526,0.540902346,0.068687074,0.252297055,571522.866,608002.3828,0.94000103,14.0565125,0,0,0.0089,baseline,0,0,0,0,40878.78805,69481.51453,IN,INR
M01788,P004,Hybrid,12/31/2025,Active,29,M,23,64,1794581.897,1603996.347,0.057742498,0.063784418,0.05026585,0.078508183,cash_balance,0.052477328,IAM-2012,MP-2021,0.083272829,0.042040717,0.084179563,0.552745985,0.229734397,0.213671123,0.003848495,4671983.288,5347732.25,0.873638221,12.27266069,0,0,0.0005,baseline,0,0,0,0,878579.6001,1493318.275,IN,INR
M01789,P001,DB,12/31/2025,Active,38,M,19,65,1110102.044,975085.1533,0.066989583,0.054289498,0.14791858,0.02431659,final_average,0.075530826,RP-2010,MP-2021,0.051014876,0.042540927,0.061629309,0.447726049,0.481008933,0.046202091,0.025062926,5776494.305,7248020.623,0.796975423,16.08868704,0,0,0.0029,rate_down_100bps,-100,0,50,-1027184.086,895545.2009,1522154.639,IN,INR
M01790,P003,DC,12/31/2025,Active,47,M,4,62,1116108.134,1037586.066,0.037148805,0.095287215,0.060373305,,account_balance,0.182222222,VBT-2015,MP-2021,0.054894322,0.044271484,0.072410345,0.219339864,0.681657209,0.020735443,0.078267484,742992.7718,742992.7718,1,12.68488256,0,0,0.0056,high_inflation,150,-0.05,300,95238.26569,73373.77609,124713.1173,IN,INR
M01791,P001,DB,12/31/2025,Active,57,F,14,66,886974.7464,830737.0072,0.03329386,0.044315227,0.031442471,0.016454758,final_average,0.137777778,RP-2010,MP-2021,0.083546765,0.032986028,0.060188264,0.249840949,0.633607372,0.038487692,0.078063986,2696051.476,2387359.708,1.129302579,12.47483342,0,0,0.0086,rate_up_100bps,100,0,-50,212407.2421,279229.6004,474605.4484,IN,INR
M01792,P005,DB,12/31/2025,Active,40,M,17,67,1418204.03,1249759.547,0.065261242,0.04982645,0.144644074,0.014815744,final_average,0.073149566,RP-2014,MP-2021,0.058751799,0.053727206,0.060252412,0.351617952,0.474792243,0.115257336,0.058332469,2615672.469,2894135.266,0.903783766,9.194327719,0,0,0.0035,rate_up_100bps,100,0,-50,204001.231,331860.7846,564062.4643,IN,INR
M01793,P003,DC,12/31/2025,Active,37,F,7,66,1501684.304,1319977.194,0.066611119,0.044909834,0.096372453,,account_balance,0.009610537,RP-2010,MP-2021,0.083645046,0.041311914,0.092811985,0.578984728,0.25933881,0.135969485,0.025706977,1780989.082,1780989.082,1,16.78111495,0,0,0.0026,high_inflation,150,-0.05,300,362105.4946,345625.1704,587457.7364,IN,INR
M01794,P004,Hybrid,12/31/2025,Active,24,F,19,63,1570786.336,1449337.807,0.041055174,0.054133008,0.130352208,0.057015518,cash_balance,0.041934223,RP-2014,MP-2021,0.059454036,0.037336188,0.089992636,0.470247711,0.309252708,0.079705333,0.140794249,2427766.024,2263443.821,1.072598313,17.99456513,0,0,0.0005,baseline,0,0,0,0,384785.4687,654018.3406,IN,INR
M01795,P001,DB,12/31/2025,Active,45,M,6,64,1111171.419,1017354.921,0.045091429,0.08879853,0.095814977,0.014166513,final_average,0.042800193,VBT-2015,MP-2021,0.080828333,0.039548019,0.089765633,0.52608433,0.299367527,0.162805955,0.011742189,1192342.062,1356741.077,0.878828011,15.68954238,0,0,0.005,equity_down_20,0,-0.2,0,-125454.4948,212836.3347,361757.0771,IN,INR
M01796,P001,DB,12/31/2025,Retired,64,M,9,67,530094.8155,474996.6959,0.05640752,0.063282931,0.042204274,0.017459483,final_average,0.0743996,VBT-2015,MP-2021,0.071687057,0.048356094,0.074145394,0.221914407,0.689446972,0.026190651,0.06244797,1113751.455,1324008.273,0.841196749,17.73888129,74638.7696,0,0.0107,rate_up_100bps,100,0,-50,196470.6275,111312.8036,189197.9325,IN,INR
M01797,P004,Hybrid,12/31/2025,Active,47,M,7,63,1181538.127,1085712.691,0.043197201,0.072262087,0.10386835,0.093672949,cash_balance,0.104922754,RP-2010,None,0.076839755,0.053253152,0.087969741,0.358199859,0.600278144,0.021607584,0.019914414,802332.3626,846148.0032,0.948217522,13.45950196,0,0,0.0056,rate_down_100bps,-100,0,50,-89806.17805,105885.5444,179973.2414,IN,INR
M01798,P001,DB,12/31/2025,Active,44,M,6,66,1110526.589,978947.3273,0.065086348,0.059748313,0.149688033,0.010000781,career_average,0.029828213,IALM_2012-14_Ultimate,MP-2020,0.083523254,0.034602591,0.070261417,0.1831823,0.803695524,0.011001563,0.002120614,899531.6944,836159.0718,1.075790151,14.23457263,0,0,0.0047,baseline,0,0,0,0,89634.35773,152351.1636,IN,INR
M01799,P001,DB,12/31/2025,Active,47,M,13,60,769201.0802,719025.3338,0.034303148,0.064301768,0.034168534,0.01375993,flat,0.066347509,IALM_2012-14_Ultimate,None,0.089361137,0.047777064,0.072376052,0.193471476,0.672148457,0.114789402,0.019590665,2245038.122,2181586.587,1.029085041,16.96167265,0,0,0.0056,baseline,0,0,0,0,212583.6617,361327.6098,IN,INR
M01800,P001,DB,12/31/2025,Active,44,M,4,60,686364.9467,645060.4105,0.031519289,0.057834983,0.131015304,0.010519904,flat,0.051370828,IALM_2012-14_Ultimate,MP-2021,0.053427672,0.042672369,0.082499375,0.117599736,0.477676611,0.269450423,0.135273229,304384.4519,372298.3384,0.817582085,13.71572991,0,0,0.0047,rate_up_100bps,100,0,-50,43793.56786,24641.65753,41883.32793,IN,INR
M01801,P006,DC,12/31/2025,Active,36,M,9,65,1257161.88,1166037.442,0.038339448,0.110260695,0.063903559,,account_balance,0.068040088,VBT-2015,MP-2021,0.077415332,0.055859162,0.087984851,0.538646589,0.20034538,0.116038927,0.144969104,2671264.22,2671264.22,1,9.643320577,0,0,0.0023,rate_up_100bps,100,0,-50,230839.7999,480281.4956,816332.5604,IN,INR
M01802,P005,DB,12/31/2025,Active,52,M,13,65,951574.7054,877347.1151,0.041443511,0.099959838,0.077263947,0.011344166,career_average,0.052019375,RP-2014,MI-2012,0.088349019,0.058478972,0.070629075,0.198994569,0.552038533,0.23736638,0.011600518,2412007.626,2024331.002,1.191508515,15.64566939,0,0,0.0071,baseline,0,0,0,0,234480.1046,398544.9072,IN,INR
M01803,P002,DB,12/31/2025,Active,46,F,7,65,826079.0002,771873.7385,0.034517064,0.003360924,0.074725141,0.011290942,career_average,0.049969178,IAM-2012,MP-2021,0.064951825,0.050356271,0.087171375,0.154340733,0.77172819,0.07020842,0.003722656,744378.9712,625377.4512,1.190287513,10.25103567,0,0,0.0053,baseline,0,0,0,0,68919.60002,117142.3718,IN,INR
M01804,P002,DB,12/31/2025,Active,44,M,20,67,2089807.918,1959832.244,0.032627617,0.039514801,0.137855663,0.018380853,final_average,0.070455712,RP-2010,MP-2020,0.063349793,0.047694154,0.098499725,0.342563216,0.589870165,0.066492173,0.001074447,7596654.274,8708234.499,0.872352975,12.08691746,0,0,0.0047,baseline,0,0,0,0,968801.4074,1646667.924,IN,INR
M01805,P002,DB,12/31/2025,Active,34,F,10,61,1332002.318,1184975.758,0.060224309,0.010511568,0.090538343,0.019275229,final_average,0.155555556,RP-2014,MP-2020,0.07719908,0.053410664,0.079753449,0.208829708,0.599750643,0.187581724,0.003837925,3748121.352,3791579.869,0.988538151,16.60011855,0,0,0.0017,rate_down_100bps,-100,0,50,-517009.8436,367155.0522,624051.9914,IN,INR
M01806,P005,DB,12/31/2025,Deferred,57,F,25,62,1197254.232,1114264.308,0.036571063,0.009692845,0.083660914,0.017481788,final_average,0.066764528,IAM-2012,MP-2020,0.066078042,0.044874181,0.076284289,0.285492688,0.675849283,0.024131114,0.014526916,4773363.038,5599736.464,0.852426372,11.49882622,0,0,0.0086,equity_down_20,0,-0.2,0,-272552.0486,550383.0531,935483.9006,IN,INR
M01807,P004,Hybrid,12/31/2025,Active,51,F,4,66,1703668.673,1497673.302,0.066556888,0.079352695,0.128163013,0.114603648,cash_balance,0.096444154,VBT-2015,None,0.058578421,0.031661171,0.069299973,0.263920042,0.714355069,0.018124863,0.003600026,813317.7569,740695.2713,1.098046374,17.41077876,0,0,0.0068,rate_down_100bps,-100,0,50,-99910.93188,91016.81804,154700.926,IN,INR
M01808,P002,DB,12/31/2025,Active,38,F,13,62,1142432.67,1046720.687,0.044719986,0.042592578,0.035868856,0.014726268,career_average,0.067294322,IAM-2012,None,0.056458683,0.051032875,0.074245948,0.35654247,0.300883814,0.04804208,0.294531636,2968381.48,3273697.326,0.906736691,16.33697552,0,0,0.0029,baseline,0,0,0,0,360572.3059,612863.3236,IN,INR
M01809,P001,DB,12/31/2025,Active,54,M,12,65,717230.4053,642174.663,0.056824232,0.080113871,0.040374758,0.013451777,final_average,0.01158294,VBT-2015,MI-2012,0.057705209,0.047411537,0.08115282,0.111342056,0.588098734,0.147365072,0.153194137,2122427.936,1836196.589,1.155882735,17.713529,0,0,0.0077,high_inflation,150,-0.05,300,382452.2599,158312.3882,269082.9407,IN,INR
M01810,P001,DB,12/31/2025,Active,39,M,8,64,826274.6748,765384.9184,0.039016085,0.027278647,0.032602663,0.015284317,final_average,0.093644563,VBT-2015,MP-2020,0.078172441,0.034543133,0.097764299,0.239044748,0.405836023,0.351493014,0.003626216,877618.792,930600.0046,0.943067685,9.943679922,0,0,0.0032,rate_down_100bps,-100,0,50,-74727.41978,98527.62001,167467.0064,IN,INR
M01811,P004,Hybrid,12/31/2025,Active,36,M,11,61,1368703.119,1266385.498,0.039612911,0.025646279,0.112557948,0.084173701,cash_balance,0.048914617,RP-2014,MI-2012,0.086747804,0.03638901,0.070430107,0.355377812,0.593428194,0.049884303,0.001309691,1636988.142,1590769.29,1.029054403,11.65229917,0,0,0.0023,high_inflation,150,-0.05,300,176096.7132,214674.5923,364881.5563,IN,INR
M01812,P005,DB,12/31/2025,Active,36,M,14,63,1304300.528,1176333.655,0.052988368,0.025123138,0.093073936,0.013685803,career_average,0.058299385,IALM_2012-14_Ultimate,MP-2020,0.082240548,0.036920297,0.069258531,0.270026557,0.567457773,0.142163191,0.020352479,4205396.977,3633380.76,1.157433601,16.12063239,0,0,0.0023,rate_up_100bps,100,0,-50,466404.6954,457149.5025,777015.203,IN,INR
M01813,P002,DB,12/31/2025,Active,26,F,16,64,1203616.153,1086688.581,0.052425717,0.061614563,0.135122655,0.017711535,final_average,0.128888889,IALM_2012-14_Ultimate,MP-2021,0.067928066,0.05197229,0.098423436,0.156920184,0.687629601,0.04182441,0.113625806,4775067.554,4638050.884,1.029541864,15.06101396,0,0,0.0005,rate_up_100bps,100,0,-50,534363.6016,409186.9221,695493.3946,IN,INR
M01814,P001,DB,12/31/2025,Active,49,F,10,66,590092.2143,524438.4004,0.060749169,0.081499939,0.089823948,0.021764916,final_average,0.155555556,RP-2014,MP-2021,0.071144046,0.045551159,0.084233756,0.399409919,0.422887704,0.153050499,0.024651877,1547277.983,1812014.157,0.8538995,15.87486774,0,0,0.0062,baseline,0,0,0,0,218394.2507,371203.8449,IN,INR
M01815,P001,DB,12/31/2025,Active,26,M,13,65,1419776.721,1262851.435,0.060312532,0.045226101,0.056618349,0.018272942,final_average,0.078968901,RP-2010,MP-2021,0.074806937,0.031436831,0.089410803,0.288358479,0.37348666,0.194764745,0.143390116,5605919.284,5055364.561,1.108905049,16.85188135,0,0,0.0005,high_inflation,150,-0.05,300,1040030.134,610064.6099,1036924.407,IN,INR
M01816,P006,DC,12/31/2025,Active,32,M,6,64,956220.4673,856149.9098,0.056827511,0.060294092,0.119908681,,account_balance,0.064789731,VBT-2015,None,0.073197865,0.055138951,0.093187829,0.394123188,0.263610527,0.203461919,0.138804365,1209335.771,1209335.771,1,11.45022136,0,0,0.0011,high_inflation,150,-0.05,300,159966.5476,167171.4781,284140.7007,IN,INR
M01817,P002,DB,12/31/2025,Active,23,M,16,64,1289769.043,1174405.855,0.047965223,0.097357955,0.065318863,0.011825585,career_average,0.018067461,RP-2010,MP-2021,0.08873891,0.049348993,0.063271612,0.317337316,0.519050903,0.114350671,0.04926111,4571704.727,3944507.584,1.159005181,17.7513746,0,0,0.0005,baseline,0,0,0,0,541605.703,920565.0733,IN,INR
M01818,P005,DB,12/31/2025,Active,43,M,23,63,677677.0629,596778.9327,0.065625615,0.011675404,0.142282774,0.019322893,final_average,0.033550452,VBT-2015,MP-2021,0.085467723,0.051994505,0.079392532,0.36519556,0.421370005,0.127390963,0.086043472,3318357.804,4199914.217,0.790101329,15.83532377,0,0,0.0044,equity_down_20,0,-0.2,0,-242369.9071,430107.0582,731051.2672,IN,INR
M01819,P004,Hybrid,12/31/2025,Active,42,M,17,61,2385013.701,2143214.844,0.05490314,0.048663268,0.060050867,0.053794186,cash_balance,0.021205826,VBT-2015,MI-2012,0.051741607,0.058123104,0.065604087,0.412576152,0.29346824,0.136733504,0.157222105,2460755.042,2608562.737,0.943337497,17.53051681,0,0,0.0041,baseline,0,0,0,0,347993.6279,591483.3943,IN,INR
M01820,P003,DC,12/31/2025,Active,41,M,7,63,1100607.829,962018.3624,0.06960794,0.046932592,0.078314557,,account_balance,0.133451165,IALM_2012-14_Ultimate,None,0.083430634,0.037805029,0.084972553,0.371090571,0.421032842,0.118391634,0.089484953,1122056.906,1122056.906,1,9.980354523,0,0,0.0038,rate_up_100bps,100,0,-50,88364.11678,147074.7336,249982.3435,IN,INR
M01821,P002,DB,12/31/2025,Active,34,F,6,60,815946.2092,722402.165,0.062774793,0.00981266,0.089198879,0.021795481,final_average,0.163027778,IALM_2012-14_Ultimate,MP-2020,0.054562438,0.047688252,0.098149283,0.192226795,0.630323288,0.095049993,0.082399924,1585080.253,1324564.947,1.196679903,14.02091999,0,0,0.0017,rate_up_100bps,100,0,-50,135760.5417,143744.6435,244322.2025,IN,INR
M01822,P001,DB,12/31/2025,Active,32,M,34,62,1316890.331,1237034.474,0.031772392,0.026820036,0.036061814,0.018348542,final_average,0.06,VBT-2015,MP-2021,0.077608381,0.052804453,0.06225014,0.39335329,0.087982359,0.407879107,0.110785244,13162615.74,12615822.98,1.043341823,16.34757351,0,0,0.0011,high_inflation,150,-0.05,300,2747837.645,2009584.211,3415682.343,IN,INR
M01823,P004,Hybrid,12/31/2025,Active,49,F,22,63,1448626.178,1332092.848,0.042823756,0.002844121,0.034369407,0.115013329,cash_balance,0.080955781,IALM_2012-14_Ultimate,MP-2021,0.061426001,0.045383753,0.070964188,0.202558023,0.69222981,0.077066913,0.028145255,4663137.479,5218711.757,0.893541873,9.80311864,0,0,0.0062,baseline,0,0,0,0,450681.9242,766022.2858,IN,INR
M01824,P005,DB,12/31/2025,Active,38,M,16,63,1309733.838,1181488.223,0.052875029,0.087695429,0.089521745,0.024955203,final_average,0.023287746,IALM_2012-14_Ultimate,MP-2021,0.080935336,0.044582095,0.099987261,0.360044533,0.294422061,0.236467307,0.1090661,7122651.052,6306690.816,1.129380092,13.36875786,0,0,0.0029,equity_down_20,0,-0.2,0,-512894.3146,930264.8958,1581167.568,IN,INR
M01825,P004,Hybrid,12/31/2025,Active,47,F,23,60,629284.0927,561268.4988,0.058858782,0.060784953,0.055812826,0.060990169,cash_balance,0.034791938,IAM-2012,MP-2021,0.05034425,0.057861725,0.0602195,0.381041184,0.403580524,0.142094622,0.073283669,1110392.86,1147363.638,0.967777628,16.17919556,0,0,0.0056,baseline,0,0,0,0,149349.6764,253849.0548,IN,INR
M01826,P003,DC,12/31/2025,Active,35,M,10,64,1646562.558,1487769.471,0.05201346,0.08586379,0.118164331,,account_balance,0.119887629,IAM-2012,MP-2020,0.065290872,0.037308093,0.065582237,0.326578006,0.487101643,0.170626431,0.015693921,4170235.04,4170235.04,1,9.444594254,0,0,0.002,baseline,0,0,0,0,510579.8533,867830.5592,IN,INR
M01827,P001,DB,12/31/2025,Active,46,F,16,64,843076.4207,748293.1581,0.061445217,0.052155445,0.065526829,0.015220949,career_average,0.12240576,VBT-2015,MP-2021,0.050860893,0.049586539,0.063230851,0.406915085,0.373410698,0.215241253,0.004432965,3205277.41,2817006.692,1.137830953,15.45803894,0,0,0.0053,baseline,0,0,0,0,465440.7025,791107.7229,IN,INR
M01828,P006,DC,12/31/2025,Deferred,57,F,20,61,977503.844,901491.308,0.041306226,0.062581685,0.122338444,,account_balance,0.091443359,IALM_2012-14_Ultimate,MP-2021,0.088141201,0.059108648,0.090562532,0.205800069,0.291774235,0.392350249,0.110075446,7933803.783,7933803.783,1,17.71588477,0,0,0.0086,equity_down_20,0,-0.2,0,-326555.4736,847674.375,1440788.786,IN,INR
M01829,P005,DB,12/31/2025,Active,50,M,9,67,364419.507,338645.7006,0.037356482,0.070085448,0.077314644,0.010739546,career_average,0.084287169,IAM-2012,MP-2021,0.050614597,0.036599615,0.090037174,0.301981618,0.50339448,0.188485688,0.006138215,340249.8909,311134.5184,1.093578085,9.505483451,0,0,0.0065,high_inflation,150,-0.05,300,26378.80584,39859.79153,67749.53016,IN,INR
M01830,P002,DB,12/31/2025,Active,40,M,14,61,799048.7352,750035.8529,0.032156667,0.090801163,0.046256336,0.01371833,final_average,0.012041354,RP-2010,MP-2021,0.056211597,0.043872354,0.091103393,0.347775955,0.311480915,0.042895299,0.297847831,2672832.872,2486490.011,1.074942131,17.26137611,0,0,0.0035,baseline,0,0,0,0,317745.6739,540071.0664,IN,INR
M01831,P006,DC,12/31/2025,Active,47,F,19,66,796787.6865,718689.8494,0.05293255,0.117918248,0.094756497,,account_balance,0.078195394,VBT-2015,None,0.071570911,0.059263119,0.090994252,0.54192148,0.319091528,0.026491687,0.112495305,6642390.838,6642390.838,1,12.77264376,0,0,0.0056,baseline,0,0,0,0,1203185.479,2045049.604,IN,INR
M01832,P004,Hybrid,12/31/2025,Active,42,M,5,60,1205944.368,1078277.14,0.057543981,0.033094839,0.115239959,0.115316659,cash_balance,0.127074517,VBT-2015,None,0.075846044,0.031075624,0.093408811,0.193402129,0.551954082,0.054729405,0.199914385,644381.2137,702278.4324,0.917558028,9.217925057,0,0,0.0041,baseline,0,0,0,0,54464.73099,92573.48806,IN,INR
M01833,P004,Hybrid,12/31/2025,Active,44,M,8,66,777432.1504,714587.7753,0.043045989,0.070902619,0.111064699,0.079864473,cash_balance,0.083316996,RP-2010,MP-2021,0.07915965,0.048895637,0.090915167,0.19954838,0.705633272,0.069484608,0.02533374,553595.0383,559406.783,0.989610879,12.13314814,0,0,0.0047,rate_down_100bps,-100,0,50,-48341.89978,53527.18391,90979.94298,IN,INR
M01834,P005,DB,12/31/2025,Active,41,M,19,60,474624.5549,426796.9565,0.054543367,0.095835056,0.077251431,0.010060849,flat,0.028066213,VBT-2015,MP-2020,0.059876094,0.042136242,0.079341858,0.505000671,0.35819614,0.011540496,0.125262693,1086658.06,957509.9955,1.134879077,11.73636945,0,0,0.0038,high_inflation,150,-0.05,300,111934.4593,184615.409,313790.0812,IN,INR
M01835,P005,DB,12/31/2025,Active,42,F,12,65,1098800.461,1031541.763,0.032086289,0.098080743,0.046511538,0.015854985,final_average,0.062953077,IALM_2012-14_Ultimate,MP-2021,0.0620398,0.053132762,0.089819376,0.481195093,0.478431107,0.036618075,0.003755724,2502597.551,2206090.137,1.134404034,11.24059675,0,0,0.0041,baseline,0,0,0,0,413838.8075,703400.1859,IN,INR
M01836,P004,Hybrid,12/31/2025,Active,46,F,11,63,879674.1207,822819.3243,0.033971734,0.063810301,0.089938413,0.091802205,cash_balance,0.012074494,IAM-2012,MI-2012,0.059596116,0.03969722,0.08390466,0.329159107,0.483664112,0.173318297,0.013858484,917079.5504,1027381.15,0.892638093,16.45812501,0,0,0.0053,equity_down_20,0,-0.2,0,-60373.01717,112979.2704,192030.4194,IN,INR
M01837,P001,DB,12/31/2025,Active,34,M,10,65,709384.1066,633654.4597,0.058070191,0.019359848,0.136851811,0.013083126,career_average,0.068758466,RP-2014,MP-2021,0.059762913,0.041186501,0.074660903,0.567974026,0.372106482,0.050617097,0.009302395,1008320.846,1083628.933,0.930503805,13.07123394,0,0,0.0017,rate_down_100bps,-100,0,50,-122883.5368,192287.2779,326829.9265,IN,INR
M01838,P002,DB,12/31/2025,Active,34,M,20,63,1024163.62,938355.0794,0.044722788,0.011920891,0.086246742,0.009709624,flat,0.018591244,IAM-2012,MP-2021,0.081271717,0.045469105,0.093462986,0.315927609,0.681300047,0.000976396,0.001795947,2052912.818,2145299.955,0.956935096,11.77303371,0,0,0.0017,baseline,0,0,0,0,254141.9639,431964.0918,IN,INR
M01839,P006,DC,12/31/2025,Active,30,F,6,61,442022.8117,395744.7998,0.056853361,0.112600508,0.167613884,,account_balance,0.043256024,RP-2010,MP-2020,0.087919952,0.040376463,0.091521587,0.379239305,0.360083483,0.246841817,0.013835395,865274.4751,865274.4751,1,11.79097507,0,0,0.0005,baseline,0,0,0,0,119911.3257,203812.8065,IN,INR
M01840,P002,DB,12/31/2025,Active,28,F,8,65,1301732.869,1151425.103,0.063268845,0.043392769,0.041166396,0.015885707,career_average,0.050453705,RP-2014,MP-2021,0.073832117,0.037787229,0.066939658,0.236038639,0.590643763,0.10924758,0.064070018,2535373.673,2623539.627,0.966394274,17.92897266,0,0,0.0005,baseline,0,0,0,0,252205.7383,428673.0969,IN,INR
M01841,P003,DC,12/31/2025,Active,32,F,4,61,906855.9097,800883.6054,0.064104897,0.103066192,0.14372976,,account_balance,0.036519441,IALM_2012-14_Ultimate,MP-2021,0.056297224,0.040660013,0.060977138,0.575354773,0.252030625,0.16813215,0.004482453,889978.424,889978.424,1,14.5693638,0,0,0.0011,baseline,0,0,0,0,172462.2872,293133.4681,IN,INR
M01842,P003,DC,12/31/2025,Active,46,M,9,67,873020.6744,812011.0064,0.036886706,0.078015133,0.115679667,,account_balance,0.061292124,IALM_2012-14_Ultimate,None,0.052617313,0.05723853,0.072638994,0.371569854,0.524684455,0.102635116,0.001110576,1940722.765,1940722.765,1,9.374352215,0,0,0.0053,high_inflation,150,-0.05,300,160469.5476,260639.1674,443007.363,IN,INR
M01843,P003,DC,12/31/2025,Active,35,M,12,61,1511722.139,1372610.421,0.049451423,0.064650113,0.15077767,,account_balance,0.088994181,IAM-2012,MP-2020,0.059567063,0.04028026,0.0761507,0.541873832,0.279165819,0.166751885,0.012208464,5511487.201,5511487.201,1,16.99127936,0,0,0.002,equity_down_20,0,-0.2,0,-597306.1382,1010652.113,1717801.403,IN,INR
M01844,P004,Hybrid,12/31/2025,Active,49,M,3,64,773654.5266,689385.7993,0.059357069,0.07295711,0.065442289,0.069177404,cash_balance,0.136043146,VBT-2015,MI-2012,0.057111777,0.056982971,0.066974302,0.281107895,0.565253737,0.075315433,0.078322935,145866.2236,151240.7288,0.964463903,15.54015931,0,0,0.0062,high_inflation,150,-0.05,300,27020.51084,15904.54474,27032.89185,IN,INR
M01845,P006,DC,12/31/2025,Active,44,F,6,65,1106149.046,982689.382,0.060959224,0.080165729,0.066456135,,account_balance,0.083430168,VBT-2015,MP-2021,0.073140847,0.03615059,0.094205051,0.361165728,0.514239282,0.005003505,0.119591484,1132563.063,1132563.063,1,10.90552858,0,0,0.0047,baseline,0,0,0,0,146359.3508,248766.4103,IN,INR
M01846,P002,DB,12/31/2025,Active,24,M,12,63,928863.7878,824526.222,0.061387039,0.008773466,0.051308188,0.016748085,final_average,0.116870601,RP-2010,MP-2021,0.077917227,0.050165424,0.061343223,0.216618887,0.695068168,0.06796308,0.020349866,1317282.679,1660764.791,0.793178352,10.02206565,0,0,0.0005,rate_down_100bps,-100,0,50,-120662.8747,131501.3314,223512.2934,IN,INR
M01847,P001,DB,12/31/2025,Active,51,M,14,62,4185665.457,3876390.42,0.039126693,0.03387488,0.094204475,0.023709799,final_average,0.080253636,VBT-2015,None,0.050183631,0.052348872,0.079344757,0.497971563,0.328214749,0.143977096,0.029836592,18445495.16,15948265.79,1.156583129,12.39452946,0,0,0.0068,high_inflation,150,-0.05,300,2051745.882,3124786.475,5311187.225,IN,INR
M01848,P002,DB,12/31/2025,Deferred,52,M,26,65,1226628.373,1139116.668,0.037701393,0.014993069,0.115620513,0.013147659,flat,0.059087216,IALM_2012-14_Ultimate,MP-2021,0.067584815,0.033340975,0.062219096,0.197419906,0.718626806,0.083949998,3.29E-06,4663674.978,4233329.455,1.101656516,10.87156504,0,0,0.0071,rate_up_100bps,100,0,-50,292657.0723,455135.5231,773592.0502,IN,INR
M01849,P006,DC,12/31/2025,Active,34,M,15,65,589096.0017,530681.7346,0.053600499,0.076528074,0.070564921,,account_balance,0.071096818,RP-2014,MP-2021,0.07491917,0.046319583,0.08146549,0.131018422,0.468281603,0.399677695,0.00102228,2106746.976,2106746.976,1,15.31646493,0,0,0.0017,baseline,0,0,0,0,212968.2296,361981.2584,IN,INR
M01850,P004,Hybrid,12/31/2025,Active,48,F,10,67,2166221.624,1929227.241,0.059643432,0.047711303,0.034788281,0.100867921,cash_balance,0.046633204,IAM-2012,MP-2020,0.057715027,0.030392598,0.07854597,0.329612229,0.484218308,0.051717099,0.134452365,2247259.027,2346201.838,0.957828517,10.56878116,0,0,0.0059,baseline,0,0,0,0,267348.107,454410.521,IN,INR
M01851,P002,DB,12/31/2025,Active,35,M,11,63,1574340.687,1447855.913,0.042765581,0.000427512,0.057331058,0.012961032,final_average,0.125140105,IAM-2012,None,0.086038833,0.057846783,0.091206088,0.118034241,0.490232075,0.382921235,0.008812449,3334951.118,2830817.257,1.178087745,13.71368614,0,0,0.002,rate_down_100bps,-100,0,50,-306464.3934,326124.8626,554313.1403,IN,INR
M01852,P005,DB,12/31/2025,Active,45,F,12,64,1004733.402,939402.4291,0.034188206,0.097571057,0.138216976,0.014473295,career_average,0.060656419,IAM-2012,MP-2020,0.071960491,0.045727863,0.087587,0.648042281,0.294585987,0.051420984,0.005950749,2388585.623,2403904.857,0.993627354,14.733873,0,0,0.005,baseline,0,0,0,0,514545.8927,874571.6206,IN,INR
M01853,P006,DC,12/31/2025,Active,31,F,8,63,808715.5617,721563.7483,0.058669855,0.056816097,0.169890333,,account_balance,0.164444444,VBT-2015,MI-2012,0.063815911,0.03110298,0.093758215,0.326562339,0.556093636,0.116745012,0.000599012,1872896.775,1872896.775,1,15.02145198,0,0,0.0008,high_inflation,150,-0.05,300,313310.6086,230044.4569,391005.6544,IN,INR
M01854,P005,DB,12/31/2025,Active,26,M,12,62,542059.2052,499253.7796,0.041987913,0.025820439,0.12785295,0.016237129,career_average,0.035543724,RP-2014,MP-2020,0.050747025,0.050496687,0.081773861,0.166302025,0.637320795,0.182197002,0.014180178,1199735.416,1545905.855,0.776072755,15.89173102,0,0,0.0005,equity_down_20,0,-0.2,0,-39903.68573,108931.7194,185150.8131,IN,INR
M01855,P006,DC,12/31/2025,Active,40,F,8,65,1195101.948,1112082.156,0.036654509,0.079036884,0.127335967,,account_balance,0.164444444,VBT-2015,None,0.069372275,0.056571227,0.092897485,0.182471073,0.408451018,0.102612568,0.30646534,2619371.679,2619371.679,1,13.52625414,0,0,0.0035,baseline,0,0,0,0,197148.3359,335092.2475,IN,INR
M01856,P002,DB,12/31/2025,Active,43,F,13,63,726635.0465,677131.7493,0.035908941,0.01588159,0.143232251,0.013879106,final_average,0.052453092,VBT-2015,MI-2012,0.063437841,0.052125635,0.088765421,0.206312499,0.70326285,0.084061065,0.006363587,1264324.356,1331681.946,0.949419161,10.89989966,0,0,0.0044,baseline,0,0,0,0,124525.7037,211655.8465,IN,INR
M01857,P005,DB,12/31/2025,Active,40,F,10,63,662657.9603,609616.892,0.042596382,0.099913708,0.139096089,0.013630125,career_average,0.03491706,IALM_2012-14_Ultimate,MP-2020,0.088781852,0.03401225,0.091180035,0.33012196,0.473580688,0.018676816,0.177620535,844321.5228,1001713.737,0.842877053,12.05554351,0,0,0.0035,high_inflation,150,-0.05,300,137217.5216,99912.68053,169821.1883,IN,INR
M01858,P003,DC,12/31/2025,Active,32,M,9,63,1395738.593,1257083.875,0.053707123,0.094059093,0.097481537,,account_balance,0.077149917,IALM_2012-14_Ultimate,None,0.065150199,0.046196634,0.084027085,0.406339156,0.477370931,0.115423289,0.000866624,3115647.23,3115647.23,1,12.41731073,0,0,0.0011,rate_down_100bps,-100,0,50,-312513.6267,447298.1935,760270.9721,IN,INR
M01859,P005,DB,12/31/2025,Active,40,M,9,65,1973278.863,1809288.785,0.04433609,0.04055135,0.068192883,0.013501593,career_average,0.066010347,VBT-2015,MP-2021,0.086840297,0.051992956,0.088783047,0.130325009,0.400278009,0.384976856,0.084420127,4003896.501,3338882.882,1.199172491,15.18678229,0,0,0.0035,baseline,0,0,0,0,383546.3437,651912.2048,IN,INR
M01860,P005,DB,12/31/2025,Active,47,M,16,67,794665.9684,747848.2595,0.030826474,0.087135592,0.102200254,0.014223065,final_average,0.128888889,RP-2010,MP-2020,0.077442175,0.054017102,0.076068599,0.358730452,0.574158351,0.067007055,0.000104142,2006660.457,2490270.252,0.805800276,14.63254301,0,0,0.0056,high_inflation,150,-0.05,300,424181.7236,264054.3335,448812.1073,IN,INR
M01861,P005,DB,12/31/2025,Active,44,F,15,65,1415016.935,1323806.308,0.033876337,0.06418875,0.110986522,0.014599113,career_average,0.035732461,RP-2010,MI-2012,0.052958522,0.03048006,0.063399282,0.203261784,0.570576452,0.201241592,0.024920173,3462936.973,3900610.996,0.88779347,13.45520955,0,0,0.0047,equity_down_20,0,-0.2,0,-140776.5492,332545.5699,565226.3911,IN,INR
M01862,P004,Hybrid,12/31/2025,Active,46,F,9,64,1083274.122,998434.6398,0.04162013,0.036869441,0.089802611,0.078322203,cash_balance,0.102876381,RP-2010,None,0.087308819,0.038512184,0.076663415,0.355069283,0.333912092,0.302788902,0.008229723,922405.3294,904702.4699,1.019567604,13.26033297,0,0,0.0053,baseline,0,0,0,0,124798.0784,212118.8007,IN,INR
M01863,P001,DB,12/31/2025,Active,37,F,16,65,1157152.541,1036915.933,0.056388179,0.089832844,0.128673987,0.019145302,final_average,0.128888889,VBT-2015,MP-2021,0.056737937,0.056539313,0.066936016,0.532718047,0.23041467,0.231136698,0.005730584,2577633.792,3030671.982,0.850515598,9.541423779,0,0,0.0026,rate_up_100bps,100,0,-50,259473.0252,470490.717,799691.2127,IN,INR
M01864,P003,DC,12/31/2025,Active,56,M,10,65,681206.3236,637217.2001,0.033940603,0.062017594,0.063442269,,account_balance,0.043678921,RP-2014,MP-2021,0.067920943,0.037752956,0.085175171,0.557052601,0.244145478,0.18787637,0.010925551,1203071.781,1203071.781,1,15.20686278,0,0,0.0083,rate_down_100bps,-100,0,50,-168263.2481,226816.9727,385519.9123,IN,INR
M01865,P006,DC,12/31/2025,Active,32,M,10,61,894878.2806,807942.7791,0.052426274,0.105621944,0.069375725,,account_balance,0.023291321,RP-2010,None,0.086920161,0.044175964,0.070529694,0.314990432,0.567548263,0.059603324,0.057857981,1987954.58,1987954.58,1,16.23714882,0,0,0.0011,baseline,0,0,0,0,235359.0805,400038.8992,IN,INR
M01866,P006,DC,12/31/2025,Active,49,M,8,61,601097.9154,561353.2142,0.034795435,0.064658884,0.068363494,,account_balance,0.019019379,IALM_2012-14_Ultimate,MP-2021,0.083140395,0.050899956,0.09832566,0.216270354,0.533829408,0.113493022,0.136407216,869311.504,869311.504,1,16.99704675,0,0,0.0062,rate_up_100bps,100,0,-50,124554.0804,79416.35897,134983.6715,IN,INR
M01867,P001,DB,12/31/2025,Deferred,56,M,25,60,567974.1541,526677.9899,0.038464613,0.09223985,0.059602064,0.016916153,final_average,0.036916365,IAM-2012,None,0.069503272,0.059567962,0.070847747,0.343954434,0.500593346,0.141855136,0.013597084,1637485.515,2045567.437,0.800504293,9.183897563,0,0,0.0083,rate_down_100bps,-100,0,50,-146877.1003,207326.5766,352392.1629,IN,INR
M01868,P001,DB,12/31/2025,Active,49,F,23,64,1243230.576,1156347.512,0.036887541,0.049646088,0.082781369,0.01704951,final_average,0.060249429,IAM-2012,None,0.058276822,0.042775811,0.063925308,0.334904849,0.607812464,0.053662746,0.003619941,7067097.655,7651180.439,0.923661089,16.87331195,0,0,0.0062,rate_up_100bps,100,0,-50,1076234.042,889769.5813,1512337.841,IN,INR
M01869,P001,DB,12/31/2025,Active,42,M,7,66,777679.6754,729224.9585,0.032689145,0.07336124,0.145648026,0.014253648,final_average,0.168888889,VBT-2015,MP-2021,0.070370442,0.045110239,0.095224938,0.466538493,0.337153739,0.133139516,0.063168253,1416379.492,1228476.315,1.152956288,16.88422744,0,0,0.0041,baseline,0,0,0,0,225550.1992,383366.7823,IN,INR
M01870,P005,DB,12/31/2025,Active,39,M,9,63,652269.2092,583979.4307,0.056853193,0.097110374,0.105105117,0.017011428,final_average,0.068673034,IAM-2012,None,0.071905375,0.046758887,0.076576453,0.428156321,0.428395265,0.139993442,0.003454973,1351295.828,1338273.278,1.00973086,14.96800712,0,0,0.0032,equity_down_20,0,-0.2,0,-115713.17,202216.3766,343706.3762,IN,INR
M01871,P005,DB,12/31/2025,Active,54,M,13,63,571329.2953,519660.4726,0.048536142,0.069041414,0.143886868,0.024980452,final_average,0.016969993,VBT-2015,None,0.089877465,0.037024962,0.074231465,0.250206074,0.557779088,0.166739574,0.025275264,2108041.218,1941872.364,1.08557146,11.50687377,0,0,0.0077,rate_down_100bps,-100,0,50,-164657.7362,219990.6437,373917.2279,IN,INR
M01872,P002,DB,12/31/2025,Active,30,M,15,66,498230.4939,440723.2327,0.063242138,0.010243869,0.116692968,0.020358365,final_average,0.016831895,IAM-2012,MP-2021,0.082961251,0.041060351,0.095415534,0.186582912,0.370149547,0.401379757,0.041887785,2013241.434,2292315.412,0.878256728,17.03233843,0,0,0.0005,equity_down_20,0,-0.2,0,-75127.2898,214777.779,365056.9424,IN,INR
M01873,P003,DC,12/31/2025,Active,34,M,5,66,408242.503,381869.0057,0.033955634,0.092404721,0.060968771,,account_balance,0.082117085,RP-2014,MP-2020,0.084452681,0.043033989,0.08613819,0.643584888,0.301698811,0.012340583,0.042375719,360037.2477,360037.2477,1,12.12755377,0,0,0.0017,rate_up_100bps,100,0,-50,38232.57033,76989.6661,130859.0313,IN,INR
M01874,P005,DB,12/31/2025,Active,40,M,6,65,1035013.636,964724.2963,0.035789317,0.059509644,0.101022861,0.022913812,final_average,0.173333333,RP-2014,None,0.089447497,0.030579702,0.081286865,0.098942467,0.390469551,0.479804968,0.030783014,2173802.35,1887279.152,1.151818133,14.22932612,0,0,0.0035,baseline,0,0,0,0,233274.6397,396495.9833,IN,INR
M01875,P005,DB,12/31/2025,Active,56,M,1,62,301841.9558,277861.8186,0.042258309,0.027555582,0.047065031,0.010810346,flat,0.090709607,RP-2014,MP-2021,0.070932774,0.030228435,0.073085152,0.478474339,0.3135632,0.027259707,0.180702754,39046.10993,38954.71183,1.002346266,12.96855334,0,0,0.0083,baseline,0,0,0,0,6268.823229,10655.09407,IN,INR
M01876,P003,DC,12/31/2025,Active,48,M,15,61,1217236.431,1082040.032,0.060634639,0.061075473,0.17975285,,account_balance,0.029790708,RP-2014,MP-2021,0.07340906,0.036729259,0.071699766,0.187007054,0.571405658,0.067649249,0.173938039,6570382.714,6570382.714,1,16.9735236,0,0,0.0059,baseline,0,0,0,0,555676.701,944481.4931,IN,INR
M01877,P004,Hybrid,12/31/2025,Active,34,M,4,60,1213383.858,1117045.283,0.042230353,0.040535203,0.060319944,0.107643491,cash_balance,0.101985989,RP-2010,MP-2020,0.068177769,0.045366703,0.08318045,0.567539666,0.335160907,0.095804216,0.001495211,492868.7131,525182.113,0.93847201,11.32257741,0,0,0.0017,baseline,0,0,0,0,93925.48054,159644.7681,IN,INR
M01878,P003,DC,12/31/2025,Active,41,F,7,61,941654.6228,860099.4818,0.046336748,0.067565458,0.062315805,,account_balance,0.129226972,IALM_2012-14_Ultimate,MP-2021,0.055018162,0.058670748,0.080055785,0.550021793,0.10663744,0.308746135,0.034594633,1023893.737,1023893.737,1,11.9803286,0,0,0.0038,baseline,0,0,0,0,195804.9834,332808.9566,IN,INR
M01879,P002,DB,12/31/2025,Active,38,M,17,63,1018010.019,937482.4538,0.042064143,0.070160209,0.062035433,0.013820891,final_average,0.111840599,RP-2014,MP-2021,0.071010269,0.059178132,0.071040111,0.218785493,0.377721347,0.21547586,0.1880173,2916053.87,2791029.101,1.044795222,12.67115683,0,0,0.0029,rate_down_100bps,-100,0,50,-298582.8848,267099.2123,453987.4758,IN,INR
M01880,P003,DC,12/31/2025,Active,37,F,17,64,865954.75,811183.0391,0.033208972,0.056590238,0.130532264,,account_balance,0.053902081,RP-2010,MP-2020,0.073303555,0.049415536,0.067361925,0.325395835,0.590782462,0.063985221,0.019836482,4491002.596,4491002.596,1,16.69307048,0,0,0.0026,baseline,0,0,0,0,550409.803,935529.3674,IN,INR
M01881,P004,Hybrid,12/31/2025,Deferred,54,F,24,61,1089616.707,956037.7817,0.067577345,0.038214597,0.104865979,0.072111479,cash_balance,0.009052985,VBT-2015,MP-2021,0.059490886,0.05481028,0.092720381,0.170910411,0.628557357,0.129294595,0.071237638,2500262.2,2627050.968,0.951737226,11.86372073,0,0,0.0077,baseline,0,0,0,0,218874.1147,372019.468,IN,INR
M01882,P006,DC,12/31/2025,Active,30,M,29,62,1083931.341,979531.816,0.05194156,0.055640207,0.072429426,,account_balance,0.044969216,IAM-2012,MP-2021,0.081312972,0.057020982,0.087509876,0.484112419,0.379179373,0.065070513,0.071637694,12278469.91,12278469.91,1,11.59772477,0,0,0.0005,rate_down_100bps,-100,0,50,-1191236.02,2015124.574,3425099.275,IN,INR
M01883,P004,Hybrid,12/31/2025,Retired,60,F,42,62,1768566.896,1569533.499,0.061513328,0.059644559,0.03256235,0.073917181,cash_balance,0.035732687,IAM-2012,MP-2021,0.054979293,0.055174141,0.099731721,0.329749566,0.272580263,0.362588495,0.035081676,9476375.382,10308141.52,0.919309787,16.16464875,687209.4344,0,0.0095,equity_down_20,0,-0.2,0,-624966.133,1257778.77,2137841.605,IN,INR
M01884,P005,DB,12/31/2025,Active,52,M,9,65,1962585.106,1758837.629,0.056334284,0.086758003,0.045543981,0.016848466,final_average,0.078439855,RP-2010,MI-2012,0.07007997,0.046311218,0.080632004,0.205724993,0.421142812,0.230806182,0.142326013,3647477.74,3330883.874,1.095048004,12.48909192,0,0,0.0071,high_inflation,150,-0.05,300,471268.6792,334100.9323,567870.0345,IN,INR
M01885,P001,DB,12/31/2025,Active,55,F,7,64,1935715.14,1753845.43,0.050570171,0.068576244,0.127325153,0.021230434,final_average,0.168888889,IAM-2012,None,0.076508523,0.051125208,0.099775517,0.421364338,0.410988317,0.103957368,0.063689977,3118513.385,3905547.189,0.798483089,14.98420364,0,0,0.008,equity_down_20,0,-0.2,0,-262806.0655,454978.8334,773325.7254,IN,INR
M01886,P003,DC,12/31/2025,Active,39,F,13,64,687639.3348,643674.8277,0.03358713,0.074277848,0.090060763,,account_balance,0.073132083,RP-2014,MP-2021,0.052197253,0.030109237,0.078433061,0.194706364,0.369616743,0.241929518,0.193747375,2246493.913,2246493.913,1,16.88031744,0,0,0.0032,baseline,0,0,0,0,197451.7599,335607.9762,IN,INR
M01887,P001,DB,12/31/2025,Active,43,F,4,62,1384675.438,1242393.754,0.055709342,0.012772606,0.047521826,0.012241483,final_average,0.061153331,IAM-2012,MP-2021,0.082162132,0.049442134,0.081398271,0.198495996,0.390171364,0.372632966,0.038699674,703731.524,671013.9551,1.048758403,11.03007021,0,0,0.0044,rate_up_100bps,100,0,-50,60284.51591,74339.26109,126354.1483,IN,INR
M01888,P002,DB,12/31/2025,Active,30,M,9,63,1236417.771,1151504.514,0.036214814,0.081633819,0.085829108,0.017827786,final_average,0.12204684,RP-2014,MP-2021,0.062166168,0.042775912,0.068364282,0.291581026,0.228242123,0.354517719,0.125659131,2401905.902,2434952.06,0.986428415,13.17907242,0,0,0.0005,high_inflation,150,-0.05,300,405222.426,290340.7342,493490.9987,IN,INR
M01889,P005,DB,12/31/2025,Active,39,M,12,61,735253.3013,671268.0848,0.046575327,0.094174836,0.06037789,0.013739418,final_average,0.058447488,RP-2014,MP-2021,0.078709968,0.049341366,0.065980364,0.105147741,0.723940897,0.115798015,0.055113347,1453124.24,1481110.051,0.98110484,13.38263831,0,0,0.0032,rate_down_100bps,-100,0,50,-145612.7977,120052.8499,204053.3547,IN,INR
M01890,P006,DC,12/31/2025,Active,49,M,14,62,660756.6754,593473.3142,0.055164526,0.094842241,0.084123832,,account_balance,0.102295671,IAM-2012,MP-2020,0.05432837,0.050832234,0.09760878,0.077507473,0.621970035,0.115095882,0.18542661,2853861.847,2853861.847,1,14.11452205,0,0,0.0062,high_inflation,150,-0.05,300,460027.417,200671.0967,341079.8702,IN,INR
M01891,P001,DB,12/31/2025,Active,57,M,15,66,831082.8609,737864.9302,0.06128916,0.072864219,0.144927033,0.01505176,final_average,0.06703736,RP-2010,None,0.074811944,0.032936876,0.099248628,0.465354746,0.382287747,0.070521915,0.081835592,2600649.795,2876427.254,0.904125001,17.26624843,0,0,0.0086,high_inflation,150,-0.05,300,609900.6357,411687.2984,699743.2744,IN,INR
M01892,P003,DC,12/31/2025,Active,33,F,9,68,610847.4048,546326.9652,0.057401807,0.044456552,0.10074265,,account_balance,0.068009256,VBT-2015,MP-2021,0.072288485,0.056236244,0.081902388,0.787931978,0.195922886,0.002234628,0.013910507,1017432.797,1017432.797,1,17.8254284,0,0,0.0014,high_inflation,150,-0.05,300,217008.8624,264482.0138,449539.0337,IN,INR
M01893,P005,DB,12/31/2025,Active,40,M,5,65,526930.2307,471755.6291,0.056861341,0.050226694,0.035571733,0.01138634,career_average,0.139326804,RP-2010,MP-2021,0.056000104,0.035271954,0.070890158,0.435263951,0.449398054,0.089309624,0.026028371,380409.0668,435371.2491,0.873757897,16.21020499,0,0,0.0035,high_inflation,150,-0.05,300,84761.30816,57421.8325,97599.6618,IN,INR
M01894,P002,DB,12/31/2025,Active,42,M,5,67,1231596.606,1147575.04,0.035961688,0.083647638,0.146439201,0.017818329,final_average,0.147653756,IALM_2012-14_Ultimate,MP-2020,0.074989796,0.03031381,0.098056113,0.231810198,0.231646711,0.277556631,0.25898646,1005147.39,947686.3909,1.060632926,9.26929219,0,0,0.0041,equity_down_20,0,-0.2,0,-46600.68313,97241.11517,165280.3392,IN,INR
M01895,P003,DC,12/31/2025,Active,30,F,2,65,999219.3618,917040.872,0.043845142,0.074483473,0.142421584,,account_balance,0.096480969,IALM_2012-14_Ultimate,MP-2020,0.077652967,0.042891212,0.091869917,0.251225036,0.398337946,0.347272942,0.003164076,434369.4443,434369.4443,1,10.05338571,0,0,0.0005,rate_up_100bps,100,0,-50,35017.54404,49671.44069,84426.35146,IN,INR
M01896,P005,DB,12/31/2025,Active,50,M,7,60,996908.0901,936557.3483,0.031716491,0.053033535,0.060529597,0.012437108,flat,0.051235119,RP-2014,MP-2021,0.069940094,0.032689975,0.067192335,0.292198547,0.596991085,0.018749838,0.09206053,914403.8168,820174.3694,1.11488953,10.05899015,0,0,0.0065,equity_down_20,0,-0.2,0,-53437.49326,103167.8118,175353.9221,IN,INR
M01897,P004,Hybrid,12/31/2025,Active,37,F,4,68,1494068.555,1332784.169,0.058779076,0.021462027,0.07906702,0.07478208,cash_balance,0.099633972,RP-2014,None,0.073143071,0.058679319,0.071933627,0.531867284,0.287514703,0.177702835,0.002915178,414613.1171,438020.2558,0.946561515,13.78450647,0,0,0.0026,baseline,0,0,0,0,74923.83482,127347.746,IN,INR
M01898,P002,DB,12/31/2025,Active,42,F,8,61,901537.1466,790236.3429,0.068103439,0.033980595,0.133474749,0.01830433,final_average,0.039699501,RP-2010,MP-2020,0.085496782,0.038514365,0.060168262,0.302645983,0.440898342,0.246731107,0.009724568,885294.5941,1086392.919,0.814893561,9.388281656,0,0,0.0041,baseline,0,0,0,0,105421.324,179184.2078,IN,INR
M01899,P002,DB,12/31/2025,Active,39,M,13,65,1430686.747,1321315.756,0.040564416,0.064442882,0.072889622,0.020420803,final_average,0.019937539,RP-2010,MP-2020,0.077908121,0.036707988,0.083280098,0.267998184,0.540819933,0.16960356,0.021578323,3625435.682,4772362.344,0.759673181,13.60537843,0,0,0.0032,baseline,0,0,0,0,392896.2993,667804.2874,IN,INR
M01900,P005,DB,12/31/2025,Active,36,M,5,62,706063.5255,661022.4388,0.033507868,0.002722841,0.098088485,0.015447779,final_average,0.070970266,RP-2014,MP-2021,0.086238187,0.037859691,0.081055849,0.155565895,0.606373473,0.055851058,0.182209575,813744.13,804979.8806,1.010887538,15.76640831,0,0,0.0023,high_inflation,150,-0.05,300,147037.6164,64752.55087,110059.6549,IN,INR
M01901,P003,DC,12/31/2025,Active,44,M,11,63,704083.4903,639814.8318,0.049022803,0.105470765,0.158329621,,account_balance,0.151111111,VBT-2015,MP-2021,0.072093758,0.038500684,0.066555558,0.136632205,0.634181011,0.225732282,0.003454502,2646254.266,2646254.266,1,11.71734209,0,0,0.0047,rate_down_100bps,-100,0,50,-226160.4547,235564.2846,400387.6837,IN,INR
M01902,P001,DB,12/31/2025,Active,42,M,9,65,990826.4305,874773.5291,0.064267929,0.028344224,0.078155346,0.02181525,final_average,0.153911848,VBT-2015,MP-2021,0.056994122,0.031877202,0.073573064,0.630746824,0.206600203,0.157081453,0.005571521,1959076.144,2271361.868,0.862511681,13.22476619,0,0,0.0041,baseline,0,0,0,0,412989.2153,701956.1373,IN,INR
M01903,P005,DB,12/31/2025,Active,40,F,13,63,2557631.437,2310687.868,0.052078968,0.066948436,0.106740228,0.022947641,final_average,0.093500542,IALM_2012-14_Ultimate,MI-2012,0.059851631,0.046200198,0.097568823,0.50590228,0.422651001,0.066527892,0.004918827,6366346.921,6803087.826,0.935802548,9.869232712,0,0,0.0035,rate_up_100bps,100,0,-50,536875.4243,1095595.538,1862179.406,IN,INR
M01904,P001,DB,12/31/2025,Active,37,F,15,62,1755792.804,1649006.541,0.031871086,0.014158135,0.086794888,0.020487207,final_average,0.045408369,VBT-2015,MP-2021,0.057056423,0.030540156,0.085959744,0.170644423,0.370097875,0.182229945,0.277027757,4878675.631,4874901.36,1.000774225,9.619875315,0,0,0.0026,baseline,0,0,0,0,371582.0048,631576.4653,IN,INR
M01905,P005,DB,12/31/2025,Active,47,M,9,63,1613813.544,1412282.569,0.06897089,0.07358116,0.032547659,0.015793529,final_average,0.061283423,IAM-2012,MP-2021,0.063409942,0.052403109,0.094519984,0.232568736,0.59415234,0.138958393,0.034320531,2980610.325,2771091.744,1.075608677,13.80408482,0,0,0.0056,rate_down_100bps,-100,0,50,-293977.0249,298750.0947,507784.3555,IN,INR
M01906,P002,DB,12/31/2025,Retired,61,M,11,63,531057.931,469846.5941,0.063145996,0.064563972,0.127725973,0.01660465,career_average,0.095021988,RP-2014,MP-2021,0.069101446,0.053031909,0.093532463,0.13137402,0.784214248,0.084403664,8.07E-06,735309.9669,781750.5872,0.94059407,9.109398699,85818.02302,0,0.0098,equity_down_20,0,-0.2,0,-19320.12526,66328.07902,112737.5738,IN,INR
M01907,P006,DC,12/31/2025,Active,45,M,9,67,1051046.305,980663.0776,0.035263763,0.10178213,0.124037834,,account_balance,0.047781129,RP-2010,MP-2021,0.06023726,0.041990937,0.096826378,0.30420705,0.450835616,0.242976572,0.001980762,3020961.268,3020961.268,1,15.33097872,0,0,0.005,rate_down_100bps,-100,0,50,-395045.0824,361221.1013,613966.0786,IN,INR
M01908,P003,DC,12/31/2025,Active,54,M,8,66,1424737.351,1251728.811,0.06687191,0.060406914,0.084991823,,account_balance,0.075061346,RP-2014,None,0.06902539,0.05912457,0.061661628,0.4133922,0.184986791,0.149914084,0.251706925,1849717.275,1849717.275,1,10.27728239,0,0,0.0077,rate_down_100bps,-100,0,50,-172992.0045,259777.5984,441542.9574,IN,INR
M01909,P002,DB,12/31/2025,Active,30,M,7,64,2516545.059,2291180.622,0.048027532,0.028330286,0.099588095,0.022385096,final_average,0.010371645,IAM-2012,MP-2021,0.064574323,0.053453806,0.070498835,0.600271803,0.383911838,0.011385304,0.004431054,6525567.223,6120738.324,1.066140534,17.04855125,0,0,0.0005,baseline,0,0,0,0,1312319.634,2230544.496,IN,INR
M01910,P001,DB,12/31/2025,Active,46,M,14,62,461539.3238,422745.7678,0.04487592,0.002731657,0.114660727,0.012789398,career_average,0.111559631,VBT-2015,MP-2020,0.072213891,0.033691966,0.076622922,0.23980151,0.672544381,0.074755161,0.012898947,1463536.188,1260475.7,1.161098297,16.65240884,0,0,0.0053,equity_down_20,0,-0.2,0,-70191.63762,152436.264,259095.3155,IN,INR
M01911,P002,DB,12/31/2025,Active,33,M,22,66,1368097.593,1244595.276,0.048442133,0.065536856,0.079295584,0.014073833,career_average,0.02693845,RP-2014,MP-2020,0.067140551,0.059395448,0.085603906,0.254496192,0.614801261,0.108291219,0.022411328,3721516.009,4254102.078,0.874806467,11.0393804,0,0,0.0014,rate_up_100bps,100,0,-50,355226.8745,392965.5739,667922.0333,IN,INR
M01912,P006,DC,12/31/2025,Active,29,M,20,62,1589560.486,1405716.464,0.063382878,0.109928085,0.089284864,,account_balance,0.046941623,IAM-2012,MP-2021,0.067363712,0.055353664,0.084325069,0.162296928,0.494877864,0.207312697,0.135512512,12584625,12584625,1,11.11551288,0,0,0.0005,rate_up_100bps,100,0,-50,1087452.996,1046612.934,1778923.868,IN,INR
M01913,P006,DC,12/31/2025,Active,37,M,4,62,1206560.125,1081208.114,0.056379187,0.089475478,0.148545402,,account_balance,0.137137065,VBT-2015,None,0.069624847,0.051119718,0.069844247,0.15421367,0.806606156,0.019878572,0.019301602,1178217.463,1178217.463,1,9.330551719,0,0,0.0026,baseline,0,0,0,0,111325.937,189220.2552,IN,INR
M01914,P003,DC,12/31/2025,Deferred,56,F,21,63,536250.663,503149.6127,0.032369938,0.072476917,0.148328243,,account_balance,0.106666667,IALM_2012-14_Ultimate,MP-2021,0.089515009,0.04960348,0.067712158,0.277031292,0.632098628,0.033051642,0.057818439,4641887.69,4641887.69,1,17.85227478,0,0,0.0083,high_inflation,150,-0.05,300,958666.598,513612.9039,872985.8233,IN,INR
M01915,P003,DC,12/31/2025,Active,54,F,6,66,1103465.654,966871.9678,0.068304175,0.082751037,0.093168199,,account_balance,0.029881877,IALM_2012-14_Ultimate,MP-2021,0.072261938,0.048142501,0.077496471,0.275897995,0.448147951,0.163272175,0.112681879,1276677.248,1276677.248,1,9.497624192,0,0,0.0077,baseline,0,0,0,0,135339.6194,230036.2163,IN,INR
M01916,P005,DB,12/31/2025,Active,46,M,12,62,1194179.802,1112818.983,0.035911365,0.091182726,0.136733277,0.013965051,career_average,0.058153945,IALM_2012-14_Ultimate,MP-2021,0.078933509,0.059706779,0.070024774,0.413210603,0.493777482,0.055373568,0.037638346,2641387.33,2483387.222,1.063622824,13.31668579,0,0,0.0053,high_inflation,150,-0.05,300,343665.5287,382558.6086,650233.3555,IN,INR
M01917,P006,DC,12/31/2025,Active,29,M,13,61,1066617.57,949603.4509,0.059822718,0.049057174,0.14259002,,account_balance,0.005160418,IAM-2012,MP-2021,0.066669824,0.044354772,0.098604474,0.323209098,0.552606634,0.078564668,0.0456196,4359703.588,4359703.588,1,16.64306783,0,0,0.0005,baseline,0,0,0,0,525398.4148,893017.6096,IN,INR
M01918,P004,Hybrid,12/31/2025,Active,42,M,4,64,723434.3551,649422.8061,0.055445461,0.015148505,0.067547424,0.081690397,cash_balance,0.012051812,IAM-2012,MP-2020,0.063033962,0.03497484,0.098618368,0.469020673,0.378351607,0.146780845,0.005846875,213188.2574,230226.1874,0.925994822,10.44198435,0,0,0.0041,high_inflation,150,-0.05,300,25011.27968,34405.27782,58478.51475,IN,INR
M01919,P003,DC,12/31/2025,Active,47,M,10,63,684209.6682,635641.226,0.037501122,0.117002297,0.111298758,,account_balance,0.083587552,RP-2010,MP-2020,0.086663088,0.03883376,0.064534109,0.368403292,0.521260147,0.10933835,0.000998211,1983891.334,1983891.334,1,15.93962369,0,0,0.0056,rate_up_100bps,100,0,-50,264518.6387,264709.0502,449924.9266,IN,INR
M01920,P003,DC,12/31/2025,Active,46,M,22,64,1208964.489,1124602.477,0.036829283,0.116585988,0.147205162,,account_balance,0.039265866,RP-2010,None,0.079694413,0.041256496,0.088203752,0.310710261,0.409821025,0.273248654,0.00622006,16538432.55,16538432.55,1,10.51912562,0,0,0.0053,baseline,0,0,0,0,2025217.706,3442254.532,IN,INR
M01921,P004,Hybrid,12/31/2025,Active,26,F,2,64,726239.7039,640520.766,0.064813104,0.046927185,0.094796925,0.10935844,cash_balance,0.140243441,IALM_2012-14_Ultimate,MP-2021,0.073297191,0.039492915,0.069129117,0.217448473,0.325032581,0.435029305,0.022489641,127324.201,146857.2908,0.866992713,11.74156986,0,0,0.0005,high_inflation,150,-0.05,300,21376.86592,14805.69575,25165.18256,IN,INR
M01922,P001,DB,12/31/2025,Active,35,M,36,63,733734.3262,669609.3894,0.046787797,0.075308346,0.053559627,0.01247618,final_average,0.029630717,RP-2014,MP-2020,0.063457252,0.030910566,0.088697286,0.353594468,0.475606206,0.103139708,0.067659618,2675541.424,3398641.187,0.787238569,11.30055185,0,0,0.002,baseline,0,0,0,0,340042.3804,577968.6904,IN,INR
M01923,P004,Hybrid,12/31/2025,Active,43,M,2,61,924640.5639,828885.5074,0.056183061,0.078997271,0.144301789,0.111584785,cash_balance,0.025306205,VBT-2015,MP-2021,0.060314411,0.032211814,0.090684266,0.305144851,0.523539568,0.074621157,0.096694424,197269.5203,192347.243,1.025590579,9.423578294,0,0,0.0044,equity_down_20,0,-0.2,0,-12039.1557,22464.77237,38183.28482,IN,INR
M01924,P002,DB,12/31/2025,Active,49,M,13,62,1058005.999,959345.0444,0.05016284,0.049898947,0.137656251,0.012932484,career_average,0.102690678,RP-2010,MI-2012,0.060082867,0.030147848,0.061926676,0.50364793,0.320293996,0.077016799,0.099041275,1332025.26,1630027.773,0.817179488,10.10636252,0,0,0.0062,rate_up_100bps,100,0,-50,143404.5312,225618.964,383483.6616,IN,INR
M01925,P005,DB,12/31/2025,Active,22,F,4,66,1571326.358,1400868.162,0.059094141,0.009586967,0.033954863,0.020781937,final_average,0.051113349,VBT-2015,MI-2012,0.070149233,0.050373357,0.087813933,0.358394841,0.336991912,0.010718565,0.293894682,2104292.95,1755864.065,1.198437277,15.07813416,0,0,0.0005,baseline,0,0,0,0,258043.015,438594.6929,IN,INR
M01926,P001,DB,12/31/2025,Active,42,F,14,66,574797.8741,522184.141,0.049169695,0.038136398,0.097435416,0.017508812,final_average,0.082833936,RP-2014,MP-2021,0.084992819,0.049935126,0.09587188,0.31180609,0.565658992,0.030108061,0.092426856,1244423.989,1251158.048,0.994617739,9.774707831,0,0,0.0041,baseline,0,0,0,0,145540.1774,247374.0645,IN,INR
M01927,P004,Hybrid,12/31/2025,Active,45,M,20,62,549800.331,506862.842,0.041495197,0.093210196,0.124717055,0.056010363,cash_balance,0.099206573,IALM_2012-14_Ultimate,MP-2020,0.085241913,0.032043873,0.068652096,0.259335405,0.553392227,0.113996993,0.073275376,909155.666,979563.4106,0.928123342,17.78034568,0,0,0.005,baseline,0,0,0,0,94354.83042,160374.5324,IN,INR
M01928,P003,DC,12/31/2025,Active,52,M,17,61,829067.9797,759877.9985,0.044535335,0.078814955,0.109224641,,account_balance,0.041272015,VBT-2015,MI-2012,0.079799411,0.039455533,0.064622707,0.349772852,0.545280487,0.088738222,0.016208439,4136240.3,4136240.3,1,11.34804585,0,0,0.0071,rate_down_100bps,-100,0,50,-356611.8896,530435.2961,901578.7769,IN,INR
M01929,P004,Hybrid,12/31/2025,Active,51,M,18,61,437975.0682,386607.0444,0.064363108,0.031975445,0.092867548,0.091853677,cash_balance,0.052041136,IALM_2012-14_Ultimate,MP-2021,0.071699647,0.038490367,0.082672982,0.293908188,0.668355601,0.030422274,0.007313937,969721.0088,968450.3067,1.001312098,9.986662843,0,0,0.0068,rate_down_100bps,-100,0,50,-64309.94355,113659.2474,193186.1736,IN,INR
M01930,P001,DB,12/31/2025,Active,50,M,9,64,1282025.351,1165671.995,0.048721388,0.074682718,0.078719026,0.020180099,final_average,0.11763733,VBT-2015,MP-2021,0.05939639,0.04360814,0.08069837,0.13288933,0.682746008,0.142927744,0.041436917,2067209.489,2614906.99,0.790547999,12.3513402,0,0,0.0065,baseline,0,0,0,0,176004.3181,299153.844,IN,INR
M01931,P003,DC,12/31/2025,Active,36,M,4,65,401470.6577,372228.0077,0.038537973,0.068518493,0.138468508,,account_balance,0.05278707,RP-2014,MP-2021,0.069154097,0.040760902,0.095430796,0.287315348,0.676578967,0.029988443,0.006117242,369812.8556,369812.8556,1,11.48468034,0,0,0.0023,baseline,0,0,0,0,42856.35885,72842.7838,IN,INR
M01932,P003,DC,12/31/2025,Active,25,M,22,63,1353653.894,1188135.808,0.067384216,0.119836537,0.111190913,,account_balance,0.083666295,RP-2010,MP-2021,0.077788902,0.054615362,0.078043436,0.492626021,0.40662117,0.046954399,0.05379841,13802291.85,13802291.85,1,9.706071229,0,0,0.0005,baseline,0,0,0,0,2308136.152,3923129.897,IN,INR
M01933,P003,DC,12/31/2025,Active,40,M,31,65,1621809.966,1438341.977,0.061864018,0.082557517,0.17692798,,account_balance,0.062222222,IAM-2012,None,0.073800666,0.056480412,0.076541981,0.21770616,0.570682783,0.133933845,0.077677212,36292507.58,36292507.58,1,14.9094689,0,0,0.0035,baseline,0,0,0,0,3443674.951,5853200.706,IN,INR
M01934,P004,Hybrid,12/31/2025,Active,54,M,11,65,1106672.894,1038649.799,0.032226646,0.051459872,0.073834471,0.09712439,cash_balance,0.026520984,IALM_2012-14_Ultimate,None,0.070561365,0.03618123,0.088558802,0.234361739,0.434074984,0.284908898,0.046654379,1229928.704,1424839.263,0.86320523,15.9992179,0,0,0.0077,rate_down_100bps,-100,0,50,-201269.0743,128669.3762,218698.8303,IN,INR
M01935,P004,Hybrid,12/31/2025,Active,58,M,8,67,426857.9095,372863.6968,0.069957718,0.046739246,0.096285481,0.084100113,cash_balance,0.044403808,RP-2010,MI-2012,0.067128465,0.033629939,0.063097119,0.507597603,0.413407878,0.07746399,0.001530529,293626.9025,298319.2057,0.984270865,9.019092464,0,0,0.0089,rate_down_100bps,-100,0,50,-20836.30126,50677.32516,86136.04933,IN,INR
M01936,P005,DB,12/31/2025,Active,51,F,6,61,1032770.942,922994.8814,0.057797068,0.092775217,0.069342562,0.013318121,final_average,0.094182055,VBT-2015,MP-2021,0.080100572,0.055179168,0.062281734,0.388888914,0.4665894,0.142410073,0.002111613,866762.6648,1043411.861,0.830700414,14.14693191,0,0,0.0068,rate_down_100bps,-100,0,50,-127389.6519,120354.8438,204566.6525,IN,INR
M01937,P002,DB,12/31/2025,Active,48,M,16,62,687946.8765,640458.741,0.036410664,0.076933059,0.135233834,0.018047687,final_average,0.09152698,RP-2010,MP-2021,0.083689405,0.045044874,0.080196712,0.216453303,0.603766237,0.175237744,0.004542715,2143680.515,2739005.385,0.782649252,14.81017532,0,0,0.0059,baseline,0,0,0,0,212420.158,361049.7031,IN,INR
M01938,P005,DB,12/31/2025,Active,48,F,19,61,573262.2084,530536.7008,0.039486707,0.083144178,0.133752324,0.010010001,career_average,0.079679496,IAM-2012,MP-2021,0.078916449,0.039731204,0.063561263,0.322954546,0.433719713,0.077356482,0.165969259,1859791.68,1801132.731,1.032567811,17.8501785,0,0,0.0059,baseline,0,0,0,0,214986.3331,365411.4209,IN,INR
M01939,P003,DC,12/31/2025,Active,38,M,8,66,1277920.738,1142301.376,0.057697819,0.061663624,0.064746088,,account_balance,0.074540231,IALM_2012-14_Ultimate,None,0.087517101,0.031541775,0.097565257,0.610503179,0.306845873,0.071605625,0.011045324,1676380.233,1676380.233,1,14.94255871,0,0,0.0029,rate_up_100bps,100,0,-50,224774.5828,341340.0091,580174.2646,IN,INR
M01940,P001,DB,12/31/2025,Active,43,M,25,66,1390379.64,1234658.186,0.061190442,0.079184669,0.137993865,0.015701695,career_average,0.04596151,IALM_2012-14_Ultimate,MP-2020,0.08119494,0.048183741,0.08616965,0.215598464,0.753050887,0.016961787,0.014388862,5393437.563,5665260.835,0.952019284,11.68924904,0,0,0.0044,high_inflation,150,-0.05,300,630583.8587,554422.6378,942349.9668,IN,INR
M01941,P001,DB,12/31/2025,Retired,61,M,15,64,1756022.034,1624911.225,0.039561438,0.043297877,0.048181045,0.016464284,final_average,0.076366595,RP-2010,MI-2012,0.068024194,0.036231777,0.090145941,0.332398068,0.572591453,0.055553688,0.03945679,5871085.707,6029753.056,0.973685929,15.02573707,401294.9932,0,0.0098,rate_up_100bps,100,0,-50,737928.1651,725595.5098,1233291.821,IN,INR
M01942,P002,DB,12/31/2025,Active,35,F,11,61,866176.7756,800399.995,0.040278754,0.002333868,0.041452795,0.0162767,career_average,0.015291345,RP-2014,MI-2012,0.074670139,0.031130602,0.069154911,0.284440061,0.267408017,0.294807265,0.153344657,1801573.505,1646848.599,1.093952113,11.49178672,0,0,0.002,high_inflation,150,-0.05,300,222124.8693,204198.4639,347075.3222,IN,INR
M01943,P005,DB,12/31/2025,Retired,60,M,13,63,1063816.67,979250.8554,0.042284828,0.006008835,0.108352154,0.010603516,flat,0.142222222,VBT-2015,MP-2021,0.070174688,0.043344266,0.079761053,0.289157632,0.452623096,0.173909042,0.084310229,1467004.653,1384444.166,1.059634392,10.25624183,134985.5229,0,0.0095,baseline,0,0,0,0,162211.6246,275710.4573,IN,INR
M01944,P004,Hybrid,12/31/2025,Active,41,M,5,63,2083191.114,1875483.367,0.053920735,0.067790794,0.076308493,0.113478282,cash_balance,0.100739687,RP-2010,MP-2021,0.071852932,0.047914125,0.065353848,0.53530478,0.311829685,0.152792215,7.33E-05,1255964.862,1194596.694,1.051371453,15.67294335,0,0,0.0038,baseline,0,0,0,0,227719.7862,387054.4208,IN,INR
M01945,P005,DB,12/31/2025,Active,57,M,16,64,2527850.336,2351259.275,0.036872647,0.037201244,0.093688871,0.017349059,final_average,0.032834654,RP-2014,MP-2021,0.085827995,0.035141308,0.068124147,0.210689706,0.669031259,0.072033365,0.04824567,6884152.284,8716397.978,0.78979325,13.35489957,0,0,0.0086,equity_down_20,0,-0.2,0,-290084.0042,666308.5343,1132521.983,IN,INR
M01946,P003,DC,12/31/2025,Active,30,M,6,62,1601044.533,1496993.001,0.034169728,0.083428428,0.127848691,,account_balance,0.009202493,IALM_2012-14_Ultimate,MP-2020,0.062034341,0.049543595,0.082728353,0.490654785,0.143654065,0.355693414,0.009997736,2408696.137,2408696.137,1,17.56681525,0,0,0.0005,rate_down_100bps,-100,0,50,-405830.2506,425387.0438,723028.6775,IN,INR
M01947,P003,DC,12/31/2025,Active,50,F,8,61,841144.5264,752651.0041,0.057154564,0.045075944,0.063602717,,account_balance,0.101864628,VBT-2015,MI-2012,0.050523792,0.035666636,0.071196501,0.274767154,0.490307818,0.095079004,0.139846024,861597.6315,861597.6315,1,9.559918799,0,0,0.0065,equity_down_20,0,-0.2,0,-47347.74575,89835.1011,152692.3664,IN,INR
M01948,P001,DB,12/31/2025,Active,37,M,10,65,987828.944,877236.7118,0.061163918,0.002168001,0.065154381,0.017731366,final_average,0.126417573,IALM_2012-14_Ultimate,MP-2021,0.077825872,0.030622196,0.096685127,0.705576537,0.250308051,0.039180744,0.004934667,1629973.893,2071089.003,0.787012963,13.31495697,0,0,0.0026,rate_down_100bps,-100,0,50,-255364.8303,380719.1007,647106.7512,IN,INR
M01949,P002,DB,12/31/2025,Active,30,M,28,63,908737.9613,824193.7555,0.050037176,0.068688831,0.085308757,0.011361663,career_average,0.047557992,IAM-2012,None,0.057240547,0.034467972,0.099809719,0.563404221,0.133854503,0.298340467,0.004400809,2980605.2,2951980.17,1.009696891,11.25859488,0,0,0.0005,baseline,0,0,0,0,581036.0046,987584.6011,IN,INR
M01950,P003,DC,12/31/2025,Active,46,M,12,64,1352593.009,1239669.512,0.044553308,0.099109938,0.114799886,,account_balance,0.082258662,RP-2014,MP-2020,0.056169297,0.047609849,0.060157067,0.309896055,0.564262839,0.030295252,0.095545854,4517926.629,4517926.629,1,13.54468902,0,0,0.0053,rate_down_100bps,-100,0,50,-484474.2068,525613.751,893383.6158,IN,INR
M01951,P001,DB,12/31/2025,Active,54,F,6,61,680888.919,620796.457,0.047281709,0.042258257,0.035876566,0.014414112,career_average,0.044509266,IAM-2012,MP-2021,0.089699048,0.049059286,0.090363953,0.317893081,0.2927519,0.192993423,0.196361596,587036.625,503762.845,1.165303537,9.382914442,0,0,0.0077,rate_up_100bps,100,0,-50,38674.83238,67535.01127,114788.9918,IN,INR
M01952,P002,DB,12/31/2025,Active,36,M,13,66,1137791.808,1040841.405,0.045536313,0.06247352,0.040401189,0.008018422,flat,0.035082578,IAM-2012,None,0.06067101,0.055943753,0.064613433,0.227502616,0.735649365,0.024511087,0.012336932,1103123.102,1015975.375,1.085777401,9.364107419,0,0,0.0023,rate_down_100bps,-100,0,50,-54561.43498,115157.4767,195732.7081,IN,INR
M01953,P004,Hybrid,12/31/2025,Active,29,F,15,64,1140377.887,999036.8769,0.068399396,0.087271784,0.126209744,0.094099168,cash_balance,0.052998345,IAM-2012,MP-2020,0.05815071,0.031871774,0.082984918,0.467976461,0.352190641,0.030232451,0.149600447,1918062.151,1870665.776,1.025336634,13.82534004,0,0,0.0005,baseline,0,0,0,0,302999.2228,515006.5818,IN,INR
M01954,P005,DB,12/31/2025,Active,43,F,21,66,1170202.93,1040055.994,0.060723596,0.045609789,0.139366411,0.018566288,final_average,0.021306909,RP-2014,MP-2021,0.057639331,0.058588732,0.069139342,0.285820863,0.643349898,0.041092637,0.029736602,4490699.021,4938620.076,0.909302387,12.17880069,0,0,0.0044,high_inflation,150,-0.05,300,621338.4634,510849.5061,868288.887,IN,INR
M01955,P006,DC,12/31/2025,Active,43,M,11,64,621519.2228,576486.5884,0.038323489,0.098142444,0.118540017,,account_balance,0.063709985,VBT-2015,None,0.066494142,0.045657718,0.098594957,0.073423577,0.469738165,0.353738496,0.103099762,2304689.691,2304689.691,1,9.206607711,0,0,0.0044,rate_up_100bps,100,0,-50,158053.7034,201075.3587,341766.9927,IN,INR
M01956,P006,DC,12/31/2025,Active,49,M,7,67,1100462.969,1007018.363,0.045367566,0.050935066,0.101946974,,account_balance,0.168888889,IALM_2012-14_Ultimate,None,0.066376713,0.037367644,0.09503228,0.372407012,0.3644119,0.199172202,0.064008885,1480764.936,1480764.936,1,14.47826494,0,0,0.0062,rate_down_100bps,-100,0,50,-187408.6524,197848.0319,336281.518,IN,INR
M01957,P004,Hybrid,12/31/2025,Deferred,53,M,33,66,2182941.824,1973369.702,0.051760492,0.041453851,0.108269929,0.102066316,cash_balance,0.015147657,VBT-2015,MP-2020,0.07529998,0.040962454,0.083815917,0.348473558,0.534331172,0.061281953,0.055913317,14657750.46,14771712.61,0.992285109,12.9954332,0,0,0.0074,rate_down_100bps,-100,0,50,-1528043.396,1858279.688,3158510.643,IN,INR
M01958,P003,DC,12/31/2025,Active,43,F,13,64,801605.0821,720860.5947,0.054519434,0.11541962,0.127503636,,account_balance,0.035506437,VBT-2015,MP-2021,0.054145548,0.03167032,0.067040664,0.622734918,0.265755048,0.022867838,0.088642196,3470883.515,3470883.515,1,17.79287233,0,0,0.0044,rate_up_100bps,100,0,-50,571449.6316,717107.0886,1218864.085,IN,INR
M01959,P004,Hybrid,12/31/2025,Retired,63,M,6,67,1106687.62,1006236.018,0.048727356,0.070048501,0.065950765,0.065900622,cash_balance,0.07692622,VBT-2015,MP-2021,0.075417796,0.033302748,0.091307251,0.340334307,0.411390035,0.230601698,0.017673961,471206.5721,460145.3772,1.024038479,16.49234714,30676.35848,0,0.0104,rate_down_100bps,-100,0,50,-66196.28857,60082.44901,102121.9012,IN,INR
M01960,P005,DB,12/31/2025,Active,46,M,10,63,429804.1051,380794.1728,0.062405065,0.003114843,0.132625635,0.021139102,final_average,0.030414293,IALM_2012-14_Ultimate,MP-2021,0.068145316,0.056472043,0.080811921,0.404397571,0.382795265,0.208964505,0.003842659,1225154.138,1253450.223,0.977425442,15.5714936,0,0,0.0053,baseline,0,0,0,0,176823.554,300546.296,IN,INR
M01961,P001,DB,12/31/2025,Active,41,F,8,63,1103284.82,980616.1292,0.060704241,0.089081141,0.090722957,0.015037308,final_average,0.101025216,IALM_2012-14_Ultimate,MP-2021,0.058306164,0.033177241,0.084462526,0.469456997,0.333529842,0.188466314,0.008546847,1340874.731,1570511.786,0.853782023,13.31318839,0,0,0.0038,baseline,0,0,0,0,217548.4369,369766.2186,IN,INR
M01962,P003,DC,12/31/2025,Active,28,M,21,60,1085396.795,984100.115,0.050206317,0.078204528,0.11962665,,account_balance,0.035665766,RP-2014,MP-2021,0.081128842,0.031675188,0.088717729,0.092124625,0.597353135,0.13667073,0.173851509,9980766.891,9980766.891,1,13.36399358,0,0,0.0005,baseline,0,0,0,0,714918.7067,1215144.501,IN,INR
M01963,P005,DB,12/31/2025,Active,41,M,15,64,1037592.138,916217.9427,0.064177175,0.024941588,0.046351039,0.017974259,final_average,0.133333333,RP-2010,MP-2021,0.068962516,0.047948036,0.07665328,0.246560703,0.495583802,0.157831402,0.100024093,4552593.154,4313175.6,1.055508418,17.46047628,0,0,0.0038,equity_down_20,0,-0.2,0,-224498.1135,454032.9303,771717.9776,IN,INR
M01964,P003,DC,12/31/2025,Active,41,M,9,65,1367731.435,1217176.019,0.060043581,0.090416821,0.133616112,,account_balance,0.16,IALM_2012-14_Ultimate,MP-2021,0.07868245,0.041482041,0.060309559,0.114774425,0.636563941,0.092925047,0.155736587,3194146.323,3194146.323,1,15.58452973,0,0,0.0038,equity_down_20,0,-0.2,0,-73321.26173,241499.1434,410475.1398,IN,INR
M01965,P003,DC,12/31/2025,Active,54,M,19,65,868422.3639,771228.2827,0.061143274,0.04629656,0.102714894,,account_balance,0.079548628,IALM_2012-14_Ultimate,None,0.086822783,0.04217788,0.074566866,0.216556543,0.422272308,0.276753412,0.084417737,4323882.955,4323882.955,1,9.81190352,0,0,0.0077,equity_down_20,0,-0.2,0,-187273.0286,428036.3817,727531.7466,IN,INR
M01966,P004,Hybrid,12/31/2025,Active,49,M,10,62,1671748.581,1464941.413,0.068256031,0.091408667,0.144352607,0.09840111,cash_balance,0.10520554,RP-2010,None,0.064136191,0.033608195,0.076545047,0.543965019,0.380151007,0.06386882,0.012015154,1735833.079,1773417.404,0.978806836,12.92251053,0,0,0.0062,rate_down_100bps,-100,0,50,-196176.1161,318160.2609,540775.7383,IN,INR
M01967,P002,DB,12/31/2025,Active,32,M,10,63,661715.5277,611018.987,0.040658678,0.032447346,0.085042826,0.019627883,final_average,0.145906466,IALM_2012-14_Ultimate,MP-2021,0.085916178,0.031325075,0.074677017,0.673618676,0.249498534,0.064057639,0.012825152,1320172.96,1530677.437,0.862476265,12.76308037,0,0,0.0011,baseline,0,0,0,0,294851.1691,501157.3671,IN,INR
M01968,P003,DC,12/31/2025,Active,46,F,7,62,1885073.914,1740493.189,0.040705926,0.099899508,0.148266399,,account_balance,0.168888889,VBT-2015,MP-2021,0.058013659,0.055971879,0.093242196,0.233722431,0.318389134,0.366152857,0.081735578,4130663.685,4130663.685,1,10.01167806,0,0,0.0053,high_inflation,150,-0.05,300,473414.8044,454866.97,773135.5916,IN,INR
M01969,P002,DB,12/31/2025,Active,51,M,7,65,1083486.659,954265.6838,0.06555809,0.045637659,0.126573001,0.015964081,career_average,0.017913904,IALM_2012-14_Ultimate,MP-2021,0.058885217,0.041686144,0.073294089,0.141851958,0.751105929,0.077432105,0.029610008,1749123.035,1771264.296,0.987499742,16.61009425,0,0,0.0068,equity_down_20,0,-0.2,0,-49623.30546,155541.8656,264373.8944,IN,INR
M01970,P001,DB,12/31/2025,Deferred,59,F,31,62,953373.298,847077.3052,0.060889055,0.073646739,0.11671542,0.013521518,career_average,0.029804944,RP-2014,MP-2020,0.076547902,0.033303216,0.076653493,0.354114589,0.438622419,0.034135542,0.17312745,3703327.582,4095274.252,0.904292937,11.53380987,0,0,0.0092,equity_down_20,0,-0.2,0,-262280.4651,461072.8866,783683.7636,IN,INR
M01971,P001,DB,12/31/2025,Active,53,M,18,66,516943.9467,454008.8211,0.067061822,0.015578305,0.104352398,0.013330165,final_average,0.093937717,IALM_2012-14_Ultimate,None,0.054105267,0.036007641,0.062464134,0.097461099,0.618593738,0.278043365,0.005901797,1050569.851,1346829.116,0.780032031,12.36346427,0,0,0.0074,rate_up_100bps,100,0,-50,134020.94,92595.31532,157383.8916,IN,INR
M01972,P005,DB,12/31/2025,Active,52,M,3,62,597575.2303,560520.1922,0.032525206,0.026950646,0.080037603,0.012890301,final_average,0.043857052,RP-2010,MP-2021,0.0681912,0.03308728,0.088674314,0.121386296,0.674459319,0.118530381,0.085624003,371745.189,386207.1068,0.962553983,17.81741509,0,0,0.0071,baseline,0,0,0,0,30145.27242,51237.80042,IN,INR
M01973,P002,DB,12/31/2025,Active,45,F,6,63,1152999.959,1035699.056,0.055110283,0.009985782,0.125092604,0.016456049,career_average,0.098299789,VBT-2015,MP-2020,0.058553291,0.044342741,0.068616751,0.417501723,0.348300695,0.070551047,0.163646536,1835976.412,1548083.118,1.185967594,15.13853563,0,0,0.005,baseline,0,0,0,0,261265.5572,444072.0352,IN,INR
M01974,P003,DC,12/31/2025,Active,48,M,5,66,713142.3693,664717.1637,0.035785134,0.118355331,0.077070869,,account_balance,0.111759784,RP-2010,MP-2021,0.072834254,0.054105141,0.069400462,0.462061122,0.299859712,0.095072303,0.143006863,768140.3953,768140.3953,1,16.25272382,0,0,0.0059,baseline,0,0,0,0,119847.5834,203704.464,IN,INR
M01975,P002,DB,12/31/2025,Active,56,F,11,64,1540740.551,1397082.233,0.050155888,0.029629299,0.031177308,0.015375336,final_average,0.151111111,IALM_2012-14_Ultimate,MP-2021,0.0822729,0.041804598,0.083474167,0.495667113,0.3275926,0.02305182,0.153688467,2026364.08,2350434.251,0.862123277,9.947382914,0,0,0.0083,rate_up_100bps,100,0,-50,200615.6012,337046.1327,572875.9799,IN,INR
M01976,P006,DC,12/31/2025,Active,31,F,8,60,1120567.81,1043580.421,0.036229877,0.048137476,0.16789474,,account_balance,0.066401288,IALM_2012-14_Ultimate,MP-2021,0.051696978,0.048596875,0.099342138,0.275508373,0.714733259,0.003951812,0.005806555,2634304.226,2634304.226,1,13.86009569,0,0,0.0008,baseline,0,0,0,0,302579.586,514293.3268,IN,INR
M01977,P002,DB,12/31/2025,Active,41,M,24,64,518525.0143,483933.4892,0.03512314,0.08202212,0.133917711,0.023066083,final_average,0.029934266,RP-2014,None,0.066532401,0.050263377,0.076405787,0.137251118,0.759050485,0.040941928,0.06275647,3923153.187,4136365.917,0.948454094,15.44003138,0,0,0.0038,baseline,0,0,0,0,344661.0614,585819.0441,IN,INR
M01978,P003,DC,12/31/2025,Active,36,M,9,61,1386771.543,1305930.638,0.030486734,0.064972936,0.099506527,,account_balance,0.084289245,VBT-2015,MP-2021,0.079226905,0.051362239,0.073086301,0.354665892,0.490501293,0.13439338,0.020439435,2655401.693,2655401.693,1,16.31926607,0,0,0.0023,equity_down_20,0,-0.2,0,-188356.082,342774.0973,582611.7788,IN,INR
M01979,P006,DC,12/31/2025,Active,48,M,30,68,915215.6607,821951.1639,0.055209552,0.097382529,0.115756837,,account_balance,0.010672363,IALM_2012-14_Ultimate,MP-2021,0.063690172,0.048165926,0.061448251,0.102678143,0.847487597,0.022381627,0.027452633,12856220.89,12856220.89,1,16.96335849,0,0,0.0059,baseline,0,0,0,0,1161174.561,1973643.814,IN,INR
M01980,P005,DB,12/31/2025,Active,56,M,10,64,964541.3804,884340.781,0.044360905,0.089301493,0.137407332,0.012130317,career_average,0.018332114,RP-2014,MP-2020,0.051668242,0.04662264,0.091494955,0.540585512,0.378172392,0.018067919,0.063174176,1178133.673,1052231.008,1.119653064,9.808877162,0,0,0.0083,baseline,0,0,0,0,214143.6168,363979.0592,IN,INR
M01981,P002,DB,12/31/2025,Active,38,M,33,62,1575468.934,1472971.866,0.034207531,0.019725278,0.120114122,0.012069229,career_average,0.014294178,RP-2014,MP-2020,0.073655213,0.044351548,0.070451499,0.333418335,0.445764781,0.130031929,0.090784955,10812627.34,9183314.073,1.177421054,15.65350177,0,0,0.0029,equity_down_20,0,-0.2,0,-721025.6406,1307824.665,2222904.416,IN,INR
M01982,P005,DB,12/31/2025,Active,20,M,9,64,525741.5926,483365.6103,0.042913511,0.073690201,0.116042088,0.012275705,final_average,0.139046642,RP-2010,MP-2021,0.054806581,0.044208145,0.090753599,0.455167572,0.420070203,0.080162287,0.044599937,409123.537,527800.2399,0.775148448,9.883366354,0,0,0.0005,rate_down_100bps,-100,0,50,-43571.40096,63900.6552,108611.6912,IN,INR
M01983,P003,DC,12/31/2025,Active,40,M,10,61,593572.4168,552228.8844,0.036757764,0.076122257,0.171834486,,account_balance,0.013302376,VBT-2015,MP-2021,0.064796788,0.039987963,0.071290618,0.392386386,0.51075942,0.021275284,0.075578911,1932108.672,1932108.672,1,12.63733677,0,0,0.0035,rate_up_100bps,100,0,-50,194824.9444,267902.7285,455353.2091,IN,INR
M01984,P003,DC,12/31/2025,Active,53,M,18,66,1139968.045,1000046.958,0.067667793,0.101527767,0.079375091,,account_balance,0.011299654,IAM-2012,MP-2020,0.089621328,0.045136256,0.061195558,0.211374982,0.55686027,0.15009358,0.081671168,5557726.11,5557726.11,1,13.01581189,0,0,0.0074,baseline,0,0,0,0,519480.2115,882958.4629,IN,INR
M01985,P001,DB,12/31/2025,Active,49,F,17,67,458425.8397,421567.2661,0.042800195,0.022062391,0.127845344,0.01394924,final_average,0.06435635,RP-2014,MP-2021,0.065920799,0.044371719,0.079928464,0.513450389,0.416798834,0.029159445,0.040591333,1258759.322,1157632.08,1.087356979,11.57988382,0,0,0.0062,baseline,0,0,0,0,218972.1476,372186.094,IN,INR
M01986,P001,DB,12/31/2025,Active,48,F,4,66,749216.7043,688241.147,0.043358141,0.049190851,0.040368403,0.013363065,final_average,0.177787825,IAM-2012,MP-2020,0.083714278,0.039582794,0.096242322,0.422769828,0.384990048,0.077008561,0.115231563,552059.0663,616928.6342,0.894850775,16.76981292,0,0,0.0059,baseline,0,0,0,0,80048.46583,136058.0611,IN,INR
M01987,P005,DB,12/31/2025,Active,41,M,11,63,1529278.953,1351869.26,0.06359432,0.042003471,0.058683586,0.020699121,final_average,0.018247714,RP-2010,MP-2021,0.084392249,0.039034443,0.068423641,0.34430829,0.538661704,0.100054341,0.016975666,3508268.151,4394641.067,0.798305959,14.27723535,0,0,0.0038,high_inflation,150,-0.05,300,739020.8543,444437.6055,755408.842,IN,INR
M01988,P003,DC,12/31/2025,Active,31,F,8,63,937593.6254,840931.5578,0.05591023,0.061102728,0.08230894,,account_balance,0.007875166,RP-2014,MP-2021,0.060513247,0.043382057,0.066156805,0.37510781,0.276158229,0.229105811,0.11962815,1246578.004,1246578.004,1,10.26472983,0,0,0.0008,baseline,0,0,0,0,167349.5351,284443.3435,IN,INR
M01989,P003,DC,12/31/2025,Active,49,M,8,60,530463.5108,473532.967,0.058406864,0.059224908,0.118558844,,account_balance,0.093567038,VBT-2015,MP-2021,0.073820199,0.054091471,0.067391386,0.397928299,0.505142023,0.088185654,0.008744025,874232.7051,874232.7051,1,12.35447037,0,0,0.0062,high_inflation,150,-0.05,300,111495.2583,123413.8431,209766.0214,IN,INR
M01990,P005,DB,12/31/2025,Active,36,M,11,65,1072061.441,962393.1383,0.055440072,0.093698371,0.066385787,0.023538677,final_average,0.029019941,IAM-2012,MP-2020,0.087898347,0.037431146,0.087611062,0.178703109,0.799595979,0.009021067,0.012679845,2637405.338,2419461.143,1.090079643,9.709377645,0,0,0.0023,baseline,0,0,0,0,259596.9986,441235.9928,IN,INR
M01991,P005,DB,12/31/2025,Retired,66,M,9,64,820609.2864,719643.9374,0.067847851,0.045942932,0.041199374,0.016305942,final_average,0.038582416,VBT-2015,None,0.074253305,0.055361851,0.074695882,0.465526984,0.488563221,0.045531316,0.000378478,1366518.183,1420588.367,0.961938176,13.45123582,105610.2492,0,0.0113,high_inflation,150,-0.05,300,204750.1932,219765.4999,373534.5517,IN,INR
M01992,P001,DB,12/31/2025,Active,50,M,12,64,717816.3912,665862.2078,0.038280033,0.09643529,0.067331902,0.015299469,final_average,0.037833467,IAM-2012,MP-2020,0.082530173,0.051718817,0.070242433,0.338373016,0.395387396,0.132928814,0.133310775,1256887.569,1490636.024,0.843188778,12.19353506,0,0,0.0065,baseline,0,0,0,0,151919.5913,258217.129,IN,INR
M01993,P004,Hybrid,12/31/2025,Active,38,M,5,66,4878781.888,4264811.327,0.06956157,0.073735481,0.122523502,0.055189458,cash_balance,0.177777778,RP-2010,MP-2021,0.068502517,0.03785676,0.073507902,0.151073871,0.68360487,0.056283979,0.10903728,1352856.782,1314271.849,1.029358411,11.89646621,0,0,0.0029,baseline,0,0,0,0,114390.5951,194429.2425,IN,INR
M01994,P001,DB,12/31/2025,Active,38,F,4,62,1275275.189,1128087.349,0.063238247,0.082933459,0.135288124,0.023175027,final_average,0.018640374,RP-2014,MP-2020,0.078773096,0.03041478,0.072363836,0.377538913,0.49312627,0.112943377,0.01639144,1473658.608,1734750.862,0.849492939,16.58876838,0,0,0.0029,equity_down_20,0,-0.2,0,-111272.6937,199321.5796,338786.1013,IN,INR
M01995,P005,DB,12/31/2025,Active,43,F,19,60,866694.717,780815.644,0.053558904,0.010487689,0.139548438,0.017002146,career_average,0.113387867,RP-2014,None,0.05087408,0.0323046,0.081751083,0.299021845,0.360130923,0.078095787,0.262751444,4338222.981,4198995.621,1.0331573,16.64713813,0,0,0.0044,baseline,0,0,0,0,459074.3455,780286.851,IN,INR
M01996,P004,Hybrid,12/31/2025,Active,42,M,20,61,1475101.68,1321560.887,0.056494865,0.058614143,0.075464001,0.057340131,cash_balance,0.044202337,RP-2010,None,0.081498938,0.056486121,0.065333342,0.276365306,0.440131689,0.24473851,0.038764496,2385400.938,2555150.602,0.933565691,15.114429,0,0,0.0041,rate_up_100bps,100,0,-50,333701.8966,266575.6153,453097.5199,IN,INR
M01997,P006,DC,12/31/2025,Active,55,F,18,62,863764.9538,774651.5131,0.055953035,0.084172306,0.151046376,,account_balance,0.04831758,IALM_2012-14_Ultimate,MP-2021,0.076873977,0.054207814,0.080348855,0.433088014,0.460551575,0.102788447,0.003571964,6575470.53,6575470.53,1,17.27370888,0,0,0.008,rate_up_100bps,100,0,-50,984410.4712,992443.9639,1686853.084,IN,INR
M01998,P001,DB,12/31/2025,Active,46,M,11,60,779835.9873,731747.5128,0.032335849,0.0297621,0.078804897,0.014980313,final_average,0.118155932,IAM-2012,None,0.06435395,0.041387304,0.072469932,0.300150631,0.258775674,0.322067943,0.119005752,1530162.346,1795715.878,0.852118291,14.89233459,0,0,0.0053,rate_up_100bps,100,0,-50,247625.5771,183935.3987,312634.2704,IN,INR
M01999,P001,DB,12/31/2025,Active,37,M,8,64,1126640.442,1044209.878,0.03872066,0.062356541,0.075097136,0.017761903,career_average,0.073936459,IAM-2012,MP-2021,0.066679436,0.031851131,0.097305259,0.644722376,0.228792105,0.058153663,0.068331855,1660130.68,2162012.339,0.767863647,14.57105173,0,0,0.0026,equity_down_20,0,-0.2,0,-214064.6792,354643.6479,602786.4071,IN,INR
M02000,P002,DB,12/31/2025,Retired,63,F,7,63,1237879.677,1084333.421,0.068458835,0.07262257,0.109943593,0.010282225,career_average,0.08894108,IALM_2012-14_Ultimate,None,0.063064556,0.054333963,0.076872659,0.438820415,0.384497722,0.065771424,0.110910438,630235.1555,768211.785,0.820392459,9.84312419,78045.52397,0,0.0104,baseline,0,0,0,0,94441.40866,160521.6891,IN,INR
M02001,P002,DB,12/31/2025,Active,44,M,6,62,1493428.543,1351044.037,0.051374577,0.003918378,0.072998791,0.012371536,final_average,0.092066502,RP-2010,MP-2021,0.070971463,0.03765726,0.064000379,0.459243998,0.467551794,0.062714577,0.010489632,1067571.365,912005.6153,1.17057543,9.09396199,0,0,0.0047,high_inflation,150,-0.05,300,62456.5109,169173.6628,287543.8063,IN,INR
M02002,P002,DB,12/31/2025,Active,52,M,10,65,1868505.574,1710607.317,0.045134144,0.053094373,0.032441272,0.013033699,final_average,0.135867801,VBT-2015,MP-2020,0.054347025,0.058593535,0.097344356,0.212502885,0.430488841,0.26157706,0.095431214,2313094.409,2427728.412,0.952781372,10.88885187,0,0,0.0071,high_inflation,150,-0.05,300,297268.5644,223807.8295,380405.2835,IN,INR
M02003,P006,DC,12/31/2025,Active,38,M,20,62,1680122.868,1493945.719,0.060481539,0.11725813,0.077806244,,account_balance,0.111111111,VBT-2015,MP-2021,0.083796598,0.045686934,0.097500005,0.431205946,0.358677841,0.208822054,0.001294159,14777061.52,14777061.52,1,16.08100278,0,0,0.0029,rate_up_100bps,100,0,-50,2111289.449,2244880.941,3815615.264,IN,INR
M02004,P002,DB,12/31/2025,Active,48,M,7,65,1447656.429,1310617.535,0.050980758,0.0078828,0.056898248,0.015954636,final_average,0.088469857,RP-2010,MP-2021,0.069122147,0.051455349,0.067019773,0.500329046,0.393308834,0.057264802,0.049097318,2872467.559,2541439.821,1.130252047,17.36276617,0,0,0.0059,rate_up_100bps,100,0,-50,384775.91,486891.913,827568.2607,IN,INR
M02005,P002,DB,12/31/2025,Active,47,M,20,63,1516128.124,1427636.249,0.030526511,0.050068803,0.033456857,0.017264104,final_average,0.033910078,VBT-2015,None,0.051724087,0.043854556,0.092656979,0.3111433,0.605762449,0.080707619,0.002386632,5958381.597,5455181.137,1.092242668,11.0666854,0,0,0.0056,high_inflation,150,-0.05,300,542163.7892,712701.7201,1211376.298,IN,INR
M02006,P005,DB,12/31/2025,Active,25,M,4,64,1678003.084,1494969.15,0.059449504,0.071384228,0.086501154,0.011131226,career_average,0.155076555,RP-2010,MP-2021,0.07211847,0.030830586,0.094477633,0.300325235,0.542041088,0.132769082,0.024864595,743098.7884,700075.1591,1.061455729,10.51742557,0,0,0.0005,baseline,0,0,0,0,85737.22445,145727.2216,IN,INR
M02007,P003,DC,12/31/2025,Retired,64,M,12,67,1355148.628,1207697.727,0.059288702,0.084704067,0.091045872,,account_balance,0.040061937,IAM-2012,MP-2020,0.087220685,0.031895141,0.074223857,0.287939435,0.521001023,0.185172444,0.005887098,3913843.34,3913843.34,1,16.5202042,260922.8894,0,0.0107,baseline,0,0,0,0,445466.9793,757158.4645,IN,INR
M02008,P005,DB,12/31/2025,Active,57,M,14,60,482419.677,448949.6323,0.036605948,0.076026778,0.084329018,0.020145658,final_average,0.099517007,IAM-2012,MP-2020,0.05349842,0.059279469,0.066380021,0.21713391,0.419175232,0.311143359,0.052547499,1700403.642,1572122.173,1.081597647,12.41592805,0,0,0.0086,baseline,0,0,0,0,174968.7362,297393.6696,IN,INR
M02009,P001,DB,12/31/2025,Active,40,M,8,64,1231742.221,1079346.004,0.068266404,0.05764265,0.063329998,0.014002061,final_average,0.14513419,IALM_2012-14_Ultimate,MP-2021,0.054927703,0.042367323,0.091937945,0.118359453,0.235116107,0.584594512,0.061929928,1776539.616,2152218.688,0.825445679,17.80097346,0,0,0.0035,baseline,0,0,0,0,220268.1133,374388.8418,IN,INR
M02010,P003,DC,12/31/2025,Active,33,M,5,66,1829658.154,1695022.13,0.038956325,0.06426585,0.161151362,,account_balance,0.077006146,RP-2010,None,0.065487331,0.035495226,0.061132244,0.215867217,0.467437021,0.248111344,0.068584418,2215930.971,2215930.971,1,17.64739574,0,0,0.0014,high_inflation,150,-0.05,300,484978.2062,216804.3084,368501.4264,IN,INR
M02011,P001,DB,12/31/2025,Active,47,F,17,64,686067.5506,624291.5296,0.048309975,0.021806257,0.148905286,0.012632475,career_average,0.101165636,VBT-2015,MI-2012,0.07942497,0.051608863,0.084776299,0.34992913,0.599260589,0.043712747,0.007097535,1386203.998,1610030.735,0.860979836,12.00906912,0,0,0.0056,baseline,0,0,0,0,179816.8671,305634.0186,IN,INR
M02012,P001,DB,12/31/2025,Active,45,M,11,63,825360.2015,771094.2104,0.034589438,0.083327368,0.09566783,0.017465981,final_average,0.080410179,RP-2010,MP-2021,0.074184877,0.056465762,0.073679004,0.249857851,0.721237325,0.017654275,0.011250549,2288412.81,2079771.762,1.100319204,14.03856009,0,0,0.005,baseline,0,0,0,0,248974.8432,423181.5572,IN,INR
M02013,P006,DC,12/31/2025,Active,48,M,39,63,958335.9521,862438.964,0.054131293,0.087754011,0.173427879,,account_balance,0.022360284,RP-2014,None,0.06831838,0.0380095,0.08384107,0.694337575,0.227109212,0.062598166,0.015955046,42224576.96,42224576.96,1,15.11755442,0,0,0.0059,baseline,0,0,0,0,9706025.598,16497293.36,IN,INR
M02014,P001,DB,12/31/2025,Active,46,M,20,65,1072547.081,982129.568,0.045018045,0.04038297,0.140313091,0.019246916,final_average,0.048604986,IALM_2012-14_Ultimate,MP-2021,0.089709836,0.047133724,0.0915539,0.25785461,0.614559231,0.040088213,0.087497946,5862211.848,5580073.271,1.050561805,14.75978313,0,0,0.0053,baseline,0,0,0,0,613177.2948,1042215.025,IN,INR
M02015,P003,DC,12/31/2025,Active,49,M,20,66,766971.12,703513.4578,0.044126938,0.090765344,0.172631048,,account_balance,0.06000861,RP-2014,MI-2012,0.057431731,0.03736161,0.093149529,0.4189255,0.308455396,0.209858609,0.062760495,9030419.896,9030419.896,1,17.77902005,0,0,0.0062,baseline,0,0,0,0,1328429.662,2257926.647,IN,INR
M02016,P003,DC,12/31/2025,Active,58,M,1,60,1010310.181,893971.3271,0.063079075,0.074413156,0.092905505,,account_balance,0.062327,IALM_2012-14_Ultimate,MP-2021,0.082870272,0.054676562,0.099938692,0.35117932,0.625439922,0.010985198,0.012395559,156874.4475,156874.4475,1,12.23187923,0,0,0.0089,rate_down_100bps,-100,0,50,-14282.91585,20552.63558,34933.23349,IN,INR
M02017,P002,DB,12/31/2025,Active,50,M,7,61,1240423.647,1168350.411,0.030382469,0.070491982,0.063935674,0.015372651,final_average,0.074733317,IALM_2012-14_Ultimate,MI-2012,0.054953478,0.032603983,0.085609014,0.478470419,0.456787786,0.015785662,0.048956133,2177946.467,1952900.996,1.115236498,15.53317701,0,0,0.0065,baseline,0,0,0,0,356698.501,606279.0326,IN,INR
M02018,P006,DC,12/31/2025,Active,34,F,5,63,398465.6517,353353.2023,0.061917871,0.083181159,0.085693009,,account_balance,0.048767593,IALM_2012-14_Ultimate,MP-2021,0.057184281,0.041175763,0.068938563,0.239180021,0.54559742,0.138531532,0.076691028,352471.5931,352471.5931,1,14.22889558,0,0,0.0017,baseline,0,0,0,0,34966.57924,59432.55657,IN,INR
M02019,P001,DB,12/31/2025,Active,58,F,2,62,1018304.534,918624.7075,0.052857943,0.000952336,0.107402122,0.010158455,flat,0.100651362,RP-2014,None,0.061817771,0.041396878,0.071044093,0.306971053,0.297469997,0.049743266,0.345815685,270386.427,255419.0828,1.058599162,13.68540186,0,0,0.0089,equity_down_20,0,-0.2,0,-16600.16126,28602.8571,48616.16319,IN,INR
M02020,P004,Hybrid,12/31/2025,Retired,60,M,10,62,828887.8535,724735.8208,0.069443941,0.029124925,0.030550564,0.098894225,cash_balance,0.155555556,IALM_2012-14_Ultimate,MP-2020,0.084923829,0.049107733,0.077445803,0.065671675,0.76663421,0.124814833,0.042879282,984099.4449,940476.939,1.046383387,10.3352478,62698.4626,0,0.0095,baseline,0,0,0,0,81149.92368,137930.2046,IN,INR
M02021,P006,DC,12/31/2025,Retired,75,M,17,62,456755.8101,411482.0711,0.053577729,0.117244737,0.177580203,,account_balance,0.042761201,RP-2010,MP-2021,0.067768229,0.035346294,0.093938825,0.282523167,0.464531301,0.206298096,0.046647437,4423895.552,4423895.552,1,15.78254441,294926.3702,0,0.014,rate_up_100bps,100,0,-50,595451.3825,492641.0312,837340.0142,IN,INR
M02022,P003,DC,12/31/2025,Active,33,M,6,62,1269190.508,1191204.552,0.032215165,0.047696459,0.174541057,,account_balance,0.162741205,RP-2010,None,0.065831416,0.044250205,0.074674201,0.164254975,0.763768855,0.011254989,0.060721182,1971448.511,1971448.511,1,12.57809334,0,0,0.0014,baseline,0,0,0,0,182920.131,310908.6239,IN,INR
M02023,P006,DC,12/31/2025,Active,46,M,2,62,1132662.079,1063455.302,0.032025813,0.098596009,0.162243377,,account_balance,0.061368712,RP-2014,MP-2020,0.069629032,0.046561374,0.087530798,0.221220896,0.653739151,0.112145326,0.012894627,603342.5724,603342.5724,1,10.16344883,0,0,0.0053,rate_down_100bps,-100,0,50,-41598.98052,60185.16532,102296.4877,IN,INR
M02024,P001,DB,12/31/2025,Active,23,M,6,67,1060465.12,934396.5758,0.065326119,0.09419509,0.143932143,0.01765786,final_average,0.063824374,IAM-2012,MI-2012,0.075236253,0.05672642,0.06180351,0.065004313,0.477784418,0.446444863,0.010766405,912163.5029,901137.6547,1.012235476,9.102707418,0,0,0.0005,baseline,0,0,0,0,93236.34424,158473.4459,IN,INR
M02025,P003,DC,12/31/2025,Active,50,F,10,62,1295903.101,1145450.198,0.063648566,0.061885726,0.139330256,,account_balance,0.061071591,IAM-2012,MP-2021,0.066939767,0.04579957,0.077202319,0.311316257,0.589643906,0.091562478,0.007477359,3342913.063,3342913.063,1,10.33685593,0,0,0.0065,baseline,0,0,0,0,398412.5711,677180.2728,IN,INR
M02026,P002,DB,12/31/2025,Active,39,M,9,62,1137749.181,1044196.709,0.043835603,0.065889671,0.127141222,0.021780285,final_average,0.089175662,RP-2014,MI-2012,0.088501268,0.033957695,0.066681045,0.133156788,0.60068922,0.261741735,0.004412258,3480259.105,3113997.548,1.117617805,15.21352587,0,0,0.0032,rate_up_100bps,100,0,-50,369221.1163,313297.3767,532510.3132,IN,INR
M02027,P005,DB,12/31/2025,Retired,63,F,11,62,706406.2311,635007.8421,0.054721299,0.000567511,0.047022663,0.01017792,career_average,0.0223442,IALM_2012-14_Ultimate,MP-2020,0.055413676,0.033040039,0.097537718,0.644940302,0.344200554,0.00824101,0.002618134,1002130.182,1118928.97,0.895615548,15.73880411,71093.64615,0,0.0104,equity_down_20,0,-0.2,0,-129262.8286,215351.7191,366032.466,IN,INR
M02028,P006,DC,12/31/2025,Active,36,M,14,67,1363195.679,1237439.81,0.049583654,0.102016905,0.106549516,,account_balance,0.079859043,IALM_2012-14_Ultimate,MP-2020,0.069026652,0.05772413,0.091657419,0.330935518,0.502573043,0.039498557,0.126992882,6675765.964,6675765.964,1,9.412843926,0,0,0.0023,equity_down_20,0,-0.2,0,-441849.6134,800537.7033,1360670.771,IN,INR
M02029,P002,DB,12/31/2025,Active,27,M,11,65,1472403.829,1289217.645,0.068686562,0.051314151,0.054398555,0.023990894,final_average,0.029719153,IALM_2012-14_Ultimate,MP-2021,0.066617322,0.059390058,0.06554963,0.394422312,0.526121442,0.079419154,3.71E-05,2760046.808,3535915.407,0.780574898,10.39289429,0,0,0.0005,equity_down_20,0,-0.2,0,-217724.8088,388189.132,659803.5338,IN,INR
M02030,P004,Hybrid,12/31/2025,Active,39,M,18,65,604034.5419,529566.5452,0.067998436,0.049917976,0.13765534,0.112217879,cash_balance,0.091431035,RP-2014,None,0.077708273,0.035010955,0.076074054,0.264625938,0.332423911,0.334430887,0.068519264,1508905.23,1675955.191,0.90032552,17.99290929,0,0,0.0032,rate_down_100bps,-100,0,50,-276473.2883,172145.9287,292595.7548,IN,INR
M02031,P002,DB,12/31/2025,Active,24,M,6,61,1463339.277,1279682.969,0.06935356,0.060334063,0.067992711,0.018413646,final_average,0.02385785,IALM_2012-14_Ultimate,None,0.088523334,0.052540624,0.063223669,0.28269311,0.437622796,0.195117942,0.084566152,1472129.849,1799049.163,0.818282168,12.72475998,0,0,0.0005,rate_up_100bps,100,0,-50,196712.8089,161272.0001,274113.3814,IN,INR
M02032,P003,DC,12/31/2025,Active,52,F,9,66,866664.3618,764593.7338,0.064657951,0.07617286,0.160682635,,account_balance,0.035311119,RP-2010,None,0.061536515,0.037521452,0.089862347,0.628765346,0.18043828,0.08056439,0.110231984,2400651.554,2400651.554,1,17.05506058,0,0,0.0071,baseline,0,0,0,0,499923.8415,849718.5781,IN,INR
M02033,P003,DC,12/31/2025,Active,23,M,15,63,1297265.921,1140783.802,0.066382064,0.058021262,0.116873942,,account_balance,0.023224381,IALM_2012-14_Ultimate,None,0.08821306,0.054987476,0.067654621,0.450922993,0.426391707,0.061872729,0.060812572,4889938.388,4889938.388,1,12.66124125,0,0,0.0005,equity_down_20,0,-0.2,0,-440997.1304,756442.3328,1285722.044,IN,INR
M02034,P006,DC,12/31/2025,Active,44,M,13,62,1054290.245,977208.6997,0.038691151,0.052943087,0.146076449,,account_balance,0.044259581,RP-2014,MI-2012,0.083107985,0.032898224,0.092173359,0.679088704,0.182647103,0.092373534,0.045890659,4484578.671,4484578.671,1,13.76140172,0,0,0.0047,baseline,0,0,0,0,1008528.093,1714191.215,IN,INR
M02035,P004,Hybrid,12/31/2025,Active,23,F,28,64,911265.1419,806087.0096,0.063240272,0.026598039,0.053275938,0.106869692,cash_balance,0.016212339,IALM_2012-14_Ultimate,None,0.082419116,0.043113626,0.062960906,0.622504575,0.254075182,0.104497766,0.018922476,4890281.727,5051481.266,0.968088659,16.88048357,0,0,0.0005,high_inflation,150,-0.05,300,1033673.119,1014060.415,1723594.481,IN,INR
M02036,P002,DB,12/31/2025,Active,41,F,6,66,1254998.029,1120420.12,0.058354285,0.083310942,0.080631872,0.020498089,final_average,0.065438971,RP-2010,MI-2012,0.052923038,0.047882112,0.082918298,0.627168093,0.322246804,0.025988471,0.024596633,2855288.48,2467805.051,1.157015413,17.90875246,0,0,0.0038,rate_up_100bps,100,0,-50,395947.7185,596294.6025,1013519.58,IN,INR
M02037,P001,DB,12/31/2025,Retired,60,F,15,65,847536.8104,742335.4498,0.06851146,0.082430691,0.114086588,0.021663303,final_average,0.077366756,RP-2014,None,0.087623338,0.055575053,0.084328048,0.371039797,0.351426329,0.158556463,0.118977411,2069170.627,2325126.387,0.889917485,9.638965445,241221.5709,0,0.0095,baseline,0,0,0,0,270485.4794,459743.1005,IN,INR
M02038,P001,DB,12/31/2025,Active,48,F,7,66,1600988.391,1444291.282,0.052850473,0.027537072,0.10770794,0.019705432,final_average,0.04122436,IAM-2012,None,0.083557114,0.055701799,0.073373389,0.507946229,0.277724523,0.177686831,0.036642417,2875877.31,2926592.076,0.982671051,14.69005423,0,0,0.0059,rate_down_100bps,-100,0,50,-389982.8804,497362.3687,845364.8528,IN,INR
M02039,P002,DB,12/31/2025,Active,35,M,7,67,1723950.514,1614292.617,0.033406687,0.073058803,0.110329425,0.022931028,final_average,0.060455311,RP-2014,MP-2021,0.077383325,0.035528836,0.066568329,0.309603145,0.568202293,0.06044473,0.061749832,3824527.105,3424593.828,1.116782689,13.21615852,0,0,0.002,equity_down_20,0,-0.2,0,-236817.1243,447059.0158,759864.4427,IN,INR
M02040,P002,DB,12/31/2025,Active,44,F,19,62,769746.6891,693030.509,0.053895956,0.067203738,0.135602643,0.017041283,career_average,0.115555556,VBT-2015,MP-2020,0.05511437,0.059013558,0.072953168,0.172063927,0.435336579,0.362120299,0.030479196,3549845.169,3108463.307,1.141993589,13.85279812,0,0,0.0047,baseline,0,0,0,0,357827.4461,608197.8962,IN,INR
M02041,P005,DB,12/31/2025,Active,44,F,11,63,913233.9901,816679.2313,0.057463237,0.047352396,0.044523649,0.013265312,career_average,0.083752196,IAM-2012,MP-2021,0.06680149,0.049156576,0.07982047,0.169515155,0.604165741,0.226316641,2.46E-06,1128008.653,1288865.005,0.875195345,10.81547919,0,0,0.0047,baseline,0,0,0,0,104984.0345,178440.9486,IN,INR
M02042,P003,DC,12/31/2025,Active,49,F,12,60,832039.2645,771026.3181,0.038812841,0.053300754,0.110243109,,account_balance,0.081337133,IAM-2012,MP-2021,0.08360913,0.049763189,0.098764306,0.402073971,0.486751448,0.050371576,0.060803004,2662636.962,2662636.962,1,17.04918579,0,0,0.0062,baseline,0,0,0,0,375673.036,638529.9749,IN,INR
M02043,P003,DC,12/31/2025,Active,30,F,7,66,1165737.936,1065940.86,0.045764535,0.087421658,0.12326182,,account_balance,0.083164138,RP-2014,MP-2020,0.067501255,0.056669791,0.077877673,0.385499756,0.412530373,0.151922035,0.050047836,2043877.187,2043877.187,1,11.58111823,0,0,0.0005,rate_up_100bps,100,0,-50,194545.7625,279074.1805,474341.2819,IN,INR
M02044,P001,DB,12/31/2025,Active,50,M,8,62,1775380.452,1598304.588,0.053940137,0.067785118,0.106334213,0.020193688,final_average,0.053178284,VBT-2015,None,0.067458207,0.039608889,0.067575273,0.351713814,0.455711256,0.185167885,0.007407046,2609257.124,2647683.199,0.985486906,10.25417807,0,0,0.0065,baseline,0,0,0,0,337683.1497,573958.7153,IN,INR
M02045,P006,DC,12/31/2025,Active,20,F,4,66,464907.6026,425758.9634,0.044964229,0.066572393,0.119599942,,account_balance,0.049592935,IAM-2012,MP-2021,0.060805032,0.042456542,0.061035449,0.185973253,0.765628284,0.041990667,0.006407796,356942.8811,356942.8811,1,15.3796865,0,0,0.0005,baseline,0,0,0,0,34832.20384,59204.15923,IN,INR
M02046,P005,DB,12/31/2025,Active,38,M,12,63,520093.4008,476267.0108,0.044997909,0.070480234,0.03205375,0.010599627,career_average,0.123481838,IALM_2012-14_Ultimate,MP-2021,0.05204753,0.059549661,0.060329177,0.4130476,0.364910666,0.047740188,0.174301546,934370.5735,1079749.569,0.865358599,17.82381722,0,0,0.0029,rate_up_100bps,100,0,-50,175404.5001,131680.1255,223816.1889,IN,INR
M02047,P001,DB,12/31/2025,Active,39,M,5,63,948287.9176,884683.8563,0.035323466,0.074143372,0.037254272,0.013494994,final_average,0.177777778,VBT-2015,MP-2021,0.070520153,0.030496143,0.076669519,0.602473003,0.373490549,0.016794585,0.007241863,625578.3641,666387.6932,0.93876038,11.16339188,0,0,0.0032,baseline,0,0,0,0,126141.4239,214402.0798,IN,INR
M02048,P004,Hybrid,12/31/2025,Active,50,M,10,60,1070534.52,939202.5106,0.067629869,0.088688029,0.044272959,0.051889719,cash_balance,0.024712914,VBT-2015,MP-2020,0.08097878,0.056014769,0.071852372,0.206515201,0.55636074,0.071809767,0.165314292,598975.2486,631777.9473,0.948078753,13.22075609,0,0,0.0065,equity_down_20,0,-0.2,0,-24739.49873,53035.76066,90144.67282,IN,INR
M02049,P003,DC,12/31/2025,Active,44,F,17,63,644621.1693,573689.1401,0.060019775,0.066951695,0.115118455,,account_balance,0.068511176,RP-2014,MP-2021,0.055842854,0.055275184,0.064603277,0.364335471,0.305977575,0.286459494,0.04322746,3023156.223,3023156.223,1,9.582957746,0,0,0.0047,rate_up_100bps,100,0,-50,243456.883,410949.8752,698489.8791,IN,INR
M02050,P001,DB,12/31/2025,Active,30,M,3,66,1068037.165,1006630.242,0.030049738,0.098875411,0.044118414,0.015454797,career_average,0.186666667,RP-2014,MP-2021,0.085751103,0.037872388,0.066887016,0.465551535,0.424833738,0.109579725,3.50E-05,436238.9679,560121.2912,0.778829469,12.00127951,0,0,0.0005,baseline,0,0,0,0,69915.4861,118835.0755,IN,INR
M02051,P003,DC,12/31/2025,Active,34,M,45,60,705434.7087,627095.2171,0.060624531,0.11828702,0.16812423,,account_balance,0.06,RP-2014,MP-2021,0.072211359,0.054650845,0.073996239,0.14593026,0.524389756,0.217886431,0.111793553,40280809.66,40280809.66,1,16.25204851,0,0,0.0017,high_inflation,150,-0.05,300,7941562.344,3330710.423,5661195.345,IN,INR
M02052,P003,DC,12/31/2025,Active,46,M,6,63,805283.8933,717252.1117,0.0595918,0.102305876,0.144161813,,account_balance,0.140889809,VBT-2015,MP-2021,0.082491955,0.039907294,0.087465206,0.277772115,0.533764051,0.185394067,0.003069767,1364046.546,1364046.546,1,16.93399792,0,0,0.0053,rate_up_100bps,100,0,-50,194583.6633,152299.7098,258863.2149,IN,INR
M02053,P001,DB,12/31/2025,Active,43,F,10,60,1743374.48,1642056.348,0.030389238,0.065717651,0.123499944,0.016873782,career_average,0.074890099,RP-2010,MP-2020,0.076681595,0.048869315,0.084383518,0.415395318,0.394039553,0.18856935,0.001995779,2346461.714,3078119.622,0.762303614,11.10925645,0,0,0.0044,baseline,0,0,0,0,344662.3979,585821.3158,IN,INR
M02054,P006,DC,12/31/2025,Active,38,M,12,63,843731.9253,772949.8428,0.044784172,0.083477994,0.093687712,,account_balance,0.123191885,RP-2014,MP-2021,0.055397825,0.043406349,0.063198213,0.272513092,0.649361853,0.021144755,0.056980299,2373545.969,2373545.969,1,13.92688465,0,0,0.0029,equity_down_20,0,-0.2,0,-129364.4702,261784.2602,444953.6727,IN,INR
M02055,P005,DB,12/31/2025,Active,39,F,6,62,837079.0848,753117.7264,0.054269908,0.047503771,0.076757701,0.013368383,final_average,0.173333333,RP-2010,MP-2020,0.086263689,0.033039879,0.065721062,0.27197155,0.335251266,0.054193782,0.338583402,997586.6606,970357.0016,1.028061486,16.0634391,0,0,0.0032,baseline,0,0,0,0,95928.18629,163048.7592,IN,INR
M02056,P004,Hybrid,12/31/2025,Active,51,F,8,62,1044754.873,951044.0974,0.048110026,0.08909101,0.091359812,0.110517481,cash_balance,0.007704077,IAM-2012,MP-2021,0.07872599,0.056860768,0.096336119,0.160985079,0.76963126,0.068832239,0.000551421,918992.149,1029164.185,0.89294999,9.16645712,0,0,0.0068,equity_down_20,0,-0.2,0,-29588.80469,86013.60102,146196.9778,IN,INR
M02057,P003,DC,12/31/2025,Active,39,M,20,66,1609655.624,1429566.707,0.061119445,0.1031709,0.154332996,,account_balance,0.039904098,IALM_2012-14_Ultimate,MP-2021,0.05142316,0.046357798,0.06284325,0.196145866,0.407877122,0.356298847,0.039678165,13542860.75,13542860.75,1,10.91073892,0,0,0.0032,rate_down_100bps,-100,0,50,-1201435.026,1402994.219,2384663.731,IN,INR
M02058,P003,DC,12/31/2025,Active,43,M,16,63,965730.3705,880942.0018,0.047018333,0.11778723,0.098864372,,account_balance,0.020070604,IALM_2012-14_Ultimate,MP-2020,0.07320177,0.044454332,0.067954911,0.344276807,0.487241699,0.163785823,0.004695671,5167167.542,5167167.542,1,9.336050516,0,0,0.0044,baseline,0,0,0,0,657418.6703,1117411.916,IN,INR
M02059,P004,Hybrid,12/31/2025,Retired,66,F,9,63,765888.2303,713372.4693,0.036154519,0.012834956,0.149408786,0.08522937,cash_balance,0.134527229,RP-2010,MP-2021,0.069205048,0.05638493,0.072717687,0.16700577,0.540780655,0.027191539,0.265022035,593332.1655,668853.7039,0.887088106,10.14141742,44590.24693,0,0.0113,rate_up_100bps,100,0,-50,51788.11821,45635.13344,77565.85598,IN,INR
M02060,P003,DC,12/31/2025,Active,30,F,11,64,1277743.8,1118001.442,0.069056625,0.081773824,0.102911373,,account_balance,0.032411375,VBT-2015,None,0.084366163,0.039840618,0.069204763,0.398353497,0.463029502,0.138522496,9.45E-05,3281723.621,3281723.621,1,10.59897675,0,0,0.0005,baseline,0,0,0,0,464251.6695,789086.7282,IN,INR
M02061,P001,DB,12/31/2025,Active,25,F,12,62,1419380.475,1313100.936,0.0396816,0.012496862,0.13346717,0.021596041,final_average,0.146666667,IALM_2012-14_Ultimate,MI-2012,0.054911396,0.047110268,0.071633533,0.390470829,0.538439801,0.054657384,0.016431986,2873154.001,3153239.924,0.911175194,9.266239523,0,0,0.0005,high_inflation,150,-0.05,300,266159.4698,400637.609,680962.161,IN,INR
M02062,P003,DC,12/31/2025,Active,52,M,15,62,1648040.652,1470333.266,0.058707692,0.07091587,0.126600297,,account_balance,0.035086336,RP-2010,None,0.073633762,0.056468257,0.089109617,0.535206678,0.354898889,0.047391674,0.06250276,8263169.042,8263169.042,1,12.94092297,0,0,0.0071,equity_down_20,0,-0.2,0,-884500.6498,1485551.289,2524985.656,IN,INR
M02063,P005,DB,12/31/2025,Active,37,F,15,64,968934.0279,903242.2404,0.035726252,0.076408678,0.032725693,0.015516826,career_average,0.112157542,RP-2014,None,0.062411202,0.040286429,0.063800526,0.295927099,0.3706646,0.023654569,0.309753732,2282846.324,2672663.047,0.854146701,12.71293459,0,0,0.0026,baseline,0,0,0,0,237955.0827,404451.3138,IN,INR
M02064,P003,DC,12/31/2025,Active,41,M,15,62,1219350.406,1120537.14,0.043160505,0.090833007,0.085338765,,account_balance,0.12594061,RP-2010,MP-2021,0.059824755,0.053806068,0.074089336,0.555447063,0.394325348,0.032155914,0.018071676,5061239.316,5061239.316,1,11.62509848,0,0,0.0038,baseline,0,0,0,0,946192.0071,1608238.816,IN,INR
M02065,P001,DB,12/31/2025,Active,36,M,8,65,1405180.363,1280188.288,0.047681104,0.003570871,0.145805748,0.012259978,career_average,0.13109559,IAM-2012,MP-2020,0.050901414,0.045431119,0.084469172,0.200081961,0.584271983,0.197885881,0.017760175,1616975.17,1489662.329,1.085464228,11.86408667,0,0,0.0023,rate_down_100bps,-100,0,50,-129497.1653,154965.9971,263395.093,IN,INR
M02066,P005,DB,12/31/2025,Active,41,F,11,64,1068576.889,992364.2641,0.03768928,0.06802204,0.075992501,0.02323361,final_average,0.151111111,RP-2010,MP-2021,0.063289135,0.034732998,0.061953638,0.186446845,0.7525226,0.036646457,0.024384097,3656574.168,3508605.474,1.042173078,13.83419942,0,0,0.0038,rate_up_100bps,100,0,-50,347804.7429,353230.2839,600384.1178,IN,INR
M02067,P002,DB,12/31/2025,Retired,60,M,19,65,1782894.279,1623320.848,0.047998383,0.004429353,0.144497049,0.011873302,career_average,0.016199094,RP-2014,None,0.065843835,0.031217747,0.061771787,0.31256196,0.61269844,0.063269872,0.011469728,7037423.176,5948444.224,1.183069541,16.24328677,366209.3951,0,0.0095,rate_up_100bps,100,0,-50,750631.9437,844128.5438,1434761.95,IN,INR
M02068,P002,DB,12/31/2025,Deferred,52,F,33,67,1319974.363,1229152.601,0.036286513,0.078205647,0.046921157,0.020916186,final_average,0.06,RP-2010,MP-2020,0.067911468,0.051801762,0.0799427,0.365944151,0.318386495,0.058484909,0.257184445,14039292.31,15081264.54,0.930909492,17.77606034,0,0,0.0071,baseline,0,0,0,0,1755405.95,2983656.557,IN,INR
M02069,P001,DB,12/31/2025,Active,53,M,11,61,2297402.253,2074474.794,0.052360262,0.038095017,0.111613217,0.020513783,final_average,0.056828361,RP-2014,MP-2021,0.079388867,0.037856252,0.095992982,0.499649297,0.450644688,0.045377947,0.004328069,5832155.053,7654356.474,0.761939305,16.35166847,0,0,0.0074,baseline,0,0,0,0,994564.4856,1690457.326,IN,INR
M02070,P002,DB,12/31/2025,Active,30,F,8,63,1488039.048,1333016.2,0.05654853,0.009576536,0.053031478,0.015947991,final_average,0.097921698,RP-2014,MP-2020,0.066141697,0.054471865,0.077790738,0.284384673,0.673216522,0.034973555,0.00742525,2406170.713,2127317.36,1.131082159,12.50837477,0,0,0.0005,rate_up_100bps,100,0,-50,185099.1341,276623.4435,470175.7739,IN,INR
M02071,P005,DB,12/31/2025,Active,32,M,6,63,413734.8884,388100.5295,0.032497371,0.056804664,0.059597668,0.011194793,career_average,0.097275853,IAM-2012,MP-2020,0.057809595,0.035667856,0.076265786,0.392481877,0.471866379,0.119548047,0.016103697,354316.5365,440026.5628,0.805216245,16.87980244,0,0,0.0011,rate_down_100bps,-100,0,50,-65916.11141,49350.2008,83880.3413,IN,INR
M02072,P003,DC,12/31/2025,Active,20,M,15,62,823017.3315,725831.7415,0.064845285,0.075670187,0.12411773,,account_balance,0.069622701,IAM-2012,MP-2021,0.065925849,0.047035692,0.060406312,0.359199487,0.483567403,0.089772128,0.067460982,3377059.532,3377059.532,1,16.41765076,0,0,0.0005,high_inflation,150,-0.05,300,648521.164,434565.421,738629.129,IN,INR
M02073,P002,DB,12/31/2025,Active,36,F,3,66,475427.5021,441760.7179,0.037405635,0.065957394,0.07528297,0.023428213,final_average,0.081883374,IALM_2012-14_Ultimate,None,0.0527826,0.032804078,0.089308455,0.446473418,0.396365006,0.098198082,0.058963494,465399.503,534353.3004,0.870958414,17.21000461,0,0,0.0023,rate_up_100bps,100,0,-50,82738.8238,71319.74017,121221.8806,IN,INR
M02074,P006,DC,12/31/2025,Active,54,M,15,65,738613.984,684186.2019,0.039014497,0.070224728,0.066411135,,account_balance,0.049126497,RP-2014,None,0.088882969,0.052073034,0.066563406,0.223665444,0.459905507,0.265664207,0.050764842,2273685.367,2273685.367,1,9.590030412,0,0,0.0077,baseline,0,0,0,0,229926.3333,390804.8803,IN,INR
M02075,P006,DC,12/31/2025,Active,49,M,15,64,833081.7385,746425.446,0.056453994,0.119525771,0.074383206,,account_balance,0.02639688,RP-2014,MP-2021,0.052649336,0.052971088,0.087939746,0.259386973,0.432575817,0.148292454,0.159744756,4085186.95,4085186.95,1,12.18144311,0,0,0.0062,baseline,0,0,0,0,407891.5581,693291.6696,IN,INR
M02076,P006,DC,12/31/2025,Active,42,F,8,64,1455597.04,1323418.438,0.048750042,0.04388095,0.116560469,,account_balance,0.023809863,RP-2014,MP-2021,0.058075634,0.057496382,0.07394025,0.318434672,0.534163035,0.048734095,0.098668197,2259561.361,2259561.361,1,9.41877273,0,0,0.0041,rate_down_100bps,-100,0,50,-152474.2415,265923.4514,451989.0395,IN,INR
M02077,P002,DB,12/31/2025,Active,44,M,12,61,807868.733,732794.5001,0.049975824,0.038669771,0.11199959,0.01399135,career_average,0.086641698,IALM_2012-14_Ultimate,MP-2021,0.067121265,0.046840794,0.061799541,0.362697592,0.271218299,0.304869501,0.061214609,1512515.943,1463234.403,1.033679867,11.8929843,0,0,0.0047,equity_down_20,0,-0.2,0,-109717.178,206160.0967,350409.5017,IN,INR
M02078,P003,DC,12/31/2025,Active,37,F,9,64,1843900.485,1720881.147,0.035126199,0.107295096,0.136953609,,account_balance,0.16,VBT-2015,MP-2021,0.087336233,0.03319325,0.073116028,0.460187633,0.429923379,0.104752075,0.005136912,5196796.662,5196796.662,1,11.52540975,0,0,0.0026,rate_down_100bps,-100,0,50,-487240.8903,824158.0506,1400818.182,IN,INR
M02079,P006,DC,12/31/2025,Active,46,M,4,66,728804.6247,645913.6433,0.062229433,0.091898072,0.07733077,,account_balance,0.049166749,IAM-2012,None,0.057149487,0.054832956,0.086382413,0.078154649,0.472836291,0.168371132,0.280637928,516029.2112,516029.2112,1,17.19388317,0,0,0.0053,equity_down_20,0,-0.2,0,-8066.016394,32493.93249,55229.80867,IN,INR
M02080,P005,DB,12/31/2025,Active,52,M,15,64,864740.5586,777396.5716,0.05468217,0.057837002,0.062051161,0.016438326,final_average,0.01319968,IAM-2012,MP-2020,0.06599114,0.039416824,0.090733546,0.593049472,0.195135128,0.199625472,0.012189928,3213463.833,3355335.306,0.957717647,17.50428879,0,0,0.0071,baseline,0,0,0,0,642636.612,1092286.91,IN,INR
M02081,P001,DB,12/31/2025,Active,28,F,14,62,563617.1061,525720.6362,0.035415282,0.003725721,0.077163391,0.014019064,final_average,0.05934717,RP-2014,MP-2021,0.089572682,0.056987803,0.085421764,0.25473091,0.630664223,0.112181993,0.002422874,1670666.444,1574101.013,1.0613464,15.25564339,0,0,0.0005,baseline,0,0,0,0,178288.7517,303036.6868,IN,INR
M02082,P001,DB,12/31/2025,Active,47,F,8,65,1886146.91,1727333.535,0.044959975,0.084307852,0.065764423,0.017316667,final_average,0.089413815,IALM_2012-14_Ultimate,MP-2021,0.074081905,0.059335037,0.088442431,0.684952072,0.240839403,0.052970401,0.021238124,2312928.026,2762681.44,0.837204027,11.54516941,0,0,0.0056,rate_down_100bps,-100,0,50,-291104.0421,524666.6393,891773.8136,IN,INR
M02083,P003,DC,12/31/2025,Deferred,53,M,32,63,2003190.09,1774731.4,0.062416397,0.047308939,0.156171649,,account_balance,0.009938944,RP-2014,MP-2021,0.074583331,0.033974657,0.069436565,0.324932813,0.588366027,0.074282872,0.012418288,33828758.32,33828758.32,1,9.062302809,0,0,0.0074,baseline,0,0,0,0,4145315.459,7045776.306,IN,INR
M02084,P006,DC,12/31/2025,Active,40,M,11,64,927774.3327,837153.0962,0.052734202,0.11698974,0.099899925,,account_balance,0.097956719,IAM-2012,None,0.088965175,0.03248879,0.098609927,0.155869433,0.330292299,0.471754925,0.042083343,3350238.968,3350238.968,1,15.0349925,0,0,0.0035,equity_down_20,0,-0.2,0,-104439.9699,372541.9468,633208.0749,IN,INR
M02085,P003,DC,12/31/2025,Active,51,F,3,64,505700.7649,472674.2817,0.034345951,0.074584062,0.077639886,,account_balance,0.091455688,IALM_2012-14_Ultimate,None,0.070243928,0.056928101,0.06907642,0.330331224,0.411239608,0.011957136,0.246472031,238604.8861,238604.8861,1,13.49459499,0,0,0.0068,equity_down_20,0,-0.2,0,-15763.72883,27703.48054,47087.49641,IN,INR
M02086,P003,DC,12/31/2025,Retired,72,M,19,63,896555.7759,821142.7117,0.044911082,0.093231139,0.164814376,,account_balance,0.026643889,RP-2010,MP-2021,0.05010243,0.056966286,0.066803963,0.254740658,0.433828125,0.222273887,0.089157329,7441705.048,7441705.048,1,10.86612935,496113.6699,0,0.0131,baseline,0,0,0,0,772821.8726,1313562.283,IN,INR
M02087,P001,DB,12/31/2025,Active,43,M,17,65,1093035.937,1011141.317,0.039707776,0.002568488,0.136096556,0.013372291,final_average,0.007136657,IAM-2012,None,0.051239186,0.047555932,0.06999247,0.422745538,0.514069655,0.062615085,0.000569721,2465123.658,2432362.776,1.013468748,10.58185392,0,0,0.0044,high_inflation,150,-0.05,300,238934.2173,366229.3402,622478.5625,IN,INR
M02088,P004,Hybrid,12/31/2025,Active,48,M,18,66,739930.7876,670246.8362,0.050698622,0.005502771,0.038809451,0.057454796,cash_balance,0.075140245,RP-2010,MP-2021,0.077255925,0.056643637,0.098882207,0.345269589,0.491413943,0.087672838,0.07564363,1043765.968,1083295.439,0.963509981,14.03885902,0,0,0.0059,equity_down_20,0,-0.2,0,-72076.12944,130186.9208,221278.1948,IN,INR
M02089,P005,DB,12/31/2025,Active,37,M,5,60,2835938.304,2506284.299,0.063734445,0.044243919,0.129563408,0.014855574,flat,0.121797218,VBT-2015,MI-2012,0.058460449,0.057915646,0.062598145,0.483505502,0.45436423,0.061477667,0.000652602,1920700.33,1893682.156,1.014267534,10.17225663,0,0,0.0026,equity_down_20,0,-0.2,0,-185733.8354,318296.2331,541006.8497,IN,INR
M02090,P003,DC,12/31/2025,Active,46,M,12,67,2238694.988,2040458.454,0.047450685,0.103402978,0.142026038,,account_balance,0.065017755,RP-2010,None,0.069139229,0.046661687,0.090937812,0.371798118,0.607433142,0.0173657,0.00340304,10130593.21,10130593.21,1,13.94155347,0,0,0.0053,rate_up_100bps,100,0,-50,1104679.165,1380468.086,2346376.151,IN,INR
M02091,P005,DB,12/31/2025,Active,49,M,11,64,448215.957,408617.6986,0.047333681,0.012653688,0.040629319,0.022256941,final_average,0.147932243,IALM_2012-14_Ultimate,MI-2012,0.07205489,0.050595846,0.06421146,0.504377347,0.385316423,0.019494988,0.090811242,1978536.805,1725121.444,1.146897114,17.24425127,0,0,0.0062,equity_down_20,0,-0.2,0,-199585.8289,336929.8303,572678.3012,IN,INR
M02092,P006,DC,12/31/2025,Active,46,M,10,65,585832,515328.6638,0.066214036,0.11853191,0.082063997,,account_balance,0.145335912,RP-2010,None,0.076694005,0.048407182,0.090931658,0.405193236,0.554216305,0.038203663,0.002386796,1597327.949,1597327.949,1,16.1232432,0,0,0.0053,high_inflation,150,-0.05,300,287555.3913,230482.1141,391749.5387,IN,INR
M02093,P002,DB,12/31/2025,Active,34,M,22,66,1210356.231,1091483.956,0.053047417,0.022611191,0.042318358,0.010935335,career_average,0.031793239,VBT-2015,None,0.053349866,0.035237974,0.071080962,0.109875848,0.876271019,0.001369461,0.012483672,4542507.779,4588135.14,0.990055358,17.47286327,0,0,0.0017,equity_down_20,0,-0.2,0,-99822.37847,425811.1513,723749.5314,IN,INR
M02094,P003,DC,12/31/2025,Active,46,M,11,64,607832.5659,548552.1473,0.052647643,0.077785732,0.075105989,,account_balance,0.027063915,IAM-2012,MP-2021,0.080401747,0.043087074,0.089064926,0.458345197,0.331687059,0.167286126,0.042681617,1474994.213,1474994.213,1,11.23451146,0,0,0.0053,rate_down_100bps,-100,0,50,-141246.5693,232759.5674,395620.517,IN,INR
M02095,P002,DB,12/31/2025,Active,59,F,8,66,1069078.181,987517.9568,0.040476396,0.041841978,0.148585794,0.016077468,final_average,0.142764259,VBT-2015,MP-2020,0.086806721,0.05044153,0.061960024,0.301124351,0.530089074,0.153830646,0.014955928,2417655.463,2231501.236,1.083421073,17.56889637,0,0,0.0092,rate_up_100bps,100,0,-50,327971.5024,280639.4297,477001.7298,IN,INR
M02096,P005,DB,12/31/2025,Active,48,M,8,62,989363.3625,890061.6116,0.05430891,0.031043299,0.034119282,0.019539697,final_average,0.064185677,IALM_2012-14_Ultimate,MP-2020,0.060229821,0.048308067,0.073383817,0.140150098,0.802623693,0.033432869,0.023793339,2003924.499,1847211.217,1.08483777,13.27665498,0,0,0.0059,rate_up_100bps,100,0,-50,164827.9959,184158.6672,313013.7589,IN,INR
M02097,P003,DC,12/31/2025,Active,54,F,5,62,967232.7887,872256.527,0.053036419,0.084832921,0.142672277,,account_balance,0.099170209,RP-2010,MP-2021,0.065217843,0.036452935,0.078584979,0.211537094,0.385270003,0.108730347,0.294462556,1198785.483,1198785.483,1,14.67596605,0,0,0.0077,rate_down_100bps,-100,0,50,-152840.5462,98662.95681,167697.0378,IN,INR
M02098,P004,Hybrid,12/31/2025,Active,42,F,11,65,1557293.585,1423677.798,0.045874059,0.044527003,0.076328439,0.114645609,cash_balance,0.151111111,RP-2010,MP-2021,0.079752726,0.057292775,0.060827003,0.144100708,0.750791901,0.045313962,0.059793428,2415672.811,2378761.798,1.015516902,11.64576507,0,0,0.0041,equity_down_20,0,-0.2,0,-69620.03257,213618.2128,363086.0321,IN,INR
M02099,P005,DB,12/31/2025,Deferred,51,M,23,66,2220712.661,1941006.485,0.069627823,0.066891393,0.07075277,0.016854781,career_average,0.075884277,IALM_2012-14_Ultimate,MI-2012,0.059937627,0.05352205,0.067233934,0.294611194,0.607449426,0.093343658,0.004595722,13066654.6,13505112.32,0.967533945,17.94817337,0,0,0.0068,rate_down_100bps,-100,0,50,-2027054.381,1508563.069,2564098.688,IN,INR
M02100,P003,DC,12/31/2025,Active,47,M,9,66,1176712.26,1036922.475,0.065275639,0.084215655,0.111907236,,account_balance,0.031247401,RP-2014,MP-2021,0.071689783,0.032053727,0.066751925,0.477665348,0.434543032,0.0665254,0.02126622,2447949.999,2447949.999,1,12.93988093,0,0,0.0056,baseline,0,0,0,0,400064.1978,679987.5361,IN,INR
M02101,P006,DC,12/31/2025,Active,34,M,13,65,570668.8182,507909.0751,0.059983452,0.109955103,0.174982099,,account_balance,0.025562782,IALM_2012-14_Ultimate,MP-2021,0.076397873,0.040322351,0.079256068,0.442223711,0.414280748,0.051380859,0.092114682,3088785.324,3088785.324,1,10.68766321,0,0,0.0017,baseline,0,0,0,0,467876.3098,795247.515,IN,INR
M02102,P003,DC,12/31/2025,Active,47,F,9,64,1050470.306,950102.2103,0.051493824,0.0980046,0.166902166,,account_balance,0.104195067,IALM_2012-14_Ultimate,MP-2021,0.085170958,0.059866144,0.06532692,0.311854181,0.353939083,0.262699436,0.0715073,3011472.813,3011472.813,1,14.16544539,0,0,0.0056,baseline,0,0,0,0,361848.8943,615033.1359,IN,INR
M02103,P001,DB,12/31/2025,Active,34,F,10,63,757010.2125,688619.7202,0.048482392,0.047256991,0.122989966,0.016410213,career_average,0.131893756,VBT-2015,MP-2021,0.06381463,0.041694301,0.099086799,0.132417558,0.715498184,0.147530902,0.004553356,959667.5136,1276969.309,0.751519639,11.3002168,0,0,0.0017,baseline,0,0,0,0,84391.89405,143440.5689,IN,INR
M02104,P004,Hybrid,12/31/2025,Active,38,M,17,68,2413341.989,2242486.401,0.037395896,0.021341444,0.060351981,0.073301688,cash_balance,0.029660003,VBT-2015,MP-2020,0.069705929,0.0499029,0.095477192,0.49077763,0.445023974,0.038319402,0.025878994,3603710.462,4093778.437,0.88028957,12.92385443,0,0,0.0029,baseline,0,0,0,0,603639.4964,1026003.667,IN,INR
M02105,P005,DB,12/31/2025,Active,46,F,5,63,1345024.361,1238236.005,0.042229499,0.075538129,0.075995461,0.019432975,final_average,0.132657134,IALM_2012-14_Ultimate,MP-2021,0.057383976,0.033020327,0.068973451,0.141266531,0.624266068,0.148270071,0.08619733,1300770.734,1308101.212,0.994396093,10.87247994,0,0,0.0053,baseline,0,0,0,0,107383.7623,182519.7565,IN,INR
M02106,P002,DB,12/31/2025,Active,47,M,4,65,1180128.336,1048413.249,0.060958432,0.014077578,0.08041799,0.013092544,career_average,0.127696632,IAM-2012,MP-2020,0.062304419,0.03932772,0.0693684,0.215250151,0.54587863,0.044409948,0.194461271,527470.4462,685270.3752,0.769726031,12.48088643,0,0,0.0056,rate_up_100bps,100,0,-50,71131.07505,47193.24219,80214.16728,IN,INR
M02107,P005,DB,12/31/2025,Active,32,M,19,64,1318918.527,1200524.773,0.048149958,0.049113289,0.06656781,0.017684533,career_average,0.105207776,RP-2010,None,0.053797456,0.056461616,0.0978971,0.228554366,0.680975296,0.078434346,0.012035991,3055598.138,3966363.921,0.770377655,9.832732907,0,0,0.0011,equity_down_20,0,-0.2,0,-139674.0592,311782.4973,529935.4786,IN,INR
M02108,P006,DC,12/31/2025,Active,55,F,8,64,967757.2034,852766.3907,0.065290781,0.108621888,0.076219657,,account_balance,0.164444444,IALM_2012-14_Ultimate,None,0.05790551,0.045316184,0.071981769,0.390824176,0.46024369,0.142418847,0.006513287,1665210.921,1665210.921,1,11.56314785,0,0,0.008,baseline,0,0,0,0,231859.4303,394090.5576,IN,INR
M02109,P002,DB,12/31/2025,Active,50,M,8,63,1729641.624,1611783.378,0.035916445,0.065830088,0.043719702,0.017935697,final_average,0.102693383,RP-2014,MI-2012,0.063848453,0.054753367,0.076931556,0.432804569,0.527166905,0.027608821,0.012419705,2096914.109,2599191.781,0.80675621,11.23888977,0,0,0.0065,high_inflation,150,-0.05,300,309895.9692,318100.4866,540674.1402,IN,INR
M02110,P006,DC,12/31/2025,Active,37,M,36,67,761541.5018,690301.5109,0.050333884,0.101999252,0.06673994,,account_balance,0.006415227,RP-2010,MP-2021,0.066970873,0.030229784,0.088059175,0.103472079,0.627078357,0.219769524,0.04968004,19155900.24,19155900.24,1,17.52958668,0,0,0.0026,rate_up_100bps,100,0,-50,2757337.615,1588009.896,2699134.146,IN,INR
M02111,P001,DB,12/31/2025,Active,29,M,17,64,1516653.654,1360374.296,0.055878627,0.094659559,0.128617086,0.010194156,career_average,0.031734751,IAM-2012,MP-2021,0.0782751,0.049984224,0.073761465,0.219855397,0.49268889,0.165447194,0.122008519,2888838.601,3379106.576,0.854911953,14.33320325,0,0,0.0005,baseline,0,0,0,0,268946.9483,457128.0654,IN,INR
M02112,P002,DB,12/31/2025,Active,43,F,6,67,2015547.103,1825816.1,0.050673938,0.016779927,0.046155318,0.02299355,final_average,0.084676572,IALM_2012-14_Ultimate,None,0.068337957,0.038997848,0.096098271,0.475715237,0.480464427,0.020265813,0.023554522,2792266.119,2327212.576,1.199832859,9.238931624,0,0,0.0044,baseline,0,0,0,0,456776.3572,776380.9694,IN,INR
M02113,P002,DB,12/31/2025,Active,40,M,20,60,682640.1413,601213.337,0.065569076,0.026181722,0.11911678,0.013329094,career_average,0.030179206,IAM-2012,MP-2021,0.051961966,0.055823298,0.083561449,0.238673014,0.298358546,0.281484414,0.181484026,2219765.695,2760395.454,0.804147714,17.22313019,0,0,0.0035,rate_up_100bps,100,0,-50,442312.1997,223409.2034,379727.7403,IN,INR
M02114,P006,DC,12/31/2025,Active,45,F,17,64,1146180.375,1001899.974,0.069582531,0.079111451,0.109345897,,account_balance,0.066980112,RP-2010,None,0.080229815,0.058321398,0.082689434,0.185186104,0.502632176,0.052422733,0.259758988,6306225.548,6306225.548,1,14.79920796,0,0,0.005,high_inflation,150,-0.05,300,1103787.492,500480.8349,850665.2974,IN,INR
M02115,P004,Hybrid,12/31/2025,Active,40,M,1,65,1187604.953,1109427.747,0.034633386,0.051827976,0.136015792,0.11221963,cash_balance,0.025876297,RP-2014,MI-2012,0.071311873,0.050628569,0.082171818,0.609672352,0.217083881,0.16923335,0.004010418,116919.7825,127391.3174,0.917800246,12.03437901,0,0,0.0035,rate_up_100bps,100,0,-50,14061.68395,23906.68232,40634.09347,IN,INR
M02116,P001,DB,12/31/2025,Active,24,M,12,65,607111.8754,566528.4378,0.035198196,0.045303457,0.081399417,0.02023999,final_average,0.044312693,RP-2010,MI-2012,0.087576338,0.034382364,0.064481889,0.258566096,0.561651223,0.154086025,0.025696657,1789073.699,1692134.426,1.057288163,12.29763544,0,0,0.0005,baseline,0,0,0,0,189633.2886,322318.9513,IN,INR
M02117,P003,DC,12/31/2025,Active,40,F,5,66,531765.7392,496204.7856,0.035212965,0.094729622,0.149884639,,account_balance,0.029840221,RP-2010,MI-2012,0.075409603,0.044043219,0.091617675,0.364035094,0.51089609,0.117111727,0.007957089,755595.08,755595.08,1,9.282765172,0,0,0.0035,rate_up_100bps,100,0,-50,50838.58835,99731.23137,169512.7799,IN,INR
M02118,P004,Hybrid,12/31/2025,Active,41,M,10,60,652000.7288,583304.1809,0.057247084,0.060192495,0.148301334,0.094403413,cash_balance,0.149151208,IALM_2012-14_Ultimate,MP-2021,0.071357272,0.043934861,0.082884546,0.436700577,0.351714631,0.191091574,0.020493218,706170.32,692889.3046,1.019167586,17.76891072,0,0,0.0038,rate_up_100bps,100,0,-50,110700.3602,107723.8706,183097.8373,IN,INR
M02119,P001,DB,12/31/2025,Deferred,50,F,33,60,961804.2015,880909.6272,0.044907044,0.097071405,0.051196142,0.015703073,final_average,0.023340658,RP-2010,MP-2021,0.061777154,0.054908952,0.062140767,0.580889755,0.383182517,0.034163492,0.001764235,8741620.034,7643607.589,1.143651075,16.74435601,0,0,0.0065,high_inflation,150,-0.05,300,1414690.726,1704053.594,2896373.161,IN,INR
M02120,P006,DC,12/31/2025,Active,37,M,18,64,1188841.804,1059398.623,0.059332586,0.055987781,0.063154798,,account_balance,0.111778143,IALM_2012-14_Ultimate,MP-2021,0.059458416,0.043818469,0.094014418,0.335623208,0.634131751,0.030226189,1.89E-05,5100424.402,5100424.402,1,9.588571423,0,0,0.0026,baseline,0,0,0,0,648086.0142,1101549.238,IN,INR
M02121,P005,DB,12/31/2025,Retired,61,M,19,60,833734.6335,761697.8926,0.046218859,0.046597383,0.098314377,0.009283904,flat,0.097123647,IALM_2012-14_Ultimate,None,0.059201351,0.039979046,0.089178326,0.309303054,0.458665084,0.221408064,0.010623799,2083829.306,2033396.776,1.02480211,15.134049,134359.0718,0,0.0098,equity_down_20,0,-0.2,0,-128906.9536,249319.3283,423767.0771,IN,INR
M02122,P003,DC,12/31/2025,Active,25,M,9,68,2347329.604,2108547.144,0.055104269,0.053405033,0.130491634,,account_balance,0.081685068,IAM-2012,MP-2021,0.066284913,0.048340547,0.071555567,0.310944896,0.424664441,0.014194842,0.250195821,4762838.113,4762838.113,1,13.04301836,0,0,0.0005,high_inflation,150,-0.05,300,706082.1651,527086.6232,895887.0508,IN,INR
M02123,P006,DC,12/31/2025,Active,57,F,19,62,1562471.132,1388511.979,0.06079432,0.055522396,0.174839841,,account_balance,0.072899266,RP-2014,None,0.056854857,0.049412467,0.071441571,0.180669833,0.639088364,0.009089571,0.171152232,11706179.99,11706179.99,1,16.27468367,0,0,0.0086,equity_down_20,0,-0.2,0,-422990.7157,1015347.734,1725782.531,IN,INR
M02124,P003,DC,12/31/2025,Active,42,M,7,64,1207068.957,1090836.158,0.051928636,0.071311253,0.128870763,,account_balance,0.033959159,IALM_2012-14_Ultimate,MP-2021,0.083768392,0.054298438,0.080188641,0.617759642,0.343884347,0.008110008,0.030246003,2002309.675,2002309.675,1,14.61027987,0,0,0.0041,rate_down_100bps,-100,0,50,-258114.8996,412604.6278,701302.4555,IN,INR
M02125,P006,DC,12/31/2025,Active,53,F,12,61,811223.3514,733593.863,0.051580144,0.116942929,0.079049903,,account_balance,0.051843939,VBT-2015,None,0.082207896,0.057013241,0.060289272,0.703357203,0.248762661,0.047253176,0.000626959,2451451.629,2451451.629,1,12.71528321,0,0,0.0074,rate_up_100bps,100,0,-50,281217.5359,570919.3641,970389.3873,IN,INR
M02126,P004,Hybrid,12/31/2025,Active,45,M,17,64,1016040.963,951186.2629,0.033529373,0.097143888,0.146898232,0.062150224,cash_balance,0.121101375,IAM-2012,MP-2021,0.079153906,0.056698706,0.092384827,0.286953712,0.59694437,0.080240115,0.035861803,1418205.83,1547496.629,0.916451644,12.92772363,0,0,0.005,equity_down_20,0,-0.2,0,-81391.88549,159416.9387,270960.3407,IN,INR
M02127,P004,Hybrid,12/31/2025,Active,55,M,17,63,1616379.925,1476121.243,0.04643127,0.061839548,0.084853121,0.083573083,cash_balance,0.103775101,IALM_2012-14_Ultimate,MP-2021,0.051950031,0.048801723,0.097681819,0.442495415,0.309861087,0.153387003,0.094256495,2542285.346,2794321.269,0.909804243,14.86415112,0,0,0.008,high_inflation,150,-0.05,300,507699.0762,385961.7874,656017.7251,IN,INR
M02128,P001,DB,12/31/2025,Active,40,M,4,60,1489582.165,1346394.906,0.051831086,0.038028525,0.041662293,0.02363014,final_average,0.05167737,IALM_2012-14_Ultimate,MI-2012,0.052876235,0.045728386,0.077864093,0.150903173,0.6094432,0.119152018,0.120501609,2129214.207,1895236.814,1.123455491,14.89240126,0,0,0.0035,baseline,0,0,0,0,173504.9037,294905.5993,IN,INR
M02129,P006,DC,12/31/2025,Active,33,F,29,63,1482350.049,1348438.383,0.048479233,0.091651743,0.083651642,,account_balance,0.018504056,IAM-2012,MP-2020,0.075457011,0.054036635,0.081462965,0.415988618,0.283134351,0.300022567,0.000854464,21339702.13,21339702.13,1,14.01869679,0,0,0.0014,baseline,0,0,0,0,3237677.223,5503067.183,IN,INR
M02130,P003,DC,12/31/2025,Active,58,F,6,63,858850.7175,755749.3573,0.06603128,0.076435972,0.120099245,,account_balance,0.173333333,RP-2010,MP-2021,0.079958731,0.039203689,0.09239139,0.496244332,0.39353105,0.045776747,0.064447872,1161727.379,1161727.379,1,16.95744543,0,0,0.0089,equity_down_20,0,-0.2,0,-115300.1253,195248.6762,331863.4035,IN,INR
M02131,P001,DB,12/31/2025,Active,43,F,40,68,778167.929,684456.8834,0.066261225,0.001384764,0.052841418,0.020015247,final_average,0.015853162,IALM_2012-14_Ultimate,None,0.051068638,0.052737931,0.071103959,0.356476533,0.490919365,0.086247031,0.066357072,6967657.48,8775372.289,0.794001354,16.01395136,0,0,0.0044,baseline,0,0,0,0,892121.2426,1516334.951,IN,INR
M02132,P001,DB,12/31/2025,Active,46,M,17,62,517974.4858,458503.4401,0.062876695,0.04673293,0.087989681,0.022455548,final_average,0.09591833,RP-2014,MP-2021,0.061620009,0.045183088,0.079669219,0.145777514,0.559499325,0.275816641,0.01890652,1702942.735,1762167.94,0.966390715,10.06774315,0,0,0.0053,rate_up_100bps,100,0,-50,129770.7766,155278.6685,263926.5393,IN,INR
M02133,P003,DC,12/31/2025,Active,56,M,17,64,1248989.387,1143710.892,0.045011923,0.058639364,0.131268751,,account_balance,0.073220399,IALM_2012-14_Ultimate,MP-2020,0.055451328,0.033709526,0.064439762,0.244209249,0.5942569,0.049691847,0.111842005,6278240.688,6278240.688,1,16.84690492,0,0,0.0083,high_inflation,150,-0.05,300,1230057.048,627669.9562,1066848.144,IN,INR
M02134,P003,DC,12/31/2025,Active,34,M,6,68,497158.5619,443563.3841,0.058691966,0.070930575,0.069423323,,account_balance,0.03079794,IAM-2012,None,0.059251159,0.052586004,0.08807631,0.714531663,0.096030808,0.108896343,0.080541185,481182.1212,481182.1212,1,10.81608568,0,0,0.0017,baseline,0,0,0,0,113681.9764,193224.806,IN,INR
M02135,P004,Hybrid,12/31/2025,Active,50,F,8,66,977760.7954,893975.7977,0.045811538,0.077962114,0.131843858,0.091286752,cash_balance,0.0688048,VBT-2015,None,0.07073508,0.049454098,0.091714199,0.3539295,0.475541463,0.149744986,0.020784051,760437.6173,783385.608,0.970706648,17.55365443,0,0,0.0065,baseline,0,0,0,0,98081.12487,166708.1004,IN,INR
M02136,P006,DC,12/31/2025,Active,38,M,27,68,814949.6616,754476.6442,0.039303744,0.082242188,0.133965553,,account_balance,0.048067399,IAM-2012,MP-2021,0.054369788,0.032472717,0.062676226,0.44240069,0.407482711,0.113377658,0.036738941,10006767.84,10006767.84,1,16.26582642,0,0,0.0029,equity_down_20,0,-0.2,0,-885400.1998,1527583.065,2596426.9,IN,INR
M02137,P001,DB,12/31/2025,Active,43,M,25,67,1088280.176,999024.0604,0.043716106,0.09833216,0.046416238,0.024790349,final_average,0.06427922,IAM-2012,None,0.059193365,0.04351106,0.09529678,0.192633721,0.579464769,0.212122265,0.015779245,11516614.65,10638373.87,1.082554043,17.18211634,0,0,0.0044,rate_down_100bps,-100,0,50,-1494224.153,1095050.756,1861253.443,IN,INR
M02138,P005,DB,12/31/2025,Active,45,M,10,64,1663607.596,1559502.18,0.032838585,0.029289159,0.131805876,0.019511222,final_average,0.026011277,RP-2014,MP-2021,0.072596336,0.044594841,0.074980779,0.340828024,0.319610559,0.271807888,0.067753528,5500211.366,4591266.857,1.197972485,15.08905635,0,0,0.005,baseline,0,0,0,0,705419.8549,1198999.34,IN,INR
M02139,P002,DB,12/31/2025,Active,29,M,9,65,1810552.805,1663477.156,0.0432711,0.009212261,0.146354441,0.012836669,flat,0.03816057,RP-2010,MP-2020,0.070324363,0.049605363,0.096888265,0.605083219,0.310967538,0.070065402,0.013883842,2780399.049,2856590.161,0.973327952,14.86401926,0,0,0.0005,baseline,0,0,0,0,561359.6597,954140.7955,IN,INR
M02140,P005,DB,12/31/2025,Active,36,M,9,61,1350619.016,1228723.711,0.048429689,0.04300118,0.064952486,0.010256729,career_average,0.110788093,RP-2014,MP-2021,0.084303641,0.050354644,0.096006901,0.474154605,0.239151974,0.277252048,0.009441373,1401265.316,1275112.936,1.098934279,11.24198537,0,0,0.0023,rate_up_100bps,100,0,-50,126592.2414,234005.1533,397737.6345,IN,INR
M02141,P005,DB,12/31/2025,Deferred,58,F,20,63,698077.8914,611762.843,0.068219236,0.054170902,0.066424345,0.012469431,final_average,0.111111111,RP-2014,MP-2021,0.056023189,0.035715786,0.091635988,0.127493746,0.603468599,0.191260862,0.077776793,2530196.602,2232817.278,1.133185696,14.63502406,0,0,0.0089,baseline,0,0,0,0,207632.8533,352912.7402,IN,INR
M02142,P003,DC,12/31/2025,Active,53,M,19,66,974763.135,896843.4116,0.042536423,0.070822794,0.06418534,,account_balance,0.085668573,IALM_2012-14_Ultimate,MP-2021,0.064795389,0.031010969,0.093205984,0.448107875,0.490011528,0.049218523,0.012662074,5364128.343,5364128.343,1,12.78223873,0,0,0.0074,baseline,0,0,0,0,833917.436,1417406.171,IN,INR
M02143,P004,Hybrid,12/31/2025,Active,43,F,13,64,664510.6328,584665.6268,0.066098142,0.024228116,0.127695644,0.119420673,cash_balance,0.010483271,VBT-2015,MI-2012,0.086974388,0.053822188,0.071574936,0.283497013,0.516891346,0.081572862,0.118038778,1118489.703,1302809.083,0.858521573,10.38053353,0,0,0.0044,rate_up_100bps,100,0,-50,106331.6512,120284.2046,204446.5873,IN,INR
M02144,P002,DB,12/31/2025,Active,46,F,12,65,733515.8961,679280.9354,0.039154331,0.067205869,0.031250064,0.010341562,flat,0.106357011,IAM-2012,MP-2021,0.08183193,0.05944784,0.074691468,0.318388932,0.510513267,0.112628919,0.058468882,1069121.67,1031883.253,1.03608782,12.24091077,0,0,0.0053,baseline,0,0,0,0,126530.4441,215063.2959,IN,INR
M02145,P003,DC,12/31/2025,Active,41,M,10,65,1223331.217,1136191.902,0.037638756,0.091013143,0.175784873,,account_balance,0.062704248,RP-2014,MI-2012,0.073894293,0.058220621,0.069602456,0.323600254,0.412822044,0.007782547,0.255795156,4243715.323,4243715.323,1,14.95929452,0,0,0.0038,high_inflation,150,-0.05,300,752189.0006,484136.1477,822884.2972,IN,INR
M02146,P005,DB,12/31/2025,Deferred,58,M,38,62,635143.1539,575260.7032,0.050759818,0.063136853,0.114707977,0.013897464,final_average,0.005850951,RP-2014,MP-2021,0.080759701,0.04502399,0.074180189,0.328010789,0.33462941,0.024765601,0.3125942,5887304.27,5128461.365,1.147966973,16.8811969,0,0,0.0089,high_inflation,150,-0.05,300,1054308.639,665732.8459,1131543.488,IN,INR
M02147,P003,DC,12/31/2025,Active,42,M,4,66,802524.0235,718438.9547,0.056900455,0.046771995,0.145923988,,account_balance,0.095711484,RP-2010,MP-2020,0.067935231,0.045867986,0.082476206,0.228580718,0.265343949,0.059577556,0.446497777,648872.3121,648872.3121,1,12.94252873,0,0,0.0041,rate_down_100bps,-100,0,50,-75371.76831,52448.98027,89147.32453,IN,INR
M02148,P002,DB,12/31/2025,Active,46,F,8,64,608405.229,571510.7137,0.03177329,0.076100263,0.069635475,0.016811949,final_average,0.160108031,RP-2010,MP-2021,0.086427487,0.057917277,0.094561218,0.533248903,0.257386958,0.114530036,0.094834103,958606.3041,892391.3793,1.074199422,11.60975184,0,0,0.0053,baseline,0,0,0,0,171313.802,291181.3924,IN,INR
M02149,P003,DC,12/31/2025,Active,55,M,13,62,1324087.037,1226922.141,0.038842635,0.048554885,0.144167132,,account_balance,0.142222222,VBT-2015,MP-2020,0.073986258,0.04632439,0.081887336,0.366598312,0.369763895,0.232337815,0.031299978,5127137.101,5127137.101,1,10.44909259,0,0,0.008,baseline,0,0,0,0,687545.7596,1168618.811,IN,INR
M02150,P005,DB,12/31/2025,Active,36,M,4,66,837145.3064,761885.7932,0.048227347,0.056789823,0.14008007,0.016930348,career_average,0.127063018,IAM-2012,None,0.07782543,0.038329948,0.087867446,0.487256781,0.456498372,0.016094483,0.040150363,715394.6697,651505.3225,1.098064198,12.62705887,0,0,0.0023,rate_up_100bps,100,0,-50,65937.13552,119149.399,202517.7628,IN,INR
M02151,P002,DB,12/31/2025,Retired,60,M,7,63,363176.0456,333694.1478,0.043240173,0.044965822,0.143758346,0.015171801,career_average,0.096511991,RP-2014,None,0.076079443,0.050327725,0.065431626,0.327909417,0.37596838,0.295178476,0.000943726,456791.279,409706.5456,1.114923068,11.56083333,35439.18799,0,0.0095,baseline,0,0,0,0,58517.02254,99461.15199,IN,INR
M02152,P001,DB,12/31/2025,Active,29,M,32,65,2053668.873,1832925.114,0.058504843,0.087080525,0.062706064,0.01590798,career_average,0.028470691,IALM_2012-14_Ultimate,MP-2020,0.076910581,0.044315948,0.097582721,0.365954105,0.463552344,0.148855674,0.021637877,9220827.596,12152872.79,0.758736453,13.02474472,0,0,0.0005,high_inflation,150,-0.05,300,1885025.781,1218152.983,2070489.811,IN,INR
M02153,P004,Hybrid,12/31/2025,Retired,60,M,18,64,1553497.976,1407871.048,0.050446424,0.087875848,0.139501513,0.083302479,cash_balance,0.12,RP-2010,MP-2021,0.075642522,0.053550012,0.083327084,0.155974367,0.702992725,0.115258403,0.025774506,3538464.42,3269648.595,1.082215509,9.906702562,217976.573,0,0.0095,equity_down_20,0,-0.2,0,-110381.9497,315805.7647,536773.8103,IN,INR
M02154,P005,DB,12/31/2025,Active,40,M,7,63,397564.6316,370118.5862,0.036414364,0.034374158,0.118435867,0.015676149,final_average,0.168888889,RP-2014,MP-2021,0.052950576,0.053499203,0.091032385,0.508596669,0.385015713,0.081242595,0.025145024,734472.2123,634366.8169,1.157803644,15.61932031,0,0,0.0035,rate_down_100bps,-100,0,50,-84944.61798,126577.09,215142.5797,IN,INR
M02155,P001,DB,12/31/2025,Active,42,F,7,66,1370483.389,1206534.577,0.065778615,0.009173745,0.04850577,0.017674433,career_average,0.104603089,IALM_2012-14_Ultimate,MP-2021,0.074153967,0.058078762,0.099942637,0.128709842,0.8114862,0.026296448,0.03350751,1377183.809,1349405.293,1.020585747,9.039805921,0,0,0.0041,equity_down_20,0,-0.2,0,-35451.42223,124978.1439,212424.8573,IN,INR
M02156,P002,DB,12/31/2025,Active,25,F,4,64,1953657.155,1800319.119,0.041716227,0.016758248,0.103232403,0.023862845,final_average,0.007073452,RP-2014,MP-2021,0.081335977,0.03413461,0.094389024,0.480232524,0.460080248,0.059685606,1.62E-06,2384017.142,2628545.83,0.906971876,15.29621069,0,0,0.0005,baseline,0,0,0,0,392920.2291,667844.9608,IN,INR
M02157,P001,DB,12/31/2025,Active,39,M,8,63,905364.6101,806919.9791,0.059245244,0.036700174,0.033160178,0.022328118,final_average,0.155294034,VBT-2015,MI-2012,0.050015834,0.045639898,0.080174751,0.617100839,0.298138231,0.084040785,0.000720145,1552707.303,1694997.303,0.916052964,11.75970505,0,0,0.0032,high_inflation,150,-0.05,300,216362.0705,319573.9782,543178.628,IN,INR
M02158,P002,DB,12/31/2025,Active,34,M,15,61,1052905.461,934969.9506,0.061196631,0.056424995,0.115005379,0.015047951,career_average,0.01519569,VBT-2015,MP-2021,0.085667031,0.053575828,0.094721628,0.15292729,0.720973739,0.072757628,0.053341343,2558111.653,2581703.233,0.990862009,12.23319917,0,0,0.0017,rate_down_100bps,-100,0,50,-223608.3324,225958.3663,384060.5424,IN,INR
M02159,P003,DC,12/31/2025,Active,38,F,13,66,853053.6763,747146.7649,0.068526308,0.055200744,0.154541312,,account_balance,0.05147043,IALM_2012-14_Ultimate,MP-2021,0.088089349,0.043045243,0.086357022,0.237135141,0.576414792,0.065898003,0.120552065,3490249.99,3490249.99,1,10.54048409,0,0,0.0029,high_inflation,150,-0.05,300,359563.4423,340126.3827,578111.4688,IN,INR
M02160,P005,DB,12/31/2025,Active,43,M,8,60,1244049.896,1128518.256,0.049940299,0.033137105,0.124720621,0.012129391,flat,0.077160459,RP-2010,MP-2020,0.055127613,0.048806517,0.089200726,0.596290449,0.182872572,0.219061929,0.00177505,1709398.577,1939745.165,0.881249047,17.71361119,0,0,0.0044,rate_down_100bps,-100,0,50,-327968.8108,344782.5442,586025.5281,IN,INR
M02161,P004,Hybrid,12/31/2025,Active,54,F,6,66,1567399.12,1409212.67,0.054633421,0.066749912,0.050703006,0.066837583,cash_balance,0.015312417,VBT-2015,MP-2021,0.071402088,0.054510952,0.085491792,0.254655963,0.507308999,0.0980766,0.139958438,643208.8819,648714.3489,0.991513265,9.476662318,0,0,0.0077,equity_down_20,0,-0.2,0,-32759.39551,64019.99759,108814.5369,IN,INR
M02162,P004,Hybrid,12/31/2025,Active,46,M,10,63,576083.6052,529161.1727,0.043395052,0.093773998,0.105389993,0.065100206,cash_balance,0.05696059,RP-2010,None,0.05442386,0.044200995,0.071505351,0.371855227,0.307439813,0.279814478,0.040890482,412883.9181,411043.4659,1.004477512,11.54748877,0,0,0.0053,equity_down_20,0,-0.2,0,-30706.60865,56821.20217,96578.77281,IN,INR
M02163,P002,DB,12/31/2025,Active,47,F,9,65,716566.982,641213.0038,0.057127172,0.065201413,0.051462802,0.023784291,final_average,0.037641087,IALM_2012-14_Ultimate,None,0.061320314,0.04224845,0.07337909,0.382344676,0.152456729,0.461908735,0.003289859,1527054.562,1416803.341,1.077816884,10.32225373,0,0,0.0056,equity_down_20,0,-0.2,0,-116772.2365,238356.7376,405134.0051,IN,INR
M02164,P005,DB,12/31/2025,Active,33,M,17,67,1030692.214,937481.8121,0.048535339,0.015856523,0.14359801,0.019857077,final_average,0.045239593,IALM_2012-14_Ultimate,MP-2021,0.074859702,0.035416709,0.082333558,0.429355176,0.303479572,0.174327238,0.092838014,3291325.412,4221785.016,0.779605167,13.34040546,0,0,0.0014,equity_down_20,0,-0.2,0,-282629.5203,488598.5686,830469.0564,IN,INR
M02165,P003,DC,12/31/2025,Active,35,M,12,62,1132115.242,1031757.229,0.047506095,0.099993394,0.151757789,,account_balance,0.117514661,RP-2014,MI-2012,0.062114104,0.054736497,0.094963045,0.321473442,0.281568418,0.323286799,0.073671341,5371889.345,5371889.345,1,14.03998684,0,0,0.002,baseline,0,0,0,0,680187.4351,1156111.896,IN,INR
M02166,P006,DC,12/31/2025,Retired,62,F,11,64,1182753.004,1044316.854,0.064218701,0.076705034,0.090928527,,account_balance,0.109077142,IALM_2012-14_Ultimate,MP-2021,0.064622006,0.053873369,0.078101717,0.655575983,0.164165566,0.11560837,0.064650081,2912155.097,2912155.097,1,10.76688114,194143.6731,0,0.0101,rate_down_100bps,-100,0,50,-289644.4983,633380.5308,1076554.385,IN,INR
M02167,P004,Hybrid,12/31/2025,Active,37,M,21,65,902898.9271,847762.219,0.032006754,0.087070011,0.052443868,0.103886243,cash_balance,0.02621496,RP-2014,MP-2021,0.079845395,0.052294513,0.081622698,0.397814697,0.269735317,0.19083797,0.141612017,2744393.806,3166521.631,0.866690371,14.89774253,0,0,0.0026,rate_down_100bps,-100,0,50,-434727.2431,380899.5672,647413.4893,IN,INR
M02168,P001,DB,12/31/2025,Retired,61,M,25,65,662034.7511,583383.9345,0.065278497,0.035030306,0.109615212,0.013518006,final_average,0.08534734,RP-2010,MI-2012,0.072999326,0.041799479,0.074763863,0.377546269,0.31573102,0.129345395,0.177377317,3209963.135,2755025.975,1.165129899,13.97393085,197154.6879,0,0.0098,equity_down_20,0,-0.2,0,-242381.9208,419270.1928,712631.8901,IN,INR
M02169,P004,Hybrid,12/31/2025,Active,42,M,13,64,1533967.281,1354769.015,0.064082794,0.042294561,0.08720046,0.07562896,cash_balance,0.142222222,RP-2014,MP-2021,0.070721791,0.04749572,0.060725419,0.241492673,0.115934592,0.106620579,0.535952156,1855701.864,1790999.705,1.036126281,16.57913536,0,0,0.0041,baseline,0,0,0,0,154860.6635,263216.0579,IN,INR
M02170,P002,DB,12/31/2025,Active,44,F,13,64,568216.884,515139.5663,0.05025465,0.059865906,0.11835572,0.014578084,final_average,0.098687209,RP-2010,MP-2021,0.06296694,0.033719603,0.085741578,0.343255854,0.425990071,0.097892256,0.132861819,1514190.675,1675165.459,0.903905143,17.15888245,0,0,0.0047,rate_up_100bps,100,0,-50,255188.1623,184827.0663,314149.8343,IN,INR
M02171,P004,Hybrid,12/31/2025,Active,55,M,10,65,788963.7322,716147.8308,0.049608114,0.052442531,0.063694656,0.063908592,cash_balance,0.069131926,VBT-2015,MP-2020,0.078166041,0.039585565,0.082637428,0.510968172,0.208384356,0.275034634,0.005612838,503592.243,588185.202,0.856179722,15.2506312,0,0,0.008,rate_down_100bps,-100,0,50,-84454.91865,89564.57482,152232.5539,IN,INR
M02172,P001,DB,12/31/2025,Active,57,F,6,66,992533.2728,909811.0883,0.044472295,0.071901659,0.108950104,0.019941102,final_average,0.05771309,RP-2010,MP-2021,0.066958665,0.043065809,0.099130255,0.216525085,0.669024355,0.035701132,0.078749428,1635862.818,1597182.286,1.024217982,14.67245717,0,0,0.0086,equity_down_20,0,-0.2,0,-70841.06706,159329.486,270811.6978,IN,INR
M02173,P001,DB,12/31/2025,Active,43,M,18,65,1224829.918,1070280.054,0.069766952,0.004038899,0.05123522,0.01562349,career_average,0.018434381,IAM-2012,MP-2021,0.085952551,0.031306177,0.080318671,0.350078232,0.508453586,0.075460741,0.066007441,3748952.711,4348823.211,0.86206142,14.44853344,0,0,0.0044,baseline,0,0,0,0,474312.7493,806187.5059,IN,INR
M02174,P005,DB,12/31/2025,Active,40,M,16,63,863421.5018,806875.5602,0.034446773,0.056351602,0.095245232,0.024387782,final_average,0.113877096,RP-2014,None,0.074063949,0.033107629,0.081397911,0.512794011,0.29976812,0.055838313,0.131599556,2566797.54,3307167.077,0.776131801,10.50406249,0,0,0.0035,equity_down_20,0,-0.2,0,-263247.6813,440595.7362,748878.8319,IN,INR
M02175,P002,DB,12/31/2025,Active,43,F,10,68,1381781.276,1244745.836,0.053608609,0.012167189,0.144935951,0.017661049,career_average,0.066077451,VBT-2015,None,0.071532504,0.054891735,0.071290479,0.370702009,0.386211126,0.115010639,0.128076226,4060533.992,3726021.419,1.089777416,16.94915948,0,0,0.0044,equity_down_20,0,-0.2,0,-301049.6213,527047.4051,895820.3918,IN,INR
M02176,P005,DB,12/31/2025,Active,47,M,12,63,1728656.22,1546461.322,0.057267264,0.031520899,0.105386668,0.023411181,final_average,0.146666667,RP-2010,None,0.08212538,0.059136117,0.063983964,0.300839684,0.497294384,0.111667932,0.090197999,6326425.781,5318551.698,1.189501605,12.24192607,0,0,0.0056,baseline,0,0,0,0,712770.6901,1211493.526,IN,INR
M02177,P002,DB,12/31/2025,Deferred,53,M,20,60,743949.2741,652996.3229,0.0673732,0.066162686,0.035999234,0.012719783,career_average,0.039181577,IALM_2012-14_Ultimate,MP-2020,0.069417647,0.039659705,0.08830291,0.281191328,0.708695238,0.00866783,0.001445603,2746808.291,2528778.681,1.086219332,15.22265414,0,0,0.0074,rate_down_100bps,-100,0,50,-287614.7348,318607.7629,541536.3557,IN,INR
M02178,P004,Hybrid,12/31/2025,Active,44,M,22,63,1174328.751,1042770.049,0.06120814,0.01574142,0.148651457,0.057461528,cash_balance,0.102222222,RP-2014,MP-2021,0.061171533,0.033202219,0.092336625,0.540460957,0.419681072,0.010834894,0.029023076,1788919.649,2037430.185,0.878027459,12.96592149,0,0,0.0047,baseline,0,0,0,0,326631.5113,555174.2891,IN,INR
M02179,P004,Hybrid,12/31/2025,Active,50,M,1,61,1099951.553,986843.2571,0.055753888,0.030884184,0.04882396,0.097783487,cash_balance,0.132968787,RP-2010,MP-2021,0.05620388,0.05806177,0.094787941,0.237225345,0.566603422,0.134000491,0.062170742,92565.8353,98271.96048,0.941935368,17.12612389,0,0,0.0065,rate_down_100bps,-100,0,50,-14207.77175,9219.278717,15669.97161,IN,INR
M02180,P003,DC,12/31/2025,Retired,60,M,7,61,844541.3702,788887.5859,0.034672493,0.103801884,0.067744813,,account_balance,0.05981999,VBT-2015,MI-2012,0.072472739,0.057429346,0.07617087,0.267211278,0.336458352,0.163695041,0.232635328,1224841.335,1224841.335,1,12.66789655,81656.089,0,0.0095,equity_down_20,0,-0.2,0,-65458.28377,121809.9051,207039.8144,IN,INR
M02181,P002,DB,12/31/2025,Active,48,M,10,63,417567.1686,382415.8394,0.044949341,0.065080524,0.093903605,0.015819085,final_average,0.110758999,IALM_2012-14_Ultimate,None,0.066994264,0.049639757,0.088142599,0.220200395,0.527106858,0.173453335,0.079239412,731874.37,849339.044,0.861698724,14.03989448,0,0,0.0059,equity_down_20,0,-0.2,0,-32231.80515,69927.96397,118856.284,IN,INR
M02182,P002,DB,12/31/2025,Active,47,M,5,61,1154739.219,1076809.047,0.035553666,0.009103967,0.065323283,0.020838473,final_average,0.104014818,RP-2014,MP-2021,0.06589504,0.04015772,0.070507684,0.308062269,0.535502751,0.156198324,0.000236656,1101107.863,1199060.315,0.918308987,10.68726157,0,0,0.0056,rate_down_100bps,-100,0,50,-98664.39779,130362.0217,221575.8131,IN,INR
M02183,P001,DB,12/31/2025,Active,29,M,12,65,1213269.21,1069191.029,0.065248509,0.057726849,0.051277258,0.01215268,flat,0.047164164,VBT-2015,None,0.063976288,0.033377108,0.070111647,0.098632134,0.874767381,0.02359134,0.003009144,2182756.614,2180786.533,1.000903381,13.98635448,0,0,0.0005,baseline,0,0,0,0,201585.6554,342634.3419,IN,INR
M02184,P002,DB,12/31/2025,Active,20,M,7,61,1606031.208,1429402.927,0.059984846,0.014725446,0.051324284,0.012480111,career_average,0.032521969,IALM_2012-14_Ultimate,MP-2021,0.076864489,0.0581848,0.09982901,0.273281887,0.234564316,0.388644911,0.103508886,1399762.527,1351537.34,1.035681728,10.82323032,0,0,0.0005,rate_up_100bps,100,0,-50,129863.2822,168602.4376,286572.897,IN,INR
M02185,P004,Hybrid,12/31/2025,Active,48,M,13,62,846810.4618,753229.7877,0.060301471,0.025227138,0.133007962,0.098110483,cash_balance,0.011715411,IAM-2012,MP-2021,0.070759857,0.057611416,0.093977573,0.2112868,0.628100151,0.159129769,0.001483279,1197718.574,1291968.54,0.927049334,16.15062383,0,0,0.0059,baseline,0,0,0,0,117730.4779,200106.0281,IN,INR
M02186,P006,DC,12/31/2025,Active,43,F,7,61,729285.541,653876.197,0.056090261,0.084095069,0.109745946,,account_balance,0.168888889,IALM_2012-14_Ultimate,MP-2020,0.071489546,0.052296064,0.070248527,0.359992927,0.342036961,0.296285363,0.001684749,1125214.913,1125214.913,1,12.30582916,0,0,0.0044,baseline,0,0,0,0,153408.7414,260748.2316,IN,INR
M02187,P006,DC,12/31/2025,Active,39,F,8,61,652421.2923,591447.9011,0.050281741,0.078188922,0.061174547,,account_balance,0.133072261,RP-2014,None,0.062324992,0.058016589,0.077335972,0.263412945,0.594854106,0.119567737,0.022165211,888300.842,888300.842,1,12.81901353,0,0,0.0032,baseline,0,0,0,0,95320.85139,162016.4745,IN,INR
M02188,P005,DB,12/31/2025,Active,46,M,13,62,255456.3362,238011.6083,0.035998842,0.099364697,0.042434576,0.023140105,final_average,0.053256088,IAM-2012,MP-2021,0.074546039,0.034192813,0.082598736,0.401838042,0.24070339,0.101371788,0.25608678,1113464.014,1057003.275,1.05341586,14.76282628,0,0,0.0053,rate_up_100bps,100,0,-50,142642.8291,151286.4506,257140.9823,IN,INR
M02189,P005,DB,12/31/2025,Active,43,M,18,64,820670.7946,754126.1201,0.043187795,0.016536956,0.136099812,0.018087536,final_average,0.048667436,RP-2010,MI-2012,0.066140643,0.033277496,0.060518871,0.160401328,0.748071515,0.048962094,0.042565064,2538722.18,2399667.224,1.0579476,9.773612494,0,0,0.0044,high_inflation,150,-0.05,300,189004.6121,231711.0722,393838.3939,IN,INR
M02190,P004,Hybrid,12/31/2025,Active,55,F,15,67,3419222.931,3188943.412,0.035476632,0.078131263,0.088441978,0.080281143,cash_balance,0.133333333,IAM-2012,MP-2021,0.080779198,0.035761212,0.098370945,0.275152543,0.444069248,0.256209422,0.024568787,6219357.697,5662868.851,1.098269775,11.83308406,0,0,0.008,baseline,0,0,0,0,700165.8627,1190069.15,IN,INR
M02191,P002,DB,12/31/2025,Active,45,M,10,66,1744404.051,1555457.022,0.058996526,0.082983885,0.082651491,0.017629594,career_average,0.149735847,IAM-2012,MP-2021,0.071181222,0.036464771,0.064350859,0.28141067,0.633357406,0.02489855,0.060333374,4611550.992,4771445.82,0.966489229,17.40001732,0,0,0.005,equity_down_20,0,-0.2,0,-259547.9309,515685.1643,876508.0361,IN,INR
M02192,P006,DC,12/31/2025,Active,37,M,3,66,630026.3183,586538.0808,0.036409151,0.109955199,0.103339608,,account_balance,0.029477858,IAM-2012,MP-2021,0.0615781,0.054815074,0.092689579,0.392704539,0.156559075,0.153068809,0.297667578,428689.605,428689.605,1,16.75906405,0,0,0.0026,high_inflation,150,-0.05,300,94315.48693,57304.00468,97399.39033,IN,INR
M02193,P004,Hybrid,12/31/2025,Active,54,F,8,62,781047.7585,697648.7993,0.058084542,0.042865322,0.073801701,0.072909341,cash_balance,0.123527224,IALM_2012-14_Ultimate,MP-2021,0.055909187,0.057652047,0.099037209,0.623557718,0.328498072,0.028447876,0.019496334,438547.8485,470450.7808,0.932186461,11.0809118,0,0,0.0077,baseline,0,0,0,0,91118.37791,154873.5469,IN,INR
M02194,P003,DC,12/31/2025,Active,42,M,7,62,778821.2405,696178.8315,0.057690216,0.082418855,0.103105144,,account_balance,0.154957247,IAM-2012,MP-2021,0.07799744,0.03646771,0.088169165,0.399396809,0.307998808,0.245117904,0.047486479,1215224.186,1215224.186,1,13.6155143,0,0,0.0041,baseline,0,0,0,0,174130.8032,295969.4381,IN,INR
M02195,P001,DB,12/31/2025,Active,49,M,16,61,1847491.831,1680937.445,0.048372179,0.095753944,0.102544947,0.021177041,final_average,0.090806479,IAM-2012,MP-2020,0.064844228,0.043880842,0.098667613,0.195986343,0.345021526,0.253105536,0.205886594,9220171.232,8116102.466,1.136034355,14.24986336,0,0,0.0062,high_inflation,150,-0.05,300,1405862.069,815609.0441,1386287.469,IN,INR
M02196,P003,DC,12/31/2025,Active,39,F,12,65,2679231.218,2499114.769,0.035409146,0.047535397,0.088637963,,account_balance,0.027929486,RP-2010,MP-2021,0.052620447,0.043634546,0.060787598,0.370230393,0.386539765,0.206574222,0.03665562,5818756.734,5818756.734,1,11.71480069,0,0,0.0032,baseline,0,0,0,0,779699.8618,1325252.774,IN,INR
M02197,P003,DC,12/31/2025,Active,38,F,12,61,1025210.217,943157.2808,0.042592033,0.082557681,0.136243412,,account_balance,0.016673241,IAM-2012,MP-2021,0.086596748,0.0353361,0.074181938,0.291200797,0.530905227,0.026933951,0.150960024,3804362.82,3804362.82,1,12.12874281,0,0,0.0029,baseline,0,0,0,0,416031.7476,707127.5174,IN,INR
M02198,P006,DC,12/31/2025,Active,45,M,6,64,1108647.326,1019502.434,0.042803724,0.09974612,0.16245156,,account_balance,0.083608633,IALM_2012-14_Ultimate,MP-2021,0.065465809,0.055600417,0.07905808,0.418417007,0.363962953,0.069991868,0.147628172,2015128.879,2015128.879,1,17.80161651,0,0,0.005,rate_down_100bps,-100,0,50,-322053.9022,288081.0975,489650.3031,IN,INR
M02199,P003,DC,12/31/2025,Active,44,M,23,62,1244415.726,1111684.391,0.058015405,0.072981802,0.086888046,,account_balance,0.058495775,VBT-2015,MP-2021,0.07983773,0.045674785,0.091317598,0.473859539,0.437788606,0.041844572,0.046507283,11166426.84,11166426.84,1,10.24680244,0,0,0.0047,baseline,0,0,0,0,1808845.347,3074487.289,IN,INR
M02200,P003,DC,12/31/2025,Active,49,M,12,62,977609.1136,913403.1519,0.034549721,0.093608596,0.120945266,,account_balance,0.03433562,VBT-2015,MP-2020,0.068356608,0.046987161,0.086181276,0.634918495,0.226700876,0.086515314,0.051865316,3861837.181,3861837.181,1,17.20207856,0,0,0.0062,high_inflation,150,-0.05,300,808215.666,813989.9158,1383535.444,IN,INR
M02201,P006,DC,12/31/2025,Active,41,F,6,68,1117822.226,988947.5075,0.063162746,0.07917754,0.137842774,,account_balance,0.173333333,IALM_2012-14_Ultimate,MI-2012,0.085637044,0.037752839,0.089440364,0.392509074,0.24209619,0.361564599,0.003830137,1665080.616,1665080.616,1,12.18820832,0,0,0.0038,equity_down_20,0,-0.2,0,-130711.8501,248878.1882,423017.2731,IN,INR
M02202,P001,DB,12/31/2025,Active,26,M,6,65,1006186.486,894758.9255,0.060440292,0.079790276,0.042254532,0.013949606,career_average,0.16196438,IALM_2012-14_Ultimate,None,0.05116289,0.046774756,0.065786472,0.631145611,0.265814988,0.088594939,0.014444462,689555.1632,835131.677,0.825684359,11.15156292,0,0,0.0005,rate_up_100bps,100,0,-50,83965.52957,144825.4163,246159.1879,IN,INR
M02203,P003,DC,12/31/2025,Active,40,M,13,66,1220884.91,1134327.523,0.037452277,0.063220531,0.103877934,,account_balance,0.026159038,IAM-2012,MP-2021,0.060376273,0.053776197,0.093790618,0.623683883,0.201466744,0.083668324,0.09118105,4412924.963,4412924.963,1,11.34482933,0,0,0.0035,baseline,0,0,0,0,912677.7231,1551274.72,IN,INR
M02204,P001,DB,12/31/2025,Active,52,F,6,64,399999.5659,356828.1228,0.058766575,0.080622732,0.126144169,0.016792728,final_average,0.027113288,IALM_2012-14_Ultimate,MI-2012,0.071831038,0.039147946,0.092889034,0.387728479,0.341786101,0.039723105,0.230762314,394930.4422,415242.0565,0.951084882,11.54967475,0,0,0.0071,baseline,0,0,0,0,52223.6841,88764.3895,IN,INR
M02205,P005,DB,12/31/2025,Active,41,M,7,66,793519.8188,710593.2065,0.056740527,0.002664529,0.051983711,0.01742782,final_average,0.079334036,IAM-2012,None,0.062929165,0.033398855,0.090756499,0.289782138,0.475935929,0.074702177,0.159579756,1036110.375,1004037.848,1.031943544,11.58211654,0,0,0.0038,baseline,0,0,0,0,111208.8534,189021.2487,IN,INR
M02206,P006,DC,12/31/2025,Active,42,M,5,65,578082.9338,514564.7294,0.059924832,0.091694975,0.104388748,,account_balance,0.143043207,RP-2014,MP-2021,0.079707542,0.047521205,0.092717997,0.205374791,0.477357482,0.283860497,0.03340723,629682.7578,629682.7578,1,11.28637343,0,0,0.0041,baseline,0,0,0,0,62733.07392,106627.1579,IN,INR
M02207,P002,DB,12/31/2025,Active,54,M,16,67,1343169.475,1247690.203,0.037557142,0.007876951,0.146429214,0.012480863,final_average,0.092939982,RP-2010,MP-2020,0.077536726,0.049074918,0.068543794,0.181997131,0.724651337,0.017174487,0.076177045,3363607.849,4131596.103,0.814118264,16.58236538,0,0,0.0077,high_inflation,150,-0.05,300,814257.9745,313986.5836,533681.7555,IN,INR
M02208,P005,DB,12/31/2025,Active,37,M,6,63,691402.0168,643808.3685,0.036303613,0.025122552,0.092746874,0.017941898,career_average,0.173333333,RP-2010,MI-2012,0.051020972,0.036061921,0.065610677,0.351920001,0.438156291,0.176319455,0.033604253,612527.7263,790800.2144,0.77456697,11.41012858,0,0,0.0026,rate_down_100bps,-100,0,50,-76812.17745,78650.42508,133681.8167,IN,INR
M02209,P002,DB,12/31/2025,Active,29,M,25,64,486891.8417,450627.2697,0.039459359,0.072191335,0.052487574,0.012782896,flat,0.05019621,RP-2010,MP-2021,0.07402052,0.03744914,0.095802462,0.572908471,0.385165124,0.032760035,0.00916637,2241078.179,2413079.669,0.928721172,16.75656185,0,0,0.0005,high_inflation,150,-0.05,300,477588.2607,431163.5817,732847.0361,IN,INR
M02210,P006,DC,12/31/2025,Active,42,F,14,65,440305.8961,403483.2084,0.044634868,0.083703846,0.138510535,,account_balance,0.126049063,RP-2014,MP-2021,0.083435456,0.034592066,0.098280413,0.369251056,0.223481675,0.28739517,0.1198721,2419459.358,2419459.358,1,17.72341513,0,0,0.0041,rate_down_100bps,-100,0,50,-401775.5846,328790.1076,558843.2467,IN,INR
M02211,P005,DB,12/31/2025,Active,39,F,5,63,1205276.414,1069165.412,0.061746599,0.051117385,0.128814969,0.012045821,career_average,0.177777778,RP-2010,MP-2021,0.06262488,0.057641444,0.076970658,0.418329365,0.47760348,0.076729036,0.02733812,672557.8651,741150.1325,0.907451589,11.50945826,0,0,0.0032,rate_up_100bps,100,0,-50,69241.56631,98372.6143,167203.5438,IN,INR
M02212,P005,DB,12/31/2025,Active,34,M,15,66,648268.0506,577482.4553,0.059516957,0.091524827,0.07219931,0.010484834,career_average,0.069508444,IAM-2012,MP-2021,0.055574358,0.03639036,0.077879993,0.333333928,0.342326666,0.095930113,0.228409294,1388360.472,1279307.802,1.085243497,14.08586259,0,0,0.0017,high_inflation,150,-0.05,300,211517.4654,161558.5034,274600.3499,IN,INR
M02213,P001,DB,12/31/2025,Active,42,M,23,68,925249.5631,812672.0908,0.067018064,0.004963435,0.116821363,0.017758979,career_average,0.082584591,VBT-2015,MP-2021,0.079531883,0.030319143,0.089639083,0.33289779,0.526209749,0.140890616,1.85E-06,4306323.209,4350200.598,0.989913709,13.10533467,0,0,0.0041,rate_up_100bps,100,0,-50,456806.8843,535549.903,910272.0539,IN,INR
M02214,P006,DC,12/31/2025,Active,49,M,10,64,2007289.817,1883476.52,0.032345182,0.103178541,0.132740124,,account_balance,0.019569589,RP-2010,MP-2020,0.086017098,0.055204584,0.079799963,0.435316153,0.472120653,0.086444446,0.006118747,6522874.967,6522874.967,1,16.62025778,0,0,0.0062,baseline,0,0,0,0,988689.7675,1680472.091,IN,INR
M02215,P005,DB,12/31/2025,Active,44,M,24,63,1165699.671,1097798.164,0.030462251,0.0065272,0.090141942,0.014275527,career_average,0.093333333,RP-2010,MP-2020,0.076276169,0.054096824,0.072542219,0.299868332,0.173420357,0.112624868,0.414086443,3366702.664,4428633.023,0.760212609,11.77453603,0,0,0.0047,rate_down_100bps,-100,0,50,-492258.2519,346079.78,588230.4346,IN,INR
M02216,P002,DB,12/31/2025,Active,47,M,14,64,782652.2317,699239.2091,0.057965553,0.012679484,0.123985606,0.01755119,career_average,0.104486696,IAM-2012,MP-2021,0.083841746,0.043696049,0.067603843,0.206872133,0.18059665,0.382469467,0.230061751,3175391.661,2728925.828,1.163604971,15.8829564,0,0,0.0056,rate_down_100bps,-100,0,50,-404760.8446,327919.8854,557364.1335,IN,INR
M02217,P005,DB,12/31/2025,Retired,62,F,7,66,580228.4021,535247.2449,0.0411715,0.01193191,0.068028361,0.022312361,final_average,0.039638155,IAM-2012,MP-2021,0.0899466,0.053914871,0.060906049,0.390215819,0.531830452,0.037338054,0.040615675,1262776.553,1110249.531,1.137380848,13.28074984,83598.40702,0,0.0101,equity_down_20,0,-0.2,0,-98551.07727,175393.3827,298115.4395,IN,INR
M02218,P002,DB,12/31/2025,Active,41,M,33,65,1197488.689,1100019.609,0.043363156,0.099410228,0.091939158,0.023400316,final_average,0.037459884,RP-2010,None,0.069975443,0.043488501,0.083507946,0.46693965,0.340286175,0.166927757,0.025846417,9770635.187,12468330.6,0.783636198,14.67818006,0,0,0.0038,baseline,0,0,0,0,1569824.918,2668225.211,IN,INR
M02219,P006,DC,12/31/2025,Active,47,M,4,60,929036.9409,839667.0803,0.051872081,0.059278847,0.122467848,,account_balance,0.068008488,IALM_2012-14_Ultimate,MI-2012,0.087411548,0.036735434,0.065686157,0.331685925,0.591226187,0.060356996,0.016730892,693253.8476,693253.8476,1,14.1898483,0,0,0.0056,baseline,0,0,0,0,86185.18905,146488.6253,IN,INR
M02220,P001,DB,12/31/2025,Active,39,M,9,64,1277433.3,1194582.301,0.034096525,0.089676185,0.050168778,0.014316839,final_average,0.16,RP-2014,MP-2020,0.063774487,0.042781637,0.094334039,0.153822687,0.743525059,0.066658128,0.035994126,1272632.453,1471750.276,0.864706787,9.561551884,0,0,0.0032,rate_up_100bps,100,0,-50,93410.4603,114679.0932,194919.6015,IN,INR
M02221,P004,Hybrid,12/31/2025,Active,36,M,10,60,336842.3962,302231.2078,0.055707777,0.099093216,0.062834636,0.100443152,cash_balance,0.129591636,VBT-2015,None,0.079825938,0.044606229,0.099314746,0.313950416,0.459197404,0.137626518,0.089225661,394473.8162,392137.9061,1.005956859,14.29726659,0,0,0.0023,high_inflation,150,-0.05,300,64319.64038,45771.10161,77796.96054,IN,INR
M02222,P003,DC,12/31/2025,Active,38,M,30,65,1642704.059,1510030.787,0.043005898,0.102060463,0.106578275,,account_balance,0.006126467,VBT-2015,MP-2021,0.086058646,0.030270102,0.078309606,0.39570327,0.50393137,0.100083827,0.000281533,29285599.29,29285599.29,1,16.44727158,0,0,0.0029,rate_down_100bps,-100,0,50,-4078785.441,4122168.898,7006434.188,IN,INR
M02223,P001,DB,12/31/2025,Active,39,M,16,63,455538.9826,409040.762,0.055308605,0.063104854,0.108643214,0.014054706,final_average,0.128888889,RP-2014,None,0.070835011,0.033399885,0.0646228,0.214910913,0.564837281,0.200825312,0.019426495,886576.48,1066631.631,0.831192751,11.5959444,0,0,0.0032,baseline,0,0,0,0,87222.89548,148252.4108,IN,INR
M02224,P002,DB,12/31/2025,Active,48,M,15,64,791850.4068,700297.0213,0.063360277,0.077909125,0.089196318,0.022854834,final_average,0.093275333,RP-2010,MP-2021,0.075058693,0.056242953,0.083320697,0.415254583,0.510475657,0.059373137,0.014896623,3601364.021,3030889.894,1.18822001,12.62462679,0,0,0.0059,baseline,0,0,0,0,526103.0988,894215.3582,IN,INR
M02225,P001,DB,12/31/2025,Retired,67,F,7,66,1840399.581,1711925.686,0.036844453,0.039264508,0.125470243,0.022934796,final_average,0.077240121,RP-2010,MI-2012,0.088819754,0.041772763,0.082955144,0.215989727,0.474483488,0.279986423,0.029540362,2800014.832,2980904.215,0.939317277,10.84601459,274838.6691,0,0.0116,high_inflation,150,-0.05,300,355083.1769,284139.2486,482950.3581,IN,INR
M02226,P003,DC,12/31/2025,Active,37,M,10,60,360366.7851,316391.4206,0.067234924,0.058941781,0.082885968,,account_balance,0.121614403,RP-2010,None,0.060047199,0.039944015,0.06533415,0.231593817,0.519859622,0.154648944,0.093897618,615765.2176,615765.2176,1,10.88681559,0,0,0.0026,baseline,0,0,0,0,59613.70191,101325.1736,IN,INR
M02227,P002,DB,12/31/2025,Active,40,M,7,62,946890.0757,856852.5956,0.051227526,0.043376274,0.135758672,0.014632843,career_average,0.149084525,RP-2010,None,0.064239115,0.056650696,0.085877211,0.355602582,0.376973434,0.131093887,0.136330096,1101702.813,1032472.089,1.067053362,11.76374073,0,0,0.0035,rate_down_100bps,-100,0,50,-100691.7051,138247.2372,234978.2827,IN,INR
M02228,P004,Hybrid,12/31/2025,Active,43,M,15,63,870094.1131,764372.1762,0.066917111,0.077188765,0.118308412,0.095259393,cash_balance,0.06009207,RP-2010,MP-2021,0.080891068,0.03463709,0.072642514,0.109911531,0.684285212,0.157271354,0.048531904,1575671.388,1611437.913,0.97780459,15.78338861,0,0,0.0044,baseline,0,0,0,0,130253.5413,221391.4295,IN,INR
M02229,P002,DB,12/31/2025,Active,48,F,21,62,971948.24,901549.8194,0.038309203,0.078076276,0.067763384,0.016772762,final_average,0.083373083,VBT-2015,None,0.063638813,0.036509619,0.093819676,0.603643614,0.183156991,0.183996047,0.029203348,3762430.826,4233434.776,0.88874189,13.33150735,0,0,0.0059,baseline,0,0,0,0,762648.4896,1296270.624,IN,INR
M02230,P002,DB,12/31/2025,Active,47,M,37,63,1155784.931,1040028.924,0.054182507,0.023053879,0.077430481,0.01395005,final_average,0.057424237,RP-2010,MP-2021,0.070031017,0.054838516,0.083516717,0.205956422,0.724172385,0.062724819,0.007146373,8690535.191,8170724.529,1.063618674,15.22080623,0,0,0.0056,baseline,0,0,0,0,862663.721,1466266.118,IN,INR
M02231,P005,DB,12/31/2025,Active,57,M,8,68,991312.0696,905769.9771,0.046155485,0.017496564,0.110122402,0.016613755,final_average,0.0627212,IAM-2012,MP-2020,0.052018308,0.03838964,0.077318038,0.455707439,0.234364799,0.236575535,0.073352227,2021530.327,2097195.61,0.963920732,17.42060532,0,0,0.0086,baseline,0,0,0,0,320880.9726,545400.1213,IN,INR
M02232,P001,DB,12/31/2025,Active,20,M,4,66,538745.3031,478606.0671,0.060968888,0.09205607,0.137334314,0.014784771,career_average,0.063352011,IALM_2012-14_Ultimate,None,0.072619362,0.048996968,0.098532717,0.367425234,0.250488376,0.377203282,0.004883107,456707.7961,440790.9906,1.036109644,15.57327398,0,0,0.0005,equity_down_20,0,-0.2,0,-33561.19381,65816.96545,111868.8361,IN,INR
M02233,P006,DC,12/31/2025,Active,20,F,9,66,1028680.621,925560.0028,0.054236358,0.075214758,0.065970455,,account_balance,0.058831676,RP-2010,None,0.075071392,0.05218715,0.079648969,0.261174517,0.643853786,0.088997547,0.00597415,1660381.504,1660381.504,1,12.35842638,0,0,0.0005,rate_up_100bps,100,0,-50,151744.8799,179830.8343,305657.7585,IN,INR
M02234,P005,DB,12/31/2025,Active,39,M,19,67,976531.2383,886112.861,0.049780618,0.073473848,0.091759625,0.009017853,flat,0.050122924,IAM-2012,MP-2020,0.05330418,0.036681609,0.095491775,0.270520963,0.485237056,0.242578451,0.00166353,1913335.91,2064261.941,0.926886202,13.59624585,0,0,0.0032,baseline,0,0,0,0,213985.4807,363710.276,IN,INR
M02235,P004,Hybrid,12/31/2025,Active,55,M,6,63,958288.1113,842477.9978,0.066519416,0.004642139,0.044254131,0.054182402,cash_balance,0.121099115,VBT-2015,MP-2021,0.059756087,0.037602235,0.070572405,0.432463172,0.334599833,0.054245262,0.178691733,338151.2944,307595.4552,1.099337746,11.50732869,0,0,0.008,equity_down_20,0,-0.2,0,-29247.5963,49533.86767,84192.51915,IN,INR
M02236,P004,Hybrid,12/31/2025,Active,28,M,11,63,2517312.277,2304804.689,0.045084683,0.083790005,0.063534619,0.087422545,cash_balance,0.100492792,IAM-2012,None,0.06732747,0.045488853,0.07767101,0.458294754,0.489672726,0.044712245,0.007320274,2537739.036,2814546.617,0.901651094,9.591728698,0,0,0.0005,baseline,0,0,0,0,402438.2992,684022.787,IN,INR
M02237,P006,DC,12/31/2025,Active,20,M,15,62,1797382.17,1665624.918,0.038799208,0.054344181,0.139361113,,account_balance,0.038849166,RP-2014,None,0.081249642,0.053766411,0.063355528,0.141612459,0.457335665,0.276429809,0.124622068,7671824.491,7671824.491,1,14.99414419,0,0,0.0005,baseline,0,0,0,0,650523.373,1105692.007,IN,INR
M02238,P002,DB,12/31/2025,Active,50,M,8,66,2240524.484,2015586.634,0.054324047,0.029741912,0.039328156,0.022240346,final_average,0.025415218,RP-2014,MP-2021,0.050866279,0.046631326,0.076910308,0.176737762,0.472748701,0.27846307,0.072050466,4464755.741,5363721.911,0.832398811,14.95661285,0,0,0.0065,equity_down_20,0,-0.2,0,-157818.1877,413591.0677,702979.1035,IN,INR
M02239,P001,DB,12/31/2025,Active,46,M,12,65,1149505.599,1032852.174,0.054961137,0.007393564,0.10948303,0.018344852,final_average,0.105975273,IAM-2012,None,0.06325398,0.032020092,0.095779713,0.142862977,0.796333298,0.057075466,0.003728259,2864996.787,3798487.472,0.754246738,16.7061763,0,0,0.0053,rate_up_100bps,100,0,-50,520507.3968,264353.7277,449320.9863,IN,INR
M02240,P002,DB,12/31/2025,Active,33,F,6,62,2198756.676,2003623.972,0.047563785,0.048068454,0.138097335,0.01687466,final_average,0.084509221,RP-2010,MI-2012,0.050195704,0.040525115,0.093178489,0.425319158,0.485569064,0.075500325,0.013611453,2417506.464,2117383.612,1.141742314,10.4375135,0,0,0.0014,equity_down_20,0,-0.2,0,-205642.363,359383.6815,610843.0234,IN,INR
M02241,P005,DB,12/31/2025,Active,34,M,21,63,669843.6019,608188.2004,0.049464402,0.029846304,0.146324435,0.01220842,final_average,0.096093137,RP-2010,MP-2020,0.070851296,0.039919136,0.099028243,0.208016052,0.413646273,0.083980538,0.294357137,2170162.147,2644257.778,0.820707483,16.95848404,0,0,0.0017,baseline,0,0,0,0,176954.9322,300769.5991,IN,INR
M02242,P001,DB,12/31/2025,Active,34,M,9,64,837639.8823,733844.614,0.068382137,0.041713614,0.055995864,0.018565624,final_average,0.016790505,RP-2010,MP-2021,0.069951028,0.054228057,0.089989355,0.351996614,0.479277885,0.075284771,0.09344073,1704900.209,1980189.858,0.860978155,16.14918666,0,0,0.0017,equity_down_20,0,-0.2,0,-120023.8201,214791.6511,365080.5207,IN,INR
M02243,P004,Hybrid,12/31/2025,Active,45,M,12,64,758376.0355,675834.8239,0.059307428,0.066498545,0.119867755,0.060508559,cash_balance,0.071329164,IAM-2012,MI-2012,0.080214871,0.038689909,0.07085953,0.474749148,0.353674079,0.102964513,0.06861226,602404.1657,668158.0817,0.901589283,9.965368253,0,0,0.005,baseline,0,0,0,0,97188.94249,165191.6615,IN,INR
M02244,P006,DC,12/31/2025,Active,38,M,3,66,787678.9246,736125.7169,0.03442407,0.054920535,0.129605839,,account_balance,0.018137064,RP-2014,MP-2021,0.050156783,0.057036524,0.066433254,0.345186348,0.409226582,0.10999512,0.135591949,448778.6735,448778.6735,1,17.84160749,0,0,0.0029,rate_up_100bps,100,0,-50,70886.72129,54973.3601,93438.00294,IN,INR
M02245,P005,DB,12/31/2025,Active,49,M,5,63,1003079.813,930111.1804,0.038485203,0.035695157,0.040964317,0.012195881,career_average,0.018168638,RP-2014,MP-2020,0.080348545,0.040049526,0.06718066,0.142429701,0.635684206,0.113743661,0.108142432,631517.2909,530393.8963,1.190657161,9.351482304,0,0,0.0062,baseline,0,0,0,0,51458.64298,87464.05214,IN,INR
M02246,P003,DC,12/31/2025,Active,20,F,19,66,1079258.21,944389.63,0.069023065,0.097380868,0.087884127,,account_balance,0.103245404,VBT-2015,MP-2021,0.085649083,0.035823246,0.086455307,0.323124741,0.467766989,0.018585294,0.190522975,7308208.082,7308208.082,1,16.15339493,0,0,0.0005,rate_up_100bps,100,0,-50,1009596.789,847759.1103,1440932.81,IN,INR
M02247,P001,DB,12/31/2025,Active,35,F,8,63,1195345.77,1065745.6,0.059058622,0.064376195,0.140329172,0.015057729,final_average,0.107971244,RP-2014,MI-2012,0.062696805,0.046198197,0.075289884,0.187905796,0.446904123,0.295901789,0.069288292,1871558.923,1650588.464,1.133873745,12.85688598,0,0,0.002,rate_down_100bps,-100,0,50,-170393.9069,179324.4991,304797.1426,IN,INR
M02248,P005,DB,12/31/2025,Active,33,M,6,65,2158868.453,1897673.756,0.066601805,0.032627549,0.0543345,0.012459116,final_average,0.042486876,RP-2014,MI-2012,0.063347613,0.041591619,0.076561484,0.43876741,0.446738163,0.105743979,0.008750448,2589022.344,2381597.195,1.087094975,16.78836034,0,0,0.0014,baseline,0,0,0,0,394502.3742,670534.1266,IN,INR
M02249,P004,Hybrid,12/31/2025,Active,41,M,4,67,495794.0542,456496.164,0.042154459,0.06643016,0.142051282,0.059917287,cash_balance,0.067162843,IALM_2012-14_Ultimate,None,0.050042766,0.04942771,0.094422961,0.374139137,0.540750362,0.056189868,0.028920633,110582.8873,116768.3775,0.947027694,15.55499614,0,0,0.0038,rate_up_100bps,100,0,-50,15173.42979,14887.02723,25303.42136,IN,INR
M02250,P001,DB,12/31/2025,Active,39,M,21,66,572426.0158,509769.9762,0.059674674,0.076531292,0.093263049,0.016036246,final_average,0.043596025,RP-2014,MP-2021,0.067164515,0.057471388,0.089066605,0.216737417,0.63406656,0.02813448,0.121061543,1234057.428,1638763.237,0.753041929,9.54596748,0,0,0.0032,baseline,0,0,0,0,117306.851,199385.9912,IN,INR
M02251,P001,DB,12/31/2025,Active,52,F,16,61,328121.0902,292821.5927,0.058560108,0.059248558,0.04198717,0.016746044,career_average,0.018066738,IAM-2012,MP-2020,0.074520562,0.058223262,0.068370952,0.567881598,0.356212447,0.038448613,0.037457341,1038035.34,875584.9587,1.185533545,11.159969,0,0,0.0071,rate_up_100bps,100,0,-50,79226.95455,197501.5149,335692.5445,IN,INR
M02252,P006,DC,12/31/2025,Active,25,F,15,62,674084.3712,621091.9363,0.041787599,0.10653769,0.067144328,,account_balance,0.054873752,RP-2010,MP-2020,0.054907795,0.036820938,0.066844051,0.216391034,0.713991651,0.05925037,0.010366945,2628809.14,2628809.14,1,17.57178373,0,0,0.0005,high_inflation,150,-0.05,300,523679.3656,265123.9442,450630.1204,IN,INR
M02253,P004,Hybrid,12/31/2025,Active,44,F,26,64,806230.2578,728451.52,0.052032653,2.45E-05,0.069151343,0.063539302,cash_balance,0.0181328,IAM-2012,MP-2021,0.076286596,0.034868138,0.092877307,0.218635154,0.342239421,0.243474362,0.195651062,2050061.323,2275753.305,0.900827572,10.32475114,0,0,0.0047,high_inflation,150,-0.05,300,277417.1392,190505.5887,323801.5963,IN,INR
M02254,P005,DB,12/31/2025,Active,50,F,9,63,719067.0613,645929.2397,0.055096604,0.080284911,0.063864499,0.020244112,final_average,0.159165208,RP-2010,None,0.064629707,0.058198712,0.098144347,0.350407368,0.53723323,0.020224182,0.09213522,882280.9286,1131719.291,0.779593434,9.616400167,0,0,0.0065,high_inflation,150,-0.05,300,112238.7994,112019.3969,190398.9262,IN,INR
M02255,P006,DC,12/31/2025,Retired,63,M,4,65,589761.388,535700.7982,0.049245272,0.043219269,0.068108464,,account_balance,0.151311877,RP-2010,MP-2021,0.076919916,0.054372834,0.067405697,0.248846773,0.675684008,0.028716777,0.046752443,271797.0154,271797.0154,1,10.38833515,18119.80103,0,0.0104,rate_down_100bps,-100,0,50,-19052.74006,28742.55224,48853.60247,IN,INR
M02256,P003,DC,12/31/2025,Active,39,M,11,67,1024877.034,906847.0098,0.063087148,0.045515249,0.065293219,,account_balance,0.089097632,VBT-2015,MP-2020,0.060043891,0.03785028,0.098070456,0.328449564,0.565732176,0.029808611,0.076009649,1849122.999,1849122.999,1,15.48253896,0,0,0.0032,equity_down_20,0,-0.2,0,-121468.7285,225190.8946,382756.0738,IN,INR
M02257,P003,DC,12/31/2025,Active,47,F,29,61,827356.6637,731760.7024,0.063314762,0.097082163,0.111272629,,account_balance,0.019947046,RP-2014,MP-2021,0.080985855,0.054148632,0.07718949,0.463273138,0.316350649,0.217963724,0.002412489,12995893.02,12995893.02,1,9.356666335,0,0,0.0056,baseline,0,0,0,0,2097823.271,3565661.925,IN,INR
M02258,P003,DC,12/31/2025,Active,26,M,11,64,661238.1379,584056.7243,0.064024022,0.041953608,0.071659169,,account_balance,0.068738313,VBT-2015,None,0.071954114,0.052231638,0.096226363,0.444456441,0.411548289,0.019372913,0.124622357,1209835.217,1209835.217,1,12.89533222,0,0,0.0005,baseline,0,0,0,0,183683.4653,312206.0602,IN,INR
M02259,P002,DB,12/31/2025,Active,20,M,20,62,1053865.184,934165.9384,0.062136943,0.082102067,0.126278182,0.017709785,career_average,0.03151782,RP-2010,MP-2021,0.071327798,0.03760686,0.090034286,0.516672853,0.442612811,0.028853707,0.011860629,2993670.954,3250006.009,0.921127821,9.822382831,0,0,0.0005,baseline,0,0,0,0,525693.7456,893519.5823,IN,INR
M02260,P003,DC,12/31/2025,Active,52,M,4,66,760751.3837,690650.848,0.049523339,0.107232408,0.167864899,,account_balance,0.025568802,IALM_2012-14_Ultimate,MP-2020,0.069526347,0.057173531,0.096204428,0.353806735,0.420833038,0.13307534,0.092284886,913246.4312,913246.4312,1,15.18435231,0,0,0.0071,rate_down_100bps,-100,0,50,-119454.3421,115398.9003,196143.0549,IN,INR
M02261,P005,DB,12/31/2025,Active,44,M,7,67,1656864.699,1516493.082,0.045257532,0.019800073,0.128508699,0.017377815,final_average,0.053376358,IALM_2012-14_Ultimate,MP-2020,0.083678994,0.039654139,0.085805899,0.413831929,0.50612566,0.027286662,0.052755749,1821100.481,2080265.667,0.875417265,11.27678101,0,0,0.0047,baseline,0,0,0,0,264293.3393,449218.3446,IN,INR
M02262,P004,Hybrid,12/31/2025,Active,56,M,18,64,914714.8402,809116.0494,0.063255051,0.05876273,0.128951357,0.101379148,cash_balance,0.12,VBT-2015,MP-2020,0.072170188,0.044405372,0.066280392,0.420845588,0.393322369,0.183769541,0.002062502,2435849.149,2242922.791,1.086015604,15.16194589,0,0,0.0083,rate_down_100bps,-100,0,50,-292167.0421,361243.0275,614003.3465,IN,INR
M02263,P006,DC,12/31/2025,Active,30,M,12,61,841142.2033,763510.6707,0.049608058,0.097107796,0.065080614,,account_balance,0.091190484,VBT-2015,MP-2021,0.05638397,0.048277846,0.062414646,0.359283486,0.418485741,0.165011683,0.057219091,2136881.63,2136881.63,1,10.57742595,0,0,0.0005,baseline,0,0,0,0,276478.2987,469929.0718,IN,INR
M02264,P003,DC,12/31/2025,Active,49,F,10,65,1107586.665,1024312.022,0.039854856,0.114374916,0.106387737,,account_balance,0.04041167,RP-2014,MP-2021,0.075032244,0.035737898,0.085084493,0.137910496,0.591976299,0.267864901,0.002248303,3401540.601,3401540.601,1,12.56612104,0,0,0.0062,baseline,0,0,0,0,309305.2838,525724.9687,IN,INR
M02265,P004,Hybrid,12/31/2025,Retired,63,M,20,65,399267.621,361944.9629,0.050293741,0.059695122,0.139349481,0.107999151,cash_balance,0.080320553,VBT-2015,None,0.070563466,0.04833864,0.06233423,0.298295621,0.244664552,0.184027186,0.273012642,1055353.187,1231711.5,0.856818489,17.32909037,82114.10001,0,0.0104,high_inflation,150,-0.05,300,285060.6732,113440.7829,192814.8505,IN,INR
M02266,P004,Hybrid,12/31/2025,Active,48,M,18,63,1699932.029,1584839.969,0.035673993,0.06431738,0.121283363,0.054360016,cash_balance,0.12,VBT-2015,MP-2021,0.052757313,0.051188159,0.069439463,0.313375406,0.518004017,0.140883994,0.027736583,2311035.976,2111091.711,1.094711312,12.4560155,0,0,0.0059,rate_down_100bps,-100,0,50,-203101.6147,273614.5261,465061.5288,IN,INR
M02267,P004,Hybrid,12/31/2025,Active,47,F,12,66,1401711.957,1253032.584,0.05766518,0.060236704,0.042870235,0.097643016,cash_balance,0.146666667,IAM-2012,MP-2021,0.073243239,0.033046413,0.068249218,0.276695327,0.351841117,0.369399081,0.002064475,1941479.869,1947948.374,0.996679324,10.02615053,0,0,0.0056,rate_up_100bps,100,0,-50,161149.6139,236272.1635,401590.8628,IN,INR
M02268,P004,Hybrid,12/31/2025,Active,44,M,1,68,689084.5277,632907.3762,0.043436851,0.065003368,0.114207244,0.07022571,cash_balance,0.067877713,VBT-2015,MI-2012,0.053175388,0.041380451,0.07708415,0.195707503,0.450193955,0.193058661,0.161039882,41827.1182,45220.62194,0.924956721,12.32961962,0,0,0.0047,baseline,0,0,0,0,3641.49468,6189.434119,IN,INR
M02269,P002,DB,12/31/2025,Active,28,M,11,64,591966.0536,546857.4283,0.040426352,0.063137531,0.032402792,0.018358334,final_average,0.061499843,VBT-2015,MP-2021,0.078993274,0.048361788,0.083895213,0.297399331,0.594194336,0.106527722,0.001878611,1649085.968,1445736.897,1.140654272,13.09149389,0,0,0.0005,baseline,0,0,0,0,191288.235,325131.8572,IN,INR
M02270,P003,DC,12/31/2025,Active,58,M,14,64,624996.869,547675.8908,0.06826035,0.058482094,0.139780309,,account_balance,0.106809687,IAM-2012,MP-2021,0.076191231,0.057786507,0.09644658,0.346790914,0.497707123,0.105697472,0.049804491,2896038.722,2896038.722,1,13.12623678,0,0,0.0089,equity_down_20,0,-0.2,0,-200863.9833,364793.2074,620037.5732,IN,INR
M02271,P001,DB,12/31/2025,Active,38,M,3,63,522052.8564,463684.0056,0.06107524,0.023493678,0.093098789,0.021581098,final_average,0.179689248,RP-2010,MP-2020,0.069730257,0.056729504,0.09744768,0.209818102,0.477336926,0.304913716,0.007931256,433032.4187,461807.377,0.937690562,15.38310358,0,0,0.0029,rate_down_100bps,-100,0,50,-60705.18896,44599.52418,75805.63501,IN,INR
M02272,P003,DC,12/31/2025,Active,49,M,14,64,458845.4976,407230.7537,0.06148278,0.07730913,0.172241317,,account_balance,0.061720715,RP-2010,MP-2021,0.079951372,0.035090019,0.09929495,0.342167638,0.326812382,0.192263438,0.138756543,2760111.241,2760111.241,1,10.12222703,0,0,0.0062,equity_down_20,0,-0.2,0,-188884.1486,339828.0317,577604.3627,IN,INR
M02273,P003,DC,12/31/2025,Active,28,F,21,63,514482.2885,462282.6547,0.054948879,0.082450847,0.173084745,,account_balance,0.012194432,IAM-2012,MP-2020,0.061229704,0.048315237,0.090552937,0.217098459,0.692180835,0.036728349,0.053992358,6164093.034,6164093.034,1,13.15407375,0,0,0.0005,baseline,0,0,0,0,610908.6951,1038359.095,IN,INR
M02274,P004,Hybrid,12/31/2025,Active,32,M,11,63,299179.663,264485.8442,0.063566912,0.063474452,0.137259747,0.101888326,cash_balance,0.089199203,RP-2014,MP-2021,0.067857046,0.032940535,0.096851881,0.700669265,0.269822477,0.021461879,0.00804638,370754.1582,377109.6475,0.98314684,11.28556024,0,0,0.0011,baseline,0,0,0,0,86049.1239,146257.3559,IN,INR
M02275,P006,DC,12/31/2025,Active,58,M,5,61,835992.933,743516.4978,0.060366499,0.102354449,0.119445578,,account_balance,0.101465783,VBT-2015,MP-2020,0.050611535,0.038816367,0.091625026,0.437231424,0.524743843,0.037445279,0.000579453,1026611.009,1026611.009,1,13.00055509,0,0,0.0089,baseline,0,0,0,0,157140.7343,267091.4851,IN,INR
M02276,P004,Hybrid,12/31/2025,Active,41,M,2,62,925925.9647,833557.3109,0.053950948,0.023917476,0.037645077,0.108944744,cash_balance,0.044708978,RP-2014,MP-2021,0.089531733,0.047918108,0.096424047,0.253478973,0.470220282,0.182063638,0.094237107,170322.1609,192308.4337,0.885671822,10.55742434,0,0,0.0038,rate_up_100bps,100,0,-50,16298.37065,17371.7367,29526.67223,IN,INR
M02277,P005,DB,12/31/2025,Active,59,M,14,62,1752378.168,1535053.482,0.068444976,0.059813283,0.068980231,0.012173027,final_average,0.119004636,IALM_2012-14_Ultimate,None,0.052250184,0.032440943,0.064167009,0.327971191,0.494671695,0.139471392,0.037885721,3333965.292,2908857.961,1.146142347,11.11917,0,0,0.0092,baseline,0,0,0,0,405390.5334,689040.6877,IN,INR
M02278,P003,DC,12/31/2025,Active,43,F,3,64,1535225.684,1425800.941,0.037663798,0.118583875,0.124585066,,account_balance,0.053848348,RP-2014,MP-2020,0.054178211,0.056665862,0.098462997,0.352964988,0.279974846,0.365213434,0.001846733,1197474.857,1197474.857,1,13.97559817,0,0,0.0044,rate_down_100bps,-100,0,50,-150591.1323,166987.2536,283827.5752,IN,INR
M02279,P004,Hybrid,12/31/2025,Active,26,M,15,64,707648.3543,620712.3544,0.067735189,0.026069155,0.08770558,0.068181516,cash_balance,0.07055308,VBT-2015,None,0.069795424,0.05486966,0.069382524,0.350961693,0.395794616,0.012375906,0.240867785,951397.6522,889512.3429,1.069572176,11.71151357,0,0,0.0005,baseline,0,0,0,0,116055.7947,197259.5757,IN,INR
M02280,P001,DB,12/31/2025,Deferred,53,M,28,64,880772.7959,804920.0677,0.046057526,0.046297401,0.050268345,0.021022147,final_average,0.03995846,RP-2010,MP-2021,0.065036131,0.044201699,0.082738799,0.208383216,0.528440932,0.261846089,0.001329763,5381064.24,4944709.846,1.088246714,10.43645404,0,0,0.0074,equity_down_20,0,-0.2,0,-224264.6941,540583.231,918827.1816,IN,INR
M02281,P002,DB,12/31/2025,Active,38,F,7,63,1617498.706,1463949.699,0.051135959,0.090962453,0.099301397,0.018968629,final_average,0.066890593,VBT-2015,MP-2021,0.071293947,0.044752628,0.0806731,0.297329743,0.524795931,0.052609197,0.125265129,3050794.234,2833463.474,1.076701451,14.57664168,0,0,0.0029,rate_up_100bps,100,0,-50,332971.5977,339230.0031,576587.8959,IN,INR
M02282,P003,DC,12/31/2025,Active,51,M,9,63,804658.9964,751289.0567,0.034909573,0.093066069,0.097930854,,account_balance,0.16,VBT-2015,None,0.083400457,0.056440886,0.082578484,0.291820119,0.313851216,0.263784972,0.130543693,1845623.886,1845623.886,1,16.52819905,0,0,0.0068,equity_down_20,0,-0.2,0,-107718.0363,209568.0649,356202.0119,IN,INR
M02283,P003,DC,12/31/2025,Active,44,F,29,66,1063168.88,961385.4641,0.051604298,0.048300014,0.156719815,,account_balance,0.063309552,VBT-2015,None,0.056344826,0.031513121,0.088081182,0.65225681,0.196082061,0.069962929,0.0816982,19439283.65,19439283.65,1,16.39258537,0,0,0.0047,equity_down_20,0,-0.2,0,-2535881.026,4197131.236,7133847.377,IN,INR
M02284,P001,DB,12/31/2025,Active,29,M,12,64,749622.5759,674205.2036,0.05444827,0.003535082,0.142343428,0.014144771,final_average,0.032183502,RP-2014,MI-2012,0.075581265,0.034316428,0.081583902,0.530742789,0.186249797,0.033708294,0.249299121,1586973.882,1889014.603,0.84010673,16.50692061,0,0,0.0005,equity_down_20,0,-0.2,0,-168454.9888,278915.8138,474072.1067,IN,INR
M02285,P001,DB,12/31/2025,Active,46,M,8,68,1002148.872,875466.0766,0.069908062,0.007780011,0.097856875,0.013514014,career_average,0.05806571,RP-2010,MP-2021,0.050721416,0.039240132,0.087549919,0.520044202,0.269536446,0.207910181,0.002509172,822499.1896,866513.5467,0.949205229,9.155070406,0,0,0.0053,high_inflation,150,-0.05,300,80981.07808,146362.0591,248771.0135,IN,INR
M02286,P002,DB,12/31/2025,Retired,66,F,19,63,1022396.99,894659.7484,0.069007696,0.008130807,0.10732192,0.01552489,career_average,0.037385465,RP-2010,MP-2020,0.081601784,0.040931528,0.081375541,0.446575145,0.397720284,0.023504312,0.132200259,3169130.303,4004665.424,0.791359569,15.17491322,263900.3838,0,0.0113,rate_up_100bps,100,0,-50,544683.1327,482225.0595,819636.0282,IN,INR
M02287,P006,DC,12/31/2025,Active,49,F,8,65,841536.9683,736881.1214,0.068655892,0.075138358,0.068776755,,account_balance,0.048040642,RP-2014,MP-2021,0.082625181,0.059623403,0.060481726,0.172879805,0.649415441,0.163192291,0.014512463,1073016.934,1073016.934,1,17.98908613,0,0,0.0062,rate_up_100bps,100,0,-50,158184.2523,98234.20717,166968.2938,IN,INR
M02288,P002,DB,12/31/2025,Active,43,M,6,61,1590659.717,1459586.814,0.043935522,0.035025689,0.056798789,0.018353859,final_average,0.157466105,RP-2014,MI-2012,0.065175112,0.034423857,0.085094661,0.138475963,0.482396296,0.153409081,0.22571866,2537907.093,2497521.818,1.016170139,15.53820012,0,0,0.0044,equity_down_20,0,-0.2,0,-70287.82567,184297.8598,313250.344,IN,INR
M02289,P003,DC,12/31/2025,Active,55,M,15,65,667344.3965,583265.2347,0.06965066,0.112133073,0.121605358,,account_balance,0.074961385,RP-2014,MP-2021,0.05693333,0.039093116,0.082208051,0.464430481,0.113637503,0.361715528,0.060216488,3698436.613,3698436.613,1,11.39244713,0,0,0.008,baseline,0,0,0,0,625158.6915,1062579.758,IN,INR
M02290,P002,DB,12/31/2025,Active,46,M,20,66,1037062.656,943845.3411,0.048219126,0.074732457,0.113899911,0.010696094,career_average,0.064717556,IALM_2012-14_Ultimate,MI-2012,0.082442443,0.054838498,0.083433768,0.196179996,0.298637286,0.504986349,0.000196369,2401599.691,2842080.316,0.845014716,14.07603414,0,0,0.0053,baseline,0,0,0,0,293856.0415,499465.9526,IN,INR
M02291,P004,Hybrid,12/31/2025,Active,46,M,6,67,2196937.726,1940325.236,0.06407345,0.016996006,0.052731624,0.105474792,cash_balance,0.145913706,IALM_2012-14_Ultimate,MP-2020,0.086368361,0.05353064,0.060062418,0.48907358,0.345816763,0.038248904,0.126860752,1339978.239,1449201.181,0.924632312,13.30251389,0,0,0.0053,baseline,0,0,0,0,220656.8239,375049.5317,IN,INR
M02292,P002,DB,12/31/2025,Active,33,F,12,68,1132665.631,1049931.417,0.038652799,0.024649253,0.098425237,0.018540102,final_average,0.044804634,VBT-2015,MI-2012,0.053012268,0.049644501,0.078749872,0.511735105,0.298250934,0.118331192,0.071682769,3426302.268,3067315.27,1.117036224,13.13119082,0,0,0.0014,baseline,0,0,0,0,591063.9338,1004629.033,IN,INR
M02293,P002,DB,12/31/2025,Active,46,M,10,63,688014.6509,623772.3143,0.050233327,0.043093144,0.14217135,0.01199934,flat,0.130124691,IALM_2012-14_Ultimate,MP-2021,0.073192271,0.039856552,0.094999088,0.195174127,0.633696813,0.124915619,0.046213441,1384755.555,1160440.257,1.193301892,15.50384241,0,0,0.0053,baseline,0,0,0,0,128743.6683,218825.1043,IN,INR
M02294,P003,DC,12/31/2025,Active,54,M,11,64,1151276.758,1008129.891,0.068640484,0.10424369,0.123801573,,account_balance,0.045575043,RP-2014,MP-2021,0.087526174,0.033533308,0.073302217,0.307052831,0.523180935,0.168621232,0.001145001,3731654.083,3731654.083,1,10.14178968,0,0,0.0077,rate_up_100bps,100,0,-50,280839.995,441212.5611,749927.2467,IN,INR
M02295,P001,DB,12/31/2025,Active,36,F,5,64,2941446.834,2579378.503,0.067881256,0.058539221,0.052298445,0.012088334,final_average,0.177777778,RP-2014,MP-2021,0.075749435,0.059506396,0.077795281,0.423888075,0.441715747,0.075917742,0.058478436,1446352.119,1570593.149,0.920895472,10.07423704,0,0,0.0023,baseline,0,0,0,0,212446.927,361095.2024,IN,INR
M02296,P001,DB,12/31/2025,Active,58,M,16,64,1002143.991,896381.9118,0.057349395,0.033784062,0.143043033,0.019522631,final_average,0.065366459,RP-2014,MP-2021,0.082812808,0.037542792,0.064897768,0.444503407,0.303724267,0.251465733,0.000306593,4204157.372,3796240.371,1.10745289,13.5582083,0,0,0.0089,high_inflation,150,-0.05,300,582847.3052,661394.6785,1124169.922,IN,INR
M02297,P002,DB,12/31/2025,Active,43,M,25,62,1407223.731,1247916.781,0.061912573,0.039295164,0.085351843,0.016729779,final_average,0.041175949,RP-2010,MI-2012,0.059192878,0.055339095,0.078009371,0.150366649,0.38120829,0.24072604,0.227699022,7505104.738,9272435.462,0.809399512,17.76552207,0,0,0.0044,baseline,0,0,0,0,587852.329,999170.2808,IN,INR
M02298,P001,DB,12/31/2025,Active,35,F,6,66,986908.0154,917637.9475,0.037057068,0.086288661,0.08006904,0.010327378,flat,0.121798741,RP-2010,MP-2020,0.054093415,0.056850247,0.075831136,0.291960213,0.42370948,0.206834616,0.077495691,536717.9084,543238.6092,0.987996617,9.553839701,0,0,0.002,baseline,0,0,0,0,60351.80723,102579.7283,IN,INR
M02299,P001,DB,12/31/2025,Active,54,F,16,66,1114540.75,994062.4395,0.058866342,0.088453144,0.062108064,0.019393274,final_average,0.034044449,IALM_2012-14_Ultimate,MP-2021,0.065047518,0.04322699,0.095321624,0.469179314,0.393804391,0.135947341,0.001068953,3797265.002,3804688.155,0.998048946,12.33486153,0,0,0.0077,rate_up_100bps,100,0,-50,394534.0342,612972.4267,1041866.812,IN,INR
M02300,P002,DB,12/31/2025,Active,41,F,19,63,950539.6482,854464.8466,0.054722032,0.082771119,0.136990235,0.01820861,final_average,0.037994433,IAM-2012,MP-2021,0.065804406,0.05552492,0.061417618,0.295450868,0.548244443,0.13939773,0.016906959,4615239.064,4014308.631,1.149697118,13.57957449,0,0,0.0038,baseline,0,0,0,0,528920.0129,899003.2559,IN,INR
M02301,P005,DB,12/31/2025,Active,52,M,12,63,622737.2494,582837.7649,0.033662069,0.086483093,0.131474012,0.023813927,final_average,0.051534106,IAM-2012,MP-2020,0.081448148,0.03837111,0.098048647,0.268801284,0.230975324,0.480730259,0.019493133,1288698.888,1500883.337,0.858626954,9.01129036,0,0,0.0071,rate_up_100bps,100,0,-50,120366.0733,169726.8652,288484.0822,IN,INR
M02302,P003,DC,12/31/2025,Active,41,F,15,62,1165057.545,1088589.784,0.03452636,0.104512029,0.068572836,,account_balance,0.031904308,RP-2014,None,0.066251779,0.056697334,0.083056127,0.744828114,0.247266401,0.002894239,0.005011246,5141582.807,5141582.807,1,11.65209529,0,0,0.0038,high_inflation,150,-0.05,300,611822.8702,1266173.508,2152110.108,IN,INR
M02303,P003,DC,12/31/2025,Active,43,M,7,65,567867.5548,530789.4836,0.034337745,0.082716378,0.149258972,,account_balance,0.168888889,RP-2010,MP-2021,0.05946409,0.049078989,0.081185375,0.619012074,0.267409826,0.043401178,0.070176922,1132694.414,1132694.414,1,9.997570453,0,0,0.0044,rate_down_100bps,-100,0,50,-98097.2412,232814.0042,395713.0431,IN,INR
M02304,P002,DB,12/31/2025,Active,49,M,24,63,855466.2631,762837.5535,0.058974277,0.055717317,0.083598172,0.018869835,final_average,0.064558423,VBT-2015,MP-2021,0.085453621,0.035831166,0.095448086,0.21357056,0.576709597,0.207335358,0.002384485,4130424.293,5302938.526,0.77889349,15.34988681,0,0,0.0062,baseline,0,0,0,0,409979.9313,696841.2693,IN,INR
M02305,P006,DC,12/31/2025,Active,47,F,20,66,2327405.12,2169853.235,0.035668608,0.06207039,0.128660625,,account_balance,0.111111111,IALM_2012-14_Ultimate,MP-2020,0.081306173,0.053596412,0.067640378,0.522246953,0.228514187,0.189030109,0.060208751,15926911.99,15926911.99,1,12.95127646,0,0,0.0056,rate_up_100bps,100,0,-50,1880762.135,2823330.255,4798803.279,IN,INR
M02306,P003,DC,12/31/2025,Active,24,M,21,65,953233.7743,866740.7,0.048709291,0.080642185,0.094381354,,account_balance,0.034785313,RP-2010,MP-2021,0.076692065,0.05741077,0.068360538,0.244563206,0.445043254,0.307985809,0.002407731,6378847.901,6378847.901,1,14.60384576,0,0,0.0005,equity_down_20,0,-0.2,0,-312006.2991,701664.4788,1192616.342,IN,INR
M02307,P001,DB,12/31/2025,Active,33,F,5,65,649878.8455,595935.2632,0.044279272,0.011107696,0.077171233,0.010541248,career_average,0.122387445,RP-2014,MI-2012,0.058284506,0.047112893,0.094977036,0.368334054,0.48587669,0.027377978,0.118411278,411054.6463,452980.507,0.907444448,14.42176384,0,0,0.0014,baseline,0,0,0,0,53623.07736,91142.93271,IN,INR
M02308,P004,Hybrid,12/31/2025,Active,53,M,14,64,1097338.785,991499.7295,0.052020166,0.080958012,0.041889232,0.10469017,cash_balance,0.064314492,RP-2014,MP-2021,0.058192481,0.052811188,0.097177771,0.32582228,0.550085274,0.086678152,0.037414294,1961338.674,1892176.626,1.036551581,12.21983716,0,0,0.0074,equity_down_20,0,-0.2,0,-127809.5678,238056.7236,404624.0724,IN,INR
M02309,P001,DB,12/31/2025,Active,43,M,7,60,767495.6534,685317.6776,0.058259059,0.076058517,0.144895741,0.0205433,final_average,0.046389257,IAM-2012,MP-2021,0.069654209,0.053843922,0.093512452,0.362027827,0.402187265,0.188958049,0.046826858,707794.5283,918380.6386,0.770698443,9.318854543,0,0,0.0044,equity_down_20,0,-0.2,0,-51248.263,92702.66976,157566.3615,IN,INR
M02310,P002,DB,12/31/2025,Active,39,F,25,67,1033927.392,924741.9214,0.057388901,0.08203006,0.035704702,0.016992795,career_average,0.047373093,RP-2014,None,0.071236833,0.053622132,0.061650599,0.302890677,0.28587519,0.354827635,0.056406498,3656322.024,4482169.582,0.815748257,11.40940267,0,0,0.0032,rate_down_100bps,-100,0,50,-459126.1882,457162.2646,777036.8947,IN,INR
M02311,P003,DC,12/31/2025,Active,30,M,6,64,579866.6323,525334.7529,0.050620797,0.104388713,0.168950704,,account_balance,0.075162783,RP-2014,MP-2021,0.060243813,0.043632642,0.086082768,0.514776843,0.375515352,0.091174981,0.018532825,1103769.571,1103769.571,1,13.33040549,0,0,0.0005,rate_down_100bps,-100,0,50,-126412.8386,192388.8317,327002.5371,IN,INR
M02312,P006,DC,12/31/2025,Active,33,M,12,68,1398420.239,1271862.117,0.048573395,0.098471524,0.088153915,,account_balance,0.146666667,VBT-2015,MP-2021,0.054934816,0.052198278,0.078045497,0.484397414,0.419079002,0.087117163,0.009406422,4471102.844,4471102.844,1,10.82415102,0,0,0.0014,baseline,0,0,0,0,740158.9676,1258045.273,IN,INR
M02313,P003,DC,12/31/2025,Active,24,M,2,64,1041411.648,951988.3228,0.045912624,0.102949622,0.124932006,,account_balance,0.082905096,IALM_2012-14_Ultimate,None,0.064528149,0.046455916,0.09231299,0.20159356,0.519669046,0.107450409,0.171286985,473934.177,473934.177,1,17.43915927,0,0,0.0005,baseline,0,0,0,0,41009.80892,69704.21018,IN,INR
M02314,P004,Hybrid,12/31/2025,Active,43,F,12,65,627278.2883,553589.9316,0.064476398,0.050808054,0.039457374,0.077455429,cash_balance,0.146666667,VBT-2015,MP-2020,0.067163329,0.042439791,0.066325355,0.33230291,0.593149343,0.044284746,0.030263001,574806.3685,667336.4793,0.861344144,12.72255602,0,0,0.0044,equity_down_20,0,-0.2,0,-38201.96579,71462.52278,121464.5676,IN,INR
M02315,P006,DC,12/31/2025,Active,38,M,5,61,1157618.362,1063657.683,0.043234072,0.059526401,0.164900924,,account_balance,0.142157005,IAM-2012,MP-2021,0.052101671,0.034974379,0.096813307,0.193662445,0.569997672,0.173648036,0.062691848,1503763.003,1503763.003,1,12.16977138,0,0,0.0029,rate_up_100bps,100,0,-50,140147.449,137827.87,234265.4861,IN,INR
M02316,P001,DB,12/31/2025,Active,34,M,15,65,2352125.336,2173106.202,0.040374633,0.038538175,0.122772179,0.012070695,career_average,0.015898746,RP-2010,MP-2021,0.072585594,0.057271144,0.07341603,0.268466422,0.357750523,0.330652292,0.043130763,3817713.212,3922029.557,0.973402458,9.967961905,0,0,0.0017,rate_down_100bps,-100,0,50,-322656.9673,440428.3777,748594.3732,IN,INR
M02317,P002,DB,12/31/2025,Active,43,M,10,65,688215.0642,612818.0793,0.05973262,0.018215816,0.14400718,0.010821658,career_average,0.131483769,IAM-2012,MP-2021,0.050080427,0.04244734,0.072929171,0.228770581,0.533520596,0.14055039,0.097158433,854020.161,761670.7774,1.121245801,11.48528836,0,0,0.0044,baseline,0,0,0,0,81959.84077,139306.8175,IN,INR
M02318,P003,DC,12/31/2025,Active,48,F,9,65,1384615.245,1269413.906,0.044390538,0.098011152,0.081895881,,account_balance,0.117207536,RP-2014,MP-2020,0.056046918,0.037186965,0.067137094,0.248821026,0.452095071,0.289574064,0.009509839,2753498.708,2753498.708,1,14.20671406,0,0,0.0059,baseline,0,0,0,0,301127.7784,511825.6951,IN,INR
M02319,P003,DC,12/31/2025,Retired,65,F,25,65,1188343.166,1049921.017,0.063879944,0.057056343,0.062583912,,account_balance,0.088888889,IALM_2012-14_Ultimate,MP-2020,0.055878384,0.037268873,0.060278013,0.28591898,0.498253322,0.213634591,0.002193106,6527109.701,6527109.701,1,16.37665942,435140.6467,0,0.011,high_inflation,150,-0.05,300,1266161.004,745507.257,1267135.739,IN,INR
M02320,P003,DC,12/31/2025,Active,29,F,34,62,1180542.261,1084967.428,0.043115549,0.089207469,0.077643713,,account_balance,0.06,RP-2014,MP-2021,0.077502184,0.037262648,0.072509728,0.146980806,0.368705171,0.482595806,0.001718217,20232333.97,20232333.97,1,15.96084794,0,0,0.0005,rate_up_100bps,100,0,-50,2856263.751,2283476.594,3881216.143,IN,INR
M02321,P006,DC,12/31/2025,Active,56,M,4,68,1476398.982,1318768.418,0.058077793,0.075803719,0.177176481,,account_balance,0.09724536,IALM_2012-14_Ultimate,None,0.069435669,0.030074206,0.065932964,0.333990027,0.304878171,0.055720577,0.305411226,1516264.076,1516264.076,1,15.16586973,0,0,0.0083,baseline,0,0,0,0,173716.0454,295264.476,IN,INR
M02322,P004,Hybrid,12/31/2025,Active,54,M,9,68,869218.2015,816458.4615,0.03180436,0.056589696,0.055839529,0.051402133,cash_balance,0.067371192,IALM_2012-14_Ultimate,MP-2021,0.083441452,0.043146574,0.089525585,0.413296436,0.433173765,0.125402752,0.028127047,440317.4933,480368.0181,0.91662533,17.39233136,0,0,0.0077,equity_down_20,0,-0.2,0,-36396.3301,63701.62753,108273.4046,IN,INR
M02323,P004,Hybrid,12/31/2025,Active,36,M,17,61,1054472.101,964831.3257,0.045422515,0.003605976,0.083668717,0.056703419,cash_balance,0.059013194,IALM_2012-14_Ultimate,MP-2020,0.060593946,0.056720628,0.090265511,0.762696685,0.193409936,0.038915717,0.004977662,1113533.86,1298039.9,0.857857959,11.18722296,0,0,0.0023,baseline,0,0,0,0,280353.8939,476516.4057,IN,INR
M02324,P002,DB,12/31/2025,Active,46,M,13,67,1029121.987,944694.0578,0.043729207,0.008524925,0.147194532,0.01240423,final_average,0.097344078,RP-2010,MP-2021,0.058422975,0.030754393,0.093117299,0.184144014,0.631078601,0.159987314,0.024790071,1404101.787,1692875.444,0.829418249,11.11272737,0,0,0.0053,rate_down_100bps,-100,0,50,-143819.7031,129813.9797,220644.3083,IN,INR
M02325,P005,DB,12/31/2025,Active,39,M,17,63,669924.826,593241.5507,0.06266715,0.070508403,0.128388816,0.012532356,career_average,0.030053944,IAM-2012,MP-2021,0.082115804,0.058697924,0.060217667,0.434338596,0.101139777,0.333654272,0.130867355,937797.6389,1190575.854,0.787684074,9.419847106,0,0,0.0032,rate_down_100bps,-100,0,50,-107407.9929,147868.8091,251332.0305,IN,INR
M02326,P006,DC,12/31/2025,Active,46,F,10,65,1210396.893,1059816.4,0.068682216,0.077356664,0.138554512,,account_balance,0.155555556,RP-2010,MI-2012,0.067768163,0.035373691,0.074059339,0.274580708,0.627097686,0.013666405,0.084655202,3270748.388,3270748.388,1,15.33294113,0,0,0.0053,baseline,0,0,0,0,358306.4851,609012.1169,IN,INR
M02327,P005,DB,12/31/2025,Deferred,59,F,21,63,836432.565,760935.2512,0.048435251,0.081398067,0.133292389,0.010367321,career_average,0.106666667,RP-2010,None,0.060969225,0.05156623,0.06023231,0.321318616,0.538694106,0.134738707,0.005248571,2682921.072,2685452.641,0.999057303,16.2100349,0,0,0.0092,high_inflation,150,-0.05,300,501470.0584,325395.2709,553073.0562,IN,INR
M02328,P001,DB,12/31/2025,Active,50,M,12,67,2243613.479,1985577.591,0.062993451,0.047424151,0.104345441,0.017304045,final_average,0.030477679,RP-2010,MP-2021,0.066730392,0.053559852,0.0803086,0.386206376,0.311297755,0.28520245,0.017293419,4557710.512,4674283.366,0.975060807,11.33703021,0,0,0.0065,baseline,0,0,0,0,648708.2591,1102606.865,IN,INR
M02329,P004,Hybrid,12/31/2025,Active,49,M,14,61,783450.5215,699922.9989,0.057987788,0.085980748,0.119272071,0.076785609,cash_balance,0.04293392,VBT-2015,MP-2020,0.067010941,0.052053465,0.096360309,0.310511341,0.613653555,0.046713588,0.029121516,928018.3459,1018387.064,0.911262897,16.11624909,0,0,0.0062,high_inflation,150,-0.05,300,189069.5511,110547.2043,187896.6463,IN,INR
M02330,P001,DB,12/31/2025,Active,40,F,5,64,543541.5142,475909.9751,0.06869544,0.016683829,0.07307531,0.024923779,final_average,0.023162922,VBT-2015,None,0.072884306,0.040175268,0.07631561,0.196670864,0.674879707,0.127388809,0.001060621,1029881.862,912194.2985,1.129015894,15.38079051,0,0,0.0035,rate_up_100bps,100,0,-50,105550.3757,99083.11891,168411.1857,IN,INR
M02331,P002,DB,12/31/2025,Active,29,M,11,63,1630157.68,1444166.41,0.062444341,0.024971641,0.149813547,0.021373417,final_average,0.055763088,VBT-2015,MI-2012,0.051506653,0.051114369,0.094946536,0.538695771,0.334871472,0.121682556,0.0047502,4402288.362,4708958.286,0.934875209,13.86886618,0,0,0.0005,high_inflation,150,-0.05,300,750478.9193,800686.4664,1360923.623,IN,INR
M02332,P001,DB,12/31/2025,Active,42,M,17,63,704391.2774,659978.798,0.033099123,0.013450215,0.06355466,0.023412066,final_average,0.090241699,RP-2010,MP-2020,0.059917962,0.044189227,0.097903152,0.351703029,0.482225103,0.155221279,0.010850589,4355921.1,3672522.608,1.186084217,13.98124473,0,0,0.0041,baseline,0,0,0,0,561104.5015,953707.104,IN,INR
M02333,P004,Hybrid,12/31/2025,Active,56,M,13,65,570357.4906,509025.7664,0.058531269,0.079753726,0.100800888,0.077143082,cash_balance,0.066567406,RP-2014,MP-2020,0.068675763,0.034565914,0.069514659,0.228050383,0.457773557,0.20619078,0.10798528,618303.609,680736.854,0.908285787,15.34586694,0,0,0.0083,high_inflation,150,-0.05,300,128419.0108,59724.85166,101514.0944,IN,INR
M02334,P004,Hybrid,12/31/2025,Active,29,M,12,62,1172193.785,1060344.422,0.051419989,0.022867512,0.063847401,0.113063174,cash_balance,0.084148653,VBT-2015,MP-2020,0.071691723,0.036027893,0.060406202,0.367162201,0.503470205,0.084881688,0.044485906,1908403.12,1897705.787,1.005636982,17.9834049,0,0,0.0005,rate_down_100bps,-100,0,50,-293230.9099,251318.6078,427165.2447,IN,INR
M02335,P001,DB,12/31/2025,Active,33,F,14,65,1793397.569,1688293.271,0.030657442,0.015551124,0.043448526,0.01211237,final_average,0.009581584,VBT-2015,MP-2021,0.056350224,0.030780886,0.089582767,0.402509882,0.481035836,0.005271444,0.111182838,3765793.348,3398793.619,1.10797941,11.87188693,0,0,0.0014,baseline,0,0,0,0,529829.7335,900549.5045,IN,INR
M02336,P003,DC,12/31/2025,Active,45,M,12,68,1372036.228,1268396.512,0.040052518,0.075159349,0.170923675,,account_balance,0.050283509,RP-2010,MP-2020,0.057744897,0.039959111,0.083160412,0.485288138,0.440939852,0.023048503,0.050723507,6048875.049,6048875.049,1,9.654182523,0,0,0.005,rate_up_100bps,100,0,-50,450609.9342,1001389.472,1702057.729,IN,INR
M02337,P003,DC,12/31/2025,Active,34,M,10,66,761247.5653,668809.9717,0.06687021,0.051766879,0.172615958,,account_balance,0.023954636,IAM-2012,None,0.079104117,0.051839685,0.073885958,0.350711943,0.50258932,0.117957611,0.028741126,2143301.127,2143301.127,1,15.2959377,0,0,0.0017,equity_down_20,0,-0.2,0,-150336.2606,273778.0031,465339.39,IN,INR
M02338,P003,DC,12/31/2025,Active,36,M,18,66,1043250.121,916273.3292,0.067042455,0.048023757,0.064882852,,account_balance,0.01626158,RP-2014,MP-2021,0.081422286,0.059071449,0.074704152,0.203302687,0.640327964,0.151539119,0.00483023,3561371.328,3561371.328,1,9.259640978,0,0,0.0023,rate_up_100bps,100,0,-50,215747.9163,344606.5223,585726.3443,IN,INR
M02339,P001,DB,12/31/2025,Active,40,F,10,63,865171.2664,767168.3231,0.061954018,0.010671765,0.097041417,0.018822243,final_average,0.136400903,IALM_2012-14_Ultimate,MP-2020,0.0530057,0.034006746,0.06323909,0.156643515,0.738614704,0.069564461,0.03517732,2056416.055,2462516.863,0.835087095,17.05364315,0,0,0.0035,rate_down_100bps,-100,0,50,-344003.8816,185755.1502,315727.2948,IN,INR
M02340,P003,DC,12/31/2025,Active,30,M,5,63,2078973.271,1818331.99,0.069271184,0.103841241,0.11100796,,account_balance,0.109600701,IALM_2012-14_Ultimate,MI-2012,0.089603203,0.040598426,0.094842694,0.093947387,0.445655546,0.254705625,0.205691442,2449944.459,2449944.459,1,17.75435002,0,0,0.0005,equity_down_20,0,-0.2,0,-46033.17584,180525.3152,306838.1649,IN,INR
M02341,P005,DB,12/31/2025,Active,34,M,25,64,808723.3711,716699.0987,0.062261809,0.069699015,0.044796135,0.015054526,final_average,0.080375013,RP-2014,MP-2021,0.067324954,0.035444956,0.069682582,0.122426452,0.747659787,0.04548467,0.084429091,4639525.188,4191204.159,1.106967118,15.53799045,0,0,0.0017,rate_up_100bps,100,0,-50,477789.5813,392319.6518,666824.162,IN,INR
M02342,P001,DB,12/31/2025,Active,51,F,7,60,1029464.298,969600.219,0.030408167,0.056223532,0.082821693,0.010294047,career_average,0.103124586,RP-2010,MP-2021,0.073430038,0.052826615,0.063884178,0.262518518,0.307413222,0.428528392,0.001539868,969454.9748,844524.55,1.147929891,12.08746986,0,0,0.0068,rate_up_100bps,100,0,-50,87180.48657,120835.7666,205384.075,IN,INR
M02343,P001,DB,12/31/2025,Active,31,F,4,67,1062528.197,979514.2584,0.041513374,0.020987511,0.127440473,0.018895306,final_average,0.132038503,IAM-2012,MP-2021,0.073746035,0.057587514,0.091181365,0.259552968,0.621507732,0.11044429,0.00849501,857915.8818,816693.1204,1.050475216,11.03149121,0,0,0.0008,baseline,0,0,0,0,92122.05669,156579.4957,IN,INR
M02344,P002,DB,12/31/2025,Active,28,F,15,62,584143.7182,549304.1398,0.031224967,0.023300495,0.067817219,0.01029965,career_average,0.041116082,IAM-2012,MP-2020,0.06384087,0.033420042,0.079402981,0.567073999,0.325708692,0.075546896,0.031670413,977856.5839,847973.7548,1.153168454,9.992077801,0,0,0.0005,high_inflation,150,-0.05,300,75482.21461,185698.803,315631.5216,IN,INR
M02345,P006,DC,12/31/2025,Active,38,F,27,66,902737.6624,844731.1038,0.033764319,0.042366735,0.132204514,,account_balance,0.062444975,IALM_2012-14_Ultimate,None,0.071791624,0.057107596,0.090515875,0.347994621,0.569084794,0.079302163,0.003618423,12825870.78,12825870.78,1,9.053548088,0,0,0.0029,rate_up_100bps,100,0,-50,796245.977,1647911.84,2800949.244,IN,INR
M02346,P004,Hybrid,12/31/2025,Active,51,M,16,61,909389.9113,842800.9582,0.038753633,0.050182012,0.089259791,0.090995243,cash_balance,0.046230448,IAM-2012,MP-2021,0.073336083,0.038144788,0.096074994,0.291782271,0.644425971,0.057474871,0.006316888,1696874.42,1789730.269,0.948117406,12.87397692,0,0,0.0068,high_inflation,150,-0.05,300,238845.0533,196351.253,333737.4488,IN,INR
M02347,P004,Hybrid,12/31/2025,Active,42,M,23,66,1829543.299,1658999.874,0.050142342,0.069852836,0.133527758,0.050216863,cash_balance,0.089656387,IALM_2012-14_Ultimate,MP-2021,0.080430513,0.036691904,0.075285079,0.145244356,0.661233377,0.188715079,0.004807188,3295521.685,3467364.853,0.950439837,14.82401206,0,0,0.0041,rate_up_100bps,100,0,-50,405047.1375,293478.06,498823.499,IN,INR
M02348,P003,DC,12/31/2025,Active,39,M,6,62,1074980.438,949725.0616,0.06390128,0.04077807,0.141597128,,account_balance,0.173333333,VBT-2015,MP-2021,0.076471697,0.031699032,0.062178849,0.490463397,0.161655428,0.291997132,0.055884043,1245397.166,1245397.166,1,12.38723294,0,0,0.0032,equity_down_20,0,-0.2,0,-122164.345,214322.8979,364283.7827,IN,INR
M02349,P004,Hybrid,12/31/2025,Active,44,M,5,60,830476.4892,732914.6705,0.06447867,0.023771803,0.042024304,0.068562486,cash_balance,0.052126996,RP-2010,None,0.067867085,0.032414048,0.070129578,0.291240315,0.649002756,0.057562816,0.002194113,239555.1731,280310.0319,0.854607919,12.94376535,0,0,0.0047,high_inflation,150,-0.05,300,39275.20538,27744.44258,47157.11943,IN,INR
M02350,P001,DB,12/31/2025,Active,27,F,9,65,922365.3171,829254.4985,0.054648074,0.09704028,0.133820518,0.023846657,final_average,0.148797259,IAM-2012,MP-2020,0.057653224,0.032076743,0.062042799,0.283886539,0.525798098,0.16876729,0.021548073,2995039.262,2699348.597,1.109541489,15.1670499,0,0,0.0005,rate_down_100bps,-100,0,50,-330672.2514,335210.6932,569756.2907,IN,INR
M02351,P004,Hybrid,12/31/2025,Active,49,F,20,63,955383.6817,838968.3391,0.067127038,0.056564756,0.129847917,0.058861287,cash_balance,0.096854747,RP-2010,MI-2012,0.051006401,0.043392366,0.065966191,0.644451147,0.16825347,0.139054301,0.048241082,1181054.107,1376071.695,0.858279486,12.68130192,0,0,0.0062,equity_down_20,0,-0.2,0,-152226.3348,253264.4684,430472.6162,IN,INR
M02352,P006,DC,12/31/2025,Active,48,F,15,65,967517.5225,877562.7465,0.050002493,0.067354417,0.116190735,,account_balance,0.025130651,VBT-2015,None,0.076074156,0.049759317,0.093957882,0.12536365,0.484973501,0.330304662,0.059358187,4738237.98,4738237.98,1,15.96073948,0,0,0.0059,rate_up_100bps,100,0,-50,641361.8266,430231.7884,731263.2708,IN,INR
M02353,P004,Hybrid,12/31/2025,Active,40,M,15,64,1494561.478,1316305.787,0.065561442,0.040609004,0.085926962,0.061850239,cash_balance,0.029537092,RP-2014,MP-2021,0.069108195,0.035532622,0.097656808,0.192720517,0.686396269,0.0856327,0.035250514,1562351.411,1705680.656,0.915969473,14.78108322,0,0,0.0035,equity_down_20,0,-0.2,0,-60219.43431,147358.6176,250464.86,IN,INR
M02354,P006,DC,12/31/2025,Active,54,F,12,61,1529448.481,1392122.732,0.04816261,0.070972616,0.06497175,,account_balance,0.027782554,RP-2014,MP-2020,0.08862099,0.036529166,0.087076523,0.240661068,0.551399328,0.170329226,0.037610378,3747836.907,3747836.907,1,15.04259272,0,0,0.0077,rate_down_100bps,-100,0,50,-460444.104,381503.9998,648440.8411,IN,INR
M02355,P005,DB,12/31/2025,Active,33,F,9,67,630446.6141,581664.5561,0.041089,0.021408747,0.087449048,0.012998894,career_average,0.084148118,RP-2014,MP-2020,0.053932675,0.035186906,0.089272887,0.145649003,0.508004055,0.34001752,0.006329422,1020598.462,991731.809,1.029107317,14.573798,0,0,0.0014,equity_down_20,0,-0.2,0,-29729.82963,98503.54525,167426.0866,IN,INR
M02356,P001,DB,12/31/2025,Active,55,M,12,64,1592127.697,1399357.615,0.066656517,0.093343999,0.118394824,0.017979633,career_average,0.039847063,IALM_2012-14_Ultimate,None,0.052904928,0.054196751,0.089259427,0.54552866,0.234630175,0.119537967,0.100303199,3113952.312,3042576.587,1.023458974,10.07745174,0,0,0.008,equity_down_20,0,-0.2,0,-339750.0461,568315.5776,965963.7416,IN,INR
M02357,P006,DC,12/31/2025,Active,46,F,10,65,1380707.156,1263103.804,0.045517403,0.046543929,0.136022155,,account_balance,0.027836844,IALM_2012-14_Ultimate,MP-2021,0.057251139,0.034115397,0.06493423,0.399362773,0.522061267,0.027156703,0.051419257,3158443.237,3158443.237,1,15.15671299,0,0,0.0053,baseline,0,0,0,0,446089.7766,758217.0307,IN,INR
M02358,P001,DB,12/31/2025,Active,41,M,8,64,961522.9494,871903.5072,0.050136164,0.019914712,0.13686499,0.010475995,flat,0.109731812,RP-2014,MP-2021,0.065073355,0.032202153,0.061884501,0.300319856,0.645933849,0.045718853,0.008027443,1011755.732,1047134.919,0.966213345,14.33009092,0,0,0.0038,baseline,0,0,0,0,119320.5828,202808.723,IN,INR
M02359,P003,DC,12/31/2025,Active,44,M,14,64,507228.1183,466128.9871,0.043154425,0.094979073,0.077843077,,account_balance,0.120078475,VBT-2015,MP-2020,0.057006987,0.031101503,0.087935974,0.639096518,0.232135746,0.104355642,0.024412094,2034496.335,2034496.335,1,14.16838713,0,0,0.0047,baseline,0,0,0,0,432347.8939,734860.0069,IN,INR
M02360,P001,DB,12/31/2025,Active,43,F,9,63,1083480.516,970668.6447,0.056513504,0.076231539,0.133121122,0.023760972,final_average,0.041164805,IALM_2012-14_Ultimate,None,0.068553844,0.031204511,0.061496669,0.584691798,0.26856597,0.135355465,0.011386767,3069522.015,2986070.316,1.027946997,14.38541238,0,0,0.0044,baseline,0,0,0,0,601660.374,1022639.76,IN,INR
M02361,P001,DB,12/31/2025,Active,56,F,13,62,839637.7962,733644.6906,0.069801249,0.020850605,0.042174886,0.017879951,final_average,0.081365607,RP-2014,MP-2021,0.063588317,0.046400185,0.092470193,0.388904403,0.551771962,0.039070499,0.020253136,2729489.062,3049664.565,0.895012879,17.88366905,0,0,0.0083,rate_down_100bps,-100,0,50,-470089.1412,380140.1349,646122.6853,IN,INR
M02362,P003,DC,12/31/2025,Active,33,M,2,64,1263880.158,1188970.993,0.031020542,0.107441148,0.060246842,,account_balance,0.126346707,RP-2010,MP-2021,0.089979719,0.032819557,0.083645517,0.438726552,0.409127558,0.142539307,0.009606583,432106.1573,432106.1573,1,12.92453565,0,0,0.0014,equity_down_20,0,-0.2,0,-37915.28891,65896.79985,112004.5303,IN,INR
M02363,P002,DB,12/31/2025,Active,36,M,12,63,1317137.697,1159102.184,0.06599392,0.069979394,0.095792034,0.015833476,final_average,0.124292849,RP-2014,None,0.088668126,0.036672798,0.064540413,0.313491839,0.649546153,0.003187777,0.033774231,1845199.07,2192320.88,0.841664688,9.954624456,0,0,0.0023,baseline,0,0,0,0,224086.784,380879.4214,IN,INR
M02364,P003,DC,12/31/2025,Active,54,F,9,63,1782600.895,1679760.052,0.030157042,0.112341305,0.119349996,,account_balance,0.16,RP-2014,MP-2020,0.064592636,0.054980306,0.08637172,0.142570484,0.798442362,0.057625408,0.001361746,5085135.351,5085135.351,1,13.61586072,0,0,0.0077,rate_up_100bps,100,0,-50,489375.5726,469927.2437,798733.4792,IN,INR
M02365,P003,DC,12/31/2025,Active,38,F,24,65,610763.7708,559756.1913,0.044569115,0.07526979,0.158237063,,account_balance,0.011344281,RP-2010,MP-2021,0.081683978,0.059043237,0.084252282,0.423160791,0.538433465,0.024099535,0.014306209,8280830.863,8280830.863,1,10.34950433,0,0,0.0029,high_inflation,150,-0.05,300,775930.5416,1234624.022,2098485.571,IN,INR
M02366,P001,DB,12/31/2025,Active,53,F,4,65,2577331.86,2397877.833,0.036744272,0.070669959,0.086661605,0.013134845,flat,0.079362157,IALM_2012-14_Ultimate,MP-2020,0.059665907,0.055825737,0.075052382,0.512481966,0.110309154,0.170082214,0.207126665,1806124.591,2048131.278,0.881840247,16.25720161,0,0,0.0074,rate_down_100bps,-100,0,50,-323007.2273,311186.1496,528921.8689,IN,INR
M02367,P001,DB,12/31/2025,Retired,61,M,12,60,1473099.581,1310327.234,0.060293671,0.096480592,0.04132352,0.022777285,final_average,0.056288912,RP-2010,MI-2012,0.052309866,0.058788078,0.092708805,0.48500779,0.362311164,0.130304265,0.02237678,3469690.793,4027960.757,0.86140134,11.24662641,358148.3558,0,0.0098,rate_up_100bps,100,0,-50,390154.3128,574360.6787,976238.576,IN,INR
M02368,P003,DC,12/31/2025,Active,40,M,18,63,1357849.669,1274887.115,0.032024434,0.080408994,0.089663715,,account_balance,0.003612076,IALM_2012-14_Ultimate,None,0.051619522,0.05011354,0.072184333,0.082671119,0.233869634,0.436456531,0.247002716,7308091.505,7308091.505,1,17.96097174,0,0,0.0035,equity_down_20,0,-0.2,0,-120833.6206,682125.3668,1159405.791,IN,INR
M02369,P002,DB,12/31/2025,Active,51,M,10,63,2332343.154,2106909.498,0.052139398,0.087859042,0.132611284,0.023346717,final_average,0.155555556,VBT-2015,MP-2021,0.051167083,0.059616493,0.075116388,0.476718598,0.133928315,0.383858977,0.005494111,4916676.584,5213272.253,0.943107581,10.59836077,0,0,0.0068,equity_down_20,0,-0.2,0,-468774.2332,858876.3132,1459828.676,IN,INR
M02370,P005,DB,12/31/2025,Active,32,M,9,61,1136003.472,1046678.771,0.041797045,0.002180706,0.118516677,0.014906803,final_average,0.04050171,IALM_2012-14_Ultimate,MP-2021,0.079437406,0.044890315,0.08786492,0.196459522,0.584035666,0.16217732,0.057327492,1900437.665,1741568.895,1.09122164,12.40224263,0,0,0.0011,baseline,0,0,0,0,175483.0366,298267.824,IN,INR
M02371,P004,Hybrid,12/31/2025,Active,52,M,18,62,1567733.071,1462515.307,0.03534681,0.028820296,0.075394986,0.067310068,cash_balance,0.052905652,IAM-2012,MP-2021,0.063688907,0.053840648,0.090081248,0.107981551,0.765073474,0.007794912,0.119150063,2390165.422,2566496.836,0.931294903,10.31545576,0,0,0.0071,baseline,0,0,0,0,199553.4316,339180.1791,IN,INR
M02372,P005,DB,12/31/2025,Active,46,M,15,61,1062778.358,944313.3548,0.060872728,0.004865578,0.149255256,0.015787074,final_average,0.039520713,IALM_2012-14_Ultimate,None,0.082953396,0.059149884,0.070942444,0.201003701,0.374248101,0.312553755,0.112194443,2599550.995,2856311.204,0.910107761,12.7731051,0,0,0.0053,baseline,0,0,0,0,254008.271,431736.8546,IN,INR
M02373,P004,Hybrid,12/31/2025,Active,49,M,15,68,1437431.657,1332323.609,0.038696673,0.065120396,0.109552197,0.060298378,cash_balance,0.041855327,IAM-2012,MP-2020,0.084953357,0.051278737,0.060671448,0.127800062,0.818928152,0.041682484,0.011589302,1855727.139,1811598.501,1.024358951,13.35648875,0,0,0.0062,baseline,0,0,0,0,169764.2708,288547.6603,IN,INR
M02374,P003,DC,12/31/2025,Active,38,M,8,65,1660655.768,1538483.435,0.038947008,0.108757262,0.066366212,,account_balance,0.164444444,IALM_2012-14_Ultimate,MI-2012,0.062220212,0.0587016,0.067052151,0.39718497,0.258964623,0.322868155,0.020982253,2794278.939,2794278.939,1,15.69023556,0,0,0.0029,baseline,0,0,0,0,412486.3445,701101.4099,IN,INR
M02375,P004,Hybrid,12/31/2025,Active,27,F,8,61,1585670.063,1463217.226,0.041003071,0.084570686,0.110363686,0.119623954,cash_balance,0.043853519,RP-2010,MP-2021,0.061565744,0.037609338,0.070527863,0.340865648,0.474568616,0.082360189,0.102205547,1770742.519,1642134.286,1.078317732,9.012539978,0,0,0.0005,rate_up_100bps,100,0,-50,105981.0677,217142.28,369075.8752,IN,INR
M02376,P002,DB,12/31/2025,Active,49,M,13,60,498623.5191,449291.1473,0.053470671,0.064659168,0.148729955,0.012445087,flat,0.136488041,IALM_2012-14_Ultimate,MP-2021,0.062317122,0.039008264,0.09620029,0.364380023,0.488160878,0.01832065,0.12913845,698213.3883,805194.03,0.867136817,11.07723561,0,0,0.0062,baseline,0,0,0,0,90257.43591,153410.2072,IN,INR
M02377,P002,DB,12/31/2025,Active,23,M,18,65,817316.8041,732393.7511,0.056386637,0.00288154,0.128563172,0.017483702,career_average,0.074856354,RP-2014,MP-2020,0.069017948,0.041917204,0.095744422,0.374629258,0.462640997,0.079128678,0.083601067,2847820.653,2634330.142,1.081041669,11.42930106,0,0,0.0005,rate_down_100bps,-100,0,50,-235209.5937,376970.8206,640735.8142,IN,INR
M02378,P005,DB,12/31/2025,Active,41,M,4,63,1668292.117,1570377.592,0.030704101,0.071477737,0.092330786,0.014149438,career_average,0.03479245,IALM_2012-14_Ultimate,MP-2021,0.05063779,0.043937603,0.086427906,0.490664663,0.252524259,0.066241652,0.190569425,1319689.575,1280357.537,1.030719573,14.40548829,0,0,0.0038,rate_down_100bps,-100,0,50,-167779.0736,216289.1969,367625.8934,IN,INR
M02379,P003,DC,12/31/2025,Active,53,M,10,65,1232014.635,1139779.506,0.039674785,0.1176513,0.111459361,,account_balance,0.155555556,RP-2010,MP-2020,0.050433707,0.056922141,0.088372788,0.558862,0.127252025,0.09096069,0.222925285,3987994.19,3987994.19,1,11.49475084,0,0,0.0074,rate_up_100bps,100,0,-50,433035.9788,738588.5706,1255376.075,IN,INR
M02380,P005,DB,12/31/2025,Active,46,M,8,67,962950.1575,878036.0187,0.047238834,0.066112101,0.111858579,0.014542376,career_average,0.164444444,RP-2010,None,0.07941904,0.056635874,0.084850115,0.431694659,0.269557003,0.157724187,0.141024151,1345823.597,1366924.961,0.984562895,13.38156742,0,0,0.0053,baseline,0,0,0,0,198956.3312,338165.29,IN,INR
M02381,P005,DB,12/31/2025,Retired,63,F,11,64,1237300.495,1136774.153,0.043279078,0.003052422,0.100826617,0.016769128,final_average,0.109804895,IALM_2012-14_Ultimate,MP-2021,0.082328335,0.049738805,0.091167403,0.424620407,0.39323595,0.172993052,0.009150592,2129926.784,2807743.419,0.758590251,13.38998414,209689.8242,0,0.0104,high_inflation,150,-0.05,300,455896.795,317271.0826,539264.4055,IN,INR
M02382,P005,DB,12/31/2025,Active,54,F,17,62,599191.9961,527919.452,0.065366826,0.085791955,0.105522071,0.024159797,final_average,0.124444444,IALM_2012-14_Ultimate,MI-2012,0.058165089,0.036969053,0.07404801,0.451028577,0.215933931,0.059542649,0.273494843,3255032.603,3532954.275,0.921334484,16.29401629,0,0,0.0077,rate_down_100bps,-100,0,50,-540516.5457,489682.186,832310.8767,IN,INR
M02383,P006,DC,12/31/2025,Active,37,M,6,65,1402708.171,1244859.958,0.061508349,0.051798762,0.098370855,,account_balance,0.032125284,IALM_2012-14_Ultimate,None,0.073755083,0.037211318,0.081868243,0.160913266,0.77304541,0.039988755,0.026052569,1420289.706,1420289.706,1,16.88306788,0,0,0.0026,rate_up_100bps,100,0,-50,184891.0533,132375.3774,224997.906,IN,INR
M02384,P003,DC,12/31/2025,Active,44,M,16,67,1163748.216,1045501.818,0.055035609,0.055005853,0.083759407,,account_balance,0.039557524,VBT-2015,MP-2021,0.058640312,0.048952298,0.08682636,0.242765924,0.678469391,0.072348638,0.006416047,4518630.545,4518630.545,1,17.79328882,0,0,0.0047,baseline,0,0,0,0,475369.6551,807983.9244,IN,INR
M02385,P002,DB,12/31/2025,Active,44,M,9,64,1023115.037,939553.4708,0.043521697,0.032863026,0.096971589,0.017002221,career_average,0.065234267,IAM-2012,MP-2021,0.079368537,0.045101639,0.078737161,0.268896184,0.612393034,0.113777648,0.004933133,2006534.746,2381869.005,0.842420276,16.56716578,0,0,0.0047,baseline,0,0,0,0,219660.1817,373355.5429,IN,INR
M02386,P004,Hybrid,12/31/2025,Active,28,F,20,65,908445.0413,811531.2433,0.058026894,0.047982018,0.130714008,0.103031419,cash_balance,0.008277844,IALM_2012-14_Ultimate,None,0.066820689,0.037755984,0.090906755,0.140548563,0.794728574,0.056299489,0.008423375,2277964.715,2573837.456,0.885046066,16.90162561,0,0,0.0005,rate_up_100bps,100,0,-50,344502.1881,208959.0254,355166.8299,IN,INR
M02387,P003,DC,12/31/2025,Active,35,M,7,63,1092496.633,965482.972,0.063745521,0.11753133,0.100711031,,account_balance,0.034090273,IALM_2012-14_Ultimate,MP-2021,0.082910193,0.035047117,0.097303502,0.383212403,0.505410197,0.110226925,0.001150476,2041387.193,2041387.193,1,17.7387886,0,0,0.002,high_inflation,150,-0.05,300,426681.4508,280326.6714,476470.1356,IN,INR
M02388,P004,Hybrid,12/31/2025,Active,38,M,18,63,870285.9257,783702.3772,0.053793215,0.025205935,0.044238704,0.071690262,cash_balance,0.12,IAM-2012,MP-2021,0.08794158,0.051678764,0.086552015,0.366963789,0.280783715,0.297237894,0.055014602,1540899.27,1676939.096,0.918876109,16.44684032,0,0,0.0029,equity_down_20,0,-0.2,0,-113090.847,211207.6163,358988.7508,IN,INR
M02389,P004,Hybrid,12/31/2025,Active,24,F,5,65,851072.8351,755485.5995,0.061378459,0.010096381,0.05946651,0.10030963,cash_balance,0.148505036,RP-2014,MP-2020,0.072218078,0.054396951,0.06298683,0.204145842,0.633478236,0.014798353,0.147577569,431253.7524,425608.896,1.013263013,10.84173241,0,0,0.0005,rate_up_100bps,100,0,-50,32483.88429,39606.65004,67319.26658,IN,INR
M02390,P004,Hybrid,12/31/2025,Active,44,F,12,67,2202249.558,1960126.671,0.059964198,0.086463637,0.033198927,0.063670982,cash_balance,0.114321739,VBT-2015,MP-2021,0.086026701,0.037839146,0.08440946,0.186765179,0.517061418,0.261409751,0.034763651,2051327.612,2083382.156,0.984614179,16.13128148,0,0,0.0047,rate_down_100bps,-100,0,50,-283043.1218,195072.1699,331563.3964,IN,INR
M02391,P003,DC,12/31/2025,Active,42,F,16,64,482175.0784,434966.3658,0.052869492,0.111416505,0.077463535,,account_balance,0.116097846,VBT-2015,MI-2012,0.051351649,0.042747676,0.087852617,0.265063172,0.487080108,0.103903726,0.143952994,2578233.303,2578233.303,1,15.38586879,0,0,0.0041,baseline,0,0,0,0,262199.2005,445658.945,IN,INR
M02392,P001,DB,12/31/2025,Active,27,F,7,65,486656.6106,447796.8738,0.042487329,0.091099702,0.056925056,0.022479194,final_average,0.08343093,RP-2014,MP-2021,0.068507651,0.051404825,0.071330055,0.25551653,0.687219299,0.057225147,3.90E-05,934008.4561,986671.9868,0.946625088,14.00273799,0,0,0.0005,high_inflation,150,-0.05,300,147168.762,101438.7815,172415.0962,IN,INR
M02393,P003,DC,12/31/2025,Active,48,F,2,62,1399580.587,1246018.35,0.059831286,0.10915245,0.149516561,,account_balance,0.025907491,IAM-2012,MP-2021,0.070139827,0.044076652,0.072870712,0.32302296,0.61303471,0.021921229,0.0420211,691586.0515,691586.0515,1,10.57045646,0,0,0.0059,baseline,0,0,0,0,84629.68609,143844.743,IN,INR
M02394,P001,DB,12/31/2025,Active,51,M,8,62,568706.0532,527552.5032,0.038271855,0.05082227,0.138569719,0.0166033,career_average,0.016248955,IAM-2012,MP-2021,0.066632503,0.058837712,0.083815357,0.46111902,0.075392245,0.463343638,0.000145098,538848.4501,660937.3634,0.815279147,9.432139433,0,0,0.0068,rate_down_100bps,-100,0,50,-60309.28398,95539.52645,162388.1556,IN,INR
M02395,P006,DC,12/31/2025,Active,46,M,11,64,399676.7248,354920.5344,0.061179534,0.050051278,0.103322648,,account_balance,0.0731921,RP-2010,MP-2020,0.062593691,0.033887976,0.088284537,0.341643926,0.386726707,0.075366526,0.196262841,953583.8097,953583.8097,1,10.95433099,0,0,0.0053,baseline,0,0,0,0,114122.326,193973.2665,IN,INR
M02396,P002,DB,12/31/2025,Active,41,F,9,62,1554120.183,1377484.858,0.062181868,0.090225497,0.097583832,0.021746735,final_average,0.045407484,IAM-2012,MP-2021,0.078918485,0.055630432,0.094857202,0.243002356,0.460715907,0.067437132,0.228844606,5010721.472,4554254.707,1.100228642,16.89249947,0,0,0.0038,equity_down_20,0,-0.2,0,-243523.4245,466045.3885,792135.5053,IN,INR
M02397,P001,DB,12/31/2025,Active,50,F,8,65,1735890.729,1536558.777,0.062885795,0.074983622,0.114726312,0.019088954,final_average,0.083482065,VBT-2015,MI-2012,0.072107289,0.039182203,0.090500879,0.402258868,0.548015424,0.03078176,0.018943948,2591446.214,2681256.08,0.966504555,11.42659916,0,0,0.0065,baseline,0,0,0,0,370833.7429,630304.6476,IN,INR
M02398,P001,DB,12/31/2025,Active,51,F,18,63,546551.5448,496762.9265,0.048916639,0.092415559,0.144352404,0.019234186,final_average,0.012176783,RP-2010,MP-2021,0.053296656,0.050611407,0.065358829,0.323142151,0.450427448,0.225176418,0.001253983,2330110.412,2239754.978,1.04034166,13.02281928,0,0,0.0068,rate_up_100bps,100,0,-50,239201.9588,287793.1268,489160.8404,IN,INR
M02399,P004,Hybrid,12/31/2025,Active,47,M,21,66,438933.1048,407619.8713,0.037699231,0.068322905,0.139551868,0.05948734,cash_balance,0.049023904,IALM_2012-14_Ultimate,MI-2012,0.0880285,0.037610851,0.073923657,0.359736353,0.346785904,0.201253475,0.092224268,789726.9341,919138.7804,0.859203149,17.9781761,0,0,0.0056,baseline,0,0,0,0,102237.1749,173772.1222,IN,INR
M02400,P004,Hybrid,12/31/2025,Active,36,M,20,66,568951.6268,532161.6246,0.033988944,0.018469378,0.036863076,0.075285951,cash_balance,0.058432412,IALM_2012-14_Ultimate,MP-2021,0.085500692,0.058994089,0.065950623,0.320475362,0.509673053,0.130511722,0.039339863,1485768.588,1384591.056,1.073073946,13.58542922,0,0,0.0023,high_inflation,150,-0.05,300,201552.1296,177743.8242,302110.4757,IN,INR
M02401,P002,DB,12/31/2025,Active,47,M,14,64,718586.0672,639859.5953,0.05973445,0.0308267,0.059779901,0.014468246,career_average,0.041920955,IALM_2012-14_Ultimate,MP-2020,0.064138734,0.031504028,0.090277651,0.231074571,0.354813796,0.349639142,0.06447249,2026882.552,2061723.001,0.983101295,15.90749145,0,0,0.0056,baseline,0,0,0,0,219902.2936,373767.0595,IN,INR
M02402,P001,DB,12/31/2025,Active,56,M,15,62,2329724.972,2052287.199,0.065450455,0.048684858,0.035897345,0.018640791,final_average,0.017292649,RP-2010,MP-2020,0.059847876,0.04540714,0.070657949,0.232906711,0.567196078,0.172056765,0.027840446,8410769.46,9270624.254,0.907249526,16.15530777,0,0,0.0083,high_inflation,150,-0.05,300,1790808.929,847752.4551,1440921.498,IN,INR
M02403,P003,DC,12/31/2025,Active,38,M,6,65,811479.0191,727648.8992,0.056033534,0.059070855,0.174485971,,account_balance,0.058798336,VBT-2015,MP-2020,0.07513888,0.057315398,0.0649403,0.187555593,0.640854289,0.166485736,0.005104382,1231520.028,1231520.028,1,16.9134017,0,0,0.0029,baseline,0,0,0,0,116106.4683,197345.7053,IN,INR
M02404,P002,DB,12/31/2025,Retired,65,F,10,68,1431646.827,1334480.573,0.035766402,0.092645944,0.115259198,0.014541988,flat,0.060801998,IAM-2012,MP-2020,0.051732304,0.044095214,0.0638492,0.46167243,0.487820583,0.047525373,0.002981613,2612139.013,2327875.384,1.122112906,11.99564745,194060.0033,0,0.011,rate_up_100bps,100,0,-50,215530.9653,416935.9806,708664.4388,IN,INR
M02405,P004,Hybrid,12/31/2025,Active,39,M,12,64,1362450.215,1195830.47,0.067395858,0.038395147,0.066994009,0.075210148,cash_balance,0.064082347,RP-2010,None,0.069839744,0.055210388,0.064579832,0.079768747,0.565038134,0.181395502,0.173797617,1488690.395,1413846.354,1.052936474,10.37275298,0,0,0.0032,rate_up_100bps,100,0,-50,104596.4477,106202.2043,180511.4671,IN,INR
M02406,P004,Hybrid,12/31/2025,Active,44,F,13,60,1785286.62,1560609.805,0.069564081,0.070307202,0.132462229,0.074632651,cash_balance,0.047532547,VBT-2015,MP-2020,0.076905014,0.058494859,0.069884744,0.408137906,0.528263891,0.053261282,0.010336921,1889104.064,2087382.056,0.905011164,16.99757039,0,0,0.0047,high_inflation,150,-0.05,300,418809.693,272840.0211,463745.1057,IN,INR
M02407,P003,DC,12/31/2025,Active,37,F,13,60,742894.0094,677260.1186,0.047335144,0.11652852,0.094344449,,account_balance,0.051931158,IAM-2012,MP-2021,0.066267411,0.032035054,0.091294196,0.552924444,0.198176583,0.189778673,0.0591203,3275983.933,3275983.933,1,14.48611186,0,0,0.0026,rate_down_100bps,-100,0,50,-442101.532,611820.0845,1039908.18,IN,INR
M02408,P002,DB,12/31/2025,Active,46,M,11,63,980102.7014,882593.974,0.053793012,0.015237406,0.149805782,0.013242882,final_average,0.118724179,RP-2014,None,0.088891662,0.044664219,0.069509113,0.367074322,0.631013833,0.001319776,0.000592069,1693290.81,1846565.71,0.916994614,14.36245312,0,0,0.0053,rate_down_100bps,-100,0,50,-211787.6383,230086.8606,391077.7277,IN,INR
M02409,P006,DC,12/31/2025,Active,27,M,14,62,892123.9423,792358.0142,0.061089141,0.115330474,0.131620405,,account_balance,0.137777778,VBT-2015,MI-2012,0.078754597,0.050592677,0.071254583,0.526640015,0.286418594,0.107983291,0.0789581,4435156.185,4435156.185,1,14.128211,0,0,0.0005,baseline,0,0,0,0,784356.207,1333167.146,IN,INR
M02410,P003,DC,12/31/2025,Active,39,M,13,66,1254312.337,1117481.081,0.059455592,0.104506318,0.12952597,,account_balance,0.096121148,RP-2014,MP-2020,0.08736267,0.054965325,0.095227749,0.179520213,0.425586306,0.179922885,0.214970596,6140986.756,6140986.756,1,9.315469957,0,0,0.0032,rate_up_100bps,100,0,-50,441385.7828,496119.3404,843252.0826,IN,INR
M02411,P004,Hybrid,12/31/2025,Active,33,F,12,66,1701716.111,1489930.996,0.068711488,0.073242178,0.066215189,0.071210469,cash_balance,0.091194166,IALM_2012-14_Ultimate,MP-2021,0.086315648,0.034894669,0.077692601,0.137853343,0.837028731,0.007781636,0.01733629,1775493.605,1773027.164,1.00139109,11.23876734,0,0,0.0014,baseline,0,0,0,0,167354.7356,284452.1829,IN,INR
M02412,P001,DB,12/31/2025,Active,45,F,7,62,2624201.7,2451637.132,0.034595324,0.029353834,0.033060912,0.014904066,final_average,0.078875708,IALM_2012-14_Ultimate,None,0.055267886,0.047003552,0.080353114,0.493228986,0.395067946,0.075608017,0.036095051,4617512.526,3849966.164,1.199364444,15.05212881,0,0,0.005,rate_up_100bps,100,0,-50,488290.3067,773704.0124,1315061.653,IN,INR
M02413,P003,DC,12/31/2025,Active,54,F,5,63,825890.1974,744520.5656,0.053228995,0.113833259,0.147828735,,account_balance,0.177777778,VBT-2015,None,0.076745169,0.034887653,0.060108892,0.253422238,0.626590494,0.119977447,9.82E-06,1127102.84,1127102.84,1,9.296944597,0,0,0.0077,equity_down_20,0,-0.2,0,-57126.58493,120009.6944,203980.0033,IN,INR
M02414,P001,DB,12/31/2025,Active,50,F,13,62,1049286.854,937967.7363,0.057677257,0.002713322,0.036332615,0.013074803,career_average,0.040784223,RP-2014,MP-2021,0.073867489,0.052661904,0.063284303,0.477603851,0.334408827,0.036848612,0.15113871,2544998.681,2305457.436,1.103901829,14.4607465,0,0,0.0065,baseline,0,0,0,0,409095.045,695337.2315,IN,INR
M02415,P003,DC,12/31/2025,Active,20,M,8,66,1454282.337,1280728.567,0.065603937,0.094655828,0.116018825,,account_balance,0.061990545,RP-2010,MP-2021,0.052193229,0.038539113,0.089623858,0.081429858,0.821552945,0.085564127,0.011453071,3042746.607,3042746.607,1,9.452085084,0,0,0.0005,baseline,0,0,0,0,264879.6602,450214.9118,IN,INR
M02416,P006,DC,12/31/2025,Retired,64,F,7,64,1296651.627,1143281.408,0.064964385,0.056909332,0.1776358,,account_balance,0.108242249,IAM-2012,MP-2021,0.062715484,0.038064541,0.073338524,0.122729411,0.640286547,0.236595997,0.000388044,2404673.481,2404673.481,1,9.076288149,160311.5654,0,0.0107,baseline,0,0,0,0,212448.7768,361098.3465,IN,INR
M02417,P003,DC,12/31/2025,Active,47,F,16,65,2130334.756,1863781.307,0.069119992,0.043178332,0.126547286,,account_balance,0.128888889,IALM_2012-14_Ultimate,MP-2021,0.071383141,0.053094055,0.065981532,0.293951739,0.382042682,0.303837217,0.020168363,8438393.557,8438393.557,1,17.02545726,0,0,0.0056,baseline,0,0,0,0,1011626.433,1719457.451,IN,INR
M02418,P001,DB,12/31/2025,Active,36,F,11,63,937959.9567,849974.9497,0.050483138,0.09995088,0.130953218,0.023538434,final_average,0.151111111,IALM_2012-14_Ultimate,None,0.07192618,0.055260226,0.077152248,0.846576814,0.096298364,0.030879204,0.026245619,2923750.462,3785018.467,0.772453421,17.19854176,0,0,0.0023,baseline,0,0,0,0,815003.8822,1385258.878,IN,INR
M02419,P001,DB,12/31/2025,Active,46,M,23,65,823363.4029,728344.3575,0.063230435,0.06050246,0.144131435,0.016899703,career_average,0.060126064,IALM_2012-14_Ultimate,MP-2021,0.082563106,0.04030009,0.061803908,0.167543541,0.488429414,0.277172349,0.066854696,3554238.543,3286988.147,1.081305555,11.61059455,0,0,0.0053,equity_down_20,0,-0.2,0,-119097.9425,324921.1122,552267.1305,IN,INR
M02420,P003,DC,12/31/2025,Active,46,F,15,63,1829097.502,1668275.534,0.047091268,0.076967746,0.139922813,,account_balance,0.037151503,IALM_2012-14_Ultimate,MP-2021,0.073505499,0.045033075,0.08837505,0.253417606,0.551468394,0.140355887,0.054758114,10243279.42,10243279.42,1,16.78429995,0,0,0.0053,high_inflation,150,-0.05,300,2025439.383,1058699.02,1799466.54,IN,INR
M02421,P001,DB,12/31/2025,Active,37,M,7,63,1128469.323,1029640.305,0.046892555,0.006666076,0.146392676,0.012740772,final_average,0.06878689,VBT-2015,MP-2021,0.068660259,0.050803817,0.063207695,0.258679369,0.469539491,0.224161412,0.047619729,862436.9962,888378.072,0.970799509,9.674276935,0,0,0.0026,rate_up_100bps,100,0,-50,65696.74352,91878.08602,156164.8198,IN,INR
M02422,P001,DB,12/31/2025,Active,46,F,16,65,1255580.087,1160555.431,0.040133935,0.038945118,0.105225711,0.015588625,final_average,0.019224405,VBT-2015,MP-2021,0.080078376,0.052355105,0.062194987,0.329991503,0.405697046,0.233033365,0.031278085,2788359.674,3677423.676,0.758237266,12.70427792,0,0,0.0053,baseline,0,0,0,0,347221.4405,590170.9104,IN,INR
M02423,P005,DB,12/31/2025,Active,38,M,14,64,952926.2201,843750.0497,0.062729491,0.066965112,0.079900215,0.023361813,final_average,0.133828684,RP-2014,MI-2012,0.072835599,0.05310354,0.076788039,0.3276719,0.366585746,0.27486745,0.030874904,3497478.598,3666972.285,0.953778302,13.28798827,0,0,0.0029,equity_down_20,0,-0.2,0,-229205.0915,440670.2489,749005.4808,IN,INR
M02424,P003,DC,12/31/2025,Active,40,M,7,63,1494338.012,1306598.042,0.069432604,0.041931262,0.111907349,,account_balance,0.078450318,RP-2010,MP-2021,0.085350264,0.041711633,0.083482976,0.353364723,0.523003596,0.039152081,0.0844796,1862870.713,1862870.713,1,12.67691571,0,0,0.0035,rate_down_100bps,-100,0,50,-187440.1459,237412.0579,403528.3367,IN,INR
M02425,P002,DB,12/31/2025,Active,37,M,8,62,667113.4396,616483.1027,0.040253669,0.048890284,0.065439422,0.013716716,flat,0.102502853,RP-2014,MP-2021,0.086218632,0.046090256,0.090555906,0.105974557,0.725446939,0.161471546,0.007106957,736657.8266,820947.2891,0.897326584,12.13539658,0,0,0.0026,baseline,0,0,0,0,63191.32858,107406.0515,IN,INR
M02426,P006,DC,12/31/2025,Active,30,M,16,63,801128.5804,751859.0437,0.032245264,0.074901542,0.151254809,,account_balance,0.119245564,RP-2010,None,0.074175512,0.033286413,0.062838447,0.384614637,0.485990568,0.077216931,0.052177864,4429995.122,4429995.122,1,14.50188009,0,0,0.0005,high_inflation,150,-0.05,300,716986.6339,603290.736,1025410.88,IN,INR
M02427,P001,DB,12/31/2025,Active,45,M,3,63,299028.2331,264822.4723,0.062621697,0.021604022,0.108785721,0.014708993,career_average,0.135050009,VBT-2015,None,0.072573424,0.05845655,0.07339279,0.234481974,0.192118461,0.553789913,0.019609651,140504.392,176298.2839,0.796969709,15.08651919,0,0,0.005,baseline,0,0,0,0,18987.02707,32272.17488,IN,INR
M02428,P006,DC,12/31/2025,Active,50,F,2,64,742362.3489,667218.5583,0.054809202,0.053721695,0.144327454,,account_balance,0.043541861,IALM_2012-14_Ultimate,MP-2020,0.078051204,0.051042477,0.070742634,0.37882132,0.589436571,0.030725496,0.001016613,282980.2911,282980.2911,1,17.6262425,0,0,0.0065,high_inflation,150,-0.05,300,56948.32022,38959.4955,66219.30056,IN,INR
M02429,P002,DB,12/31/2025,Active,49,M,12,67,1497355.081,1311797.614,0.068387952,0.096711835,0.046310163,0.017576266,career_average,0.049124632,RP-2014,MP-2021,0.079020505,0.041266578,0.089750336,0.596905719,0.250366347,0.111669981,0.041057952,2777311.805,2805488.624,0.989956538,10.139903,0,0,0.0062,baseline,0,0,0,0,553116.8498,940130.524,IN,INR
M02430,P006,DC,12/31/2025,Active,52,M,12,60,1005391.274,929380.6586,0.040089569,0.069152376,0.098795052,,account_balance,0.013170534,RP-2010,MP-2021,0.079086748,0.04168837,0.074777039,0.196896032,0.510521816,0.269172518,0.023409634,2887077.983,2887077.983,1,17.10353318,0,0,0.0071,equity_down_20,0,-0.2,0,-113690.84,282266.0776,479766.5367,IN,INR
M02431,P004,Hybrid,12/31/2025,Active,47,M,13,62,649680.9817,609022.2022,0.032841106,0.021342613,0.124541109,0.092094127,cash_balance,0.017219179,IAM-2012,None,0.07482826,0.032714522,0.085114154,0.402227492,0.467073065,0.045846821,0.084852622,1081956.579,996806.997,1.085422335,16.17637518,0,0,0.0056,high_inflation,150,-0.05,300,182209.7673,151940.9768,258253.4779,IN,INR
M02432,P005,DB,12/31/2025,Active,39,M,12,62,1873388.009,1700197.028,0.04969769,0.053620917,0.111109288,0.014130158,final_average,0.067491571,RP-2010,MP-2020,0.080512544,0.043707695,0.079575132,0.201207295,0.475611812,0.290022765,0.033158129,3806127.39,3328178.902,1.143606609,11.54460671,0,0,0.0032,rate_up_100bps,100,0,-50,293713.2078,378008.438,642499.4485,IN,INR
M02433,P006,DC,12/31/2025,Active,52,M,14,64,1047932.53,981252.4178,0.033418641,0.094380527,0.103142123,,account_balance,0.067855881,RP-2014,MP-2021,0.055764623,0.050190718,0.082786336,0.39024607,0.441520779,0.087295784,0.080937367,4735055.184,4735055.184,1,10.80230617,0,0,0.0071,high_inflation,150,-0.05,300,518054.0099,647197.5149,1100039.059,IN,INR
M02434,P002,DB,12/31/2025,Active,30,M,21,63,2109977.371,1949024.672,0.0404716,0.072509311,0.137547316,0.016335091,final_average,0.106666667,VBT-2015,MP-2021,0.08285895,0.058576636,0.074625099,0.359281493,0.520545054,0.089738772,0.030434681,6733219.826,6718297.035,1.002221216,10.04849478,0,0,0.0005,baseline,0,0,0,0,875987.0737,1488911.768,IN,INR
M02435,P006,DC,12/31/2025,Active,35,M,11,65,1447733.091,1351372.188,0.035039114,0.103630654,0.102216866,,account_balance,0.122706891,IALM_2012-14_Ultimate,MI-2012,0.062417296,0.049427592,0.069570384,0.625912031,0.296077337,0.031799936,0.046210696,4429603.274,4429603.274,1,12.81350929,0,0,0.002,baseline,0,0,0,0,921731.0041,1566662.546,IN,INR
M02436,P003,DC,12/31/2025,Active,34,F,4,62,1071629.494,992756.1425,0.038965287,0.072173634,0.085754212,,account_balance,0.136457969,IAM-2012,MI-2012,0.08542751,0.049521344,0.062389602,0.163185046,0.520512986,0.17200912,0.144292848,707829.9107,707829.9107,1,13.95122628,0,0,0.0017,rate_up_100bps,100,0,-50,80329.21952,57853.09205,98332.67195,IN,INR
M02437,P003,DC,12/31/2025,Active,55,M,3,64,2248451.309,2102015.755,0.034245786,0.093227971,0.125356198,,account_balance,0.026380358,RP-2014,None,0.05527305,0.053592417,0.066938769,0.415071632,0.229617438,0.313888669,0.041422262,1519095.829,1519095.829,1,14.12795736,0,0,0.008,baseline,0,0,0,0,230390.1607,391593.2459,IN,INR
M02438,P002,DB,12/31/2025,Active,53,M,9,66,831845.7424,729076.7254,0.06815624,0.077395808,0.130885855,0.012281496,flat,0.16,VBT-2015,MP-2020,0.050144124,0.045294152,0.066904019,0.222079858,0.516435963,0.203675171,0.057809009,866214.1297,1027549.818,0.842989911,12.75075379,0,0,0.0074,rate_down_100bps,-100,0,50,-108653.141,84667.46209,143908.9508,IN,INR
M02439,P003,DC,12/31/2025,Active,49,M,9,67,601570.6877,554965.9138,0.041142509,0.041650131,0.158093254,,account_balance,0.072891654,RP-2010,MP-2020,0.050626905,0.030964167,0.097393652,0.285600788,0.560147975,0.035284354,0.118966884,1515696.403,1515696.403,1,15.16815827,0,0,0.0062,equity_down_20,0,-0.2,0,-86576.8173,165606.2745,281480.3304,IN,INR
M02440,P001,DB,12/31/2025,Active,55,F,5,67,2022222.864,1842081.255,0.047755903,0.060220012,0.111676367,0.010046566,career_average,0.079678686,VBT-2015,MI-2012,0.058406396,0.056695724,0.09749523,0.289470292,0.536311266,0.173990387,0.000228055,1140089.605,1422289.165,0.801587773,15.37062355,0,0,0.008,equity_down_20,0,-0.2,0,-66004.41423,130247.296,221380.8143,IN,INR
M02441,P003,DC,12/31/2025,Active,35,M,2,65,1292435.057,1137468.991,0.065944472,0.10162234,0.131766603,,account_balance,0.163616291,VBT-2015,MP-2020,0.054550985,0.042074141,0.070232051,0.393050739,0.583937628,0.022142433,0.0008692,568234.7546,568234.7546,1,13.63524784,0,0,0.002,rate_up_100bps,100,0,-50,60889.53437,80486.77434,136803.0523,IN,INR
M02442,P003,DC,12/31/2025,Active,47,M,8,66,1843563.715,1649802.168,0.057092864,0.091711444,0.07500306,,account_balance,0.042043395,IALM_2012-14_Ultimate,MP-2021,0.072156512,0.059539942,0.064225672,0.565486831,0.343772309,0.01485801,0.07588285,2822475.402,2822475.402,1,13.96525948,0,0,0.0056,rate_down_100bps,-100,0,50,-345651.5693,533845.1784,907374.5404,IN,INR
M02443,P005,DB,12/31/2025,Active,43,M,27,62,1463899.018,1315938.285,0.054721499,0.007422712,0.060906293,0.017605141,final_average,0.027568183,RP-2014,MP-2021,0.067936565,0.042191336,0.071268728,0.312835844,0.397480667,0.186666727,0.103016762,7115034.099,6726839.242,1.05770836,10.75405481,0,0,0.0044,baseline,0,0,0,0,826474.4826,1404755.412,IN,INR
M02444,P005,DB,12/31/2025,Active,52,M,14,62,2062778.301,1842037.847,0.058222528,0.074853786,0.082169054,0.013061109,career_average,0.050266927,VBT-2015,MI-2012,0.074242111,0.050050035,0.091857895,0.509410489,0.351412982,0.083407021,0.055769508,4363873.714,4710688.954,0.92637696,13.98549302,0,0,0.0071,rate_up_100bps,100,0,-50,582136.9811,750324.5404,1275323.656,IN,INR
M02445,P003,DC,12/31/2025,Active,43,M,13,60,782160.6821,691997.5112,0.06315289,0.043354853,0.158660561,,account_balance,0.047196935,RP-2010,MI-2012,0.057706283,0.043796206,0.094830645,0.301479711,0.657612808,0.032917771,0.00798971,3274820.776,3274820.776,1,9.67752965,0,0,0.0044,equity_down_20,0,-0.2,0,-197458.4039,388768.3423,660788.0152,IN,INR
M02446,P002,DB,12/31/2025,Active,40,M,10,65,904479.0316,797282.4645,0.065106771,0.018573107,0.034582194,0.012691422,flat,0.039653119,RP-2010,MP-2020,0.08015356,0.036972584,0.080044068,0.385876715,0.513290769,0.077842873,0.022989644,1408718.897,1430380.87,0.984855801,14.13608626,0,0,0.0035,baseline,0,0,0,0,193769.5593,329349.3543,IN,INR
M02447,P002,DB,12/31/2025,Active,49,M,9,67,900201.0574,807707.0601,0.055705587,0.041695842,0.100624782,0.017354729,career_average,0.128791509,IALM_2012-14_Ultimate,MP-2021,0.074418757,0.057923146,0.081604762,0.396779572,0.338694931,0.259037635,0.005487862,2051651.623,1865361.312,1.099868219,14.78593308,0,0,0.0062,rate_down_100bps,-100,0,50,-241066.8752,295701.4712,502602.6221,IN,INR
M02448,P002,DB,12/31/2025,Active,53,M,15,62,905680.5932,797602.3061,0.065600291,0.046264837,0.133731521,0.009384745,flat,0.028583813,VBT-2015,MP-2020,0.058847772,0.048815708,0.078348144,0.327103642,0.395481541,0.105009629,0.172405188,2045030.519,2002624.178,1.021175386,17.83607651,0,0,0.0074,baseline,0,0,0,0,237987.6604,404506.6859,IN,INR
M02449,P001,DB,12/31/2025,Active,37,M,5,65,486420.6397,440010.3711,0.051415901,0.04064817,0.033069393,0.011298556,career_average,0.06128493,RP-2010,None,0.065956999,0.043515651,0.067312222,0.188306645,0.403164881,0.391030016,0.017498458,250099.5868,318790.4008,0.784526718,12.82476386,0,0,0.0026,baseline,0,0,0,0,26679.73948,45347.44778,IN,INR
M02450,P002,DB,12/31/2025,Active,43,F,30,65,1059753.397,977747.9276,0.041091634,0.046339665,0.053523569,0.01330241,final_average,0.054674905,RP-2010,MP-2021,0.078728219,0.034325024,0.061990951,0.20176011,0.741659844,0.051173577,0.005406469,6270072.574,5252566.67,1.193715943,13.46148827,0,0,0.0044,rate_up_100bps,100,0,-50,474560.5936,622815.5185,1058597.076,IN,INR
M02451,P002,DB,12/31/2025,Active,33,F,5,67,1405612.839,1238799.147,0.065203068,0.071323915,0.085222207,0.013748145,career_average,0.021653464,IALM_2012-14_Ultimate,None,0.077214827,0.059973212,0.084855878,0.731727757,0.208927978,0.030618408,0.028725857,906789.3246,1112939.216,0.814769856,13.06942346,0,0,0.0014,equity_down_20,0,-0.2,0,-132704.5837,219167.3974,372517.9593,IN,INR
M02452,P006,DC,12/31/2025,Active,20,M,15,65,724883.9612,655418.4714,0.051658913,0.064705513,0.1543046,,account_balance,0.114575295,VBT-2015,MP-2020,0.072493534,0.056854368,0.091949196,0.241169583,0.660911591,0.068752519,0.029166307,4164782.731,4164782.731,1,11.338053,0,0,0.0005,baseline,0,0,0,0,431517.0982,733447.9068,IN,INR
M02453,P003,DC,12/31/2025,Active,46,M,5,68,652684.4669,574101.7249,0.066245504,0.096055946,0.174824251,,account_balance,0.117129228,IALM_2012-14_Ultimate,MP-2020,0.089160717,0.042683552,0.089973891,0.470415104,0.383019416,0.118104883,0.028460597,964442.5232,964442.5232,1,9.849123725,0,0,0.0053,rate_down_100bps,-100,0,50,-76519.12677,155288.9992,263944.0984,IN,INR
M02454,P002,DB,12/31/2025,Active,50,F,12,63,926179.5737,870295.7845,0.031606713,0.030336926,0.036803379,0.015423686,career_average,0.071559166,VBT-2015,MP-2021,0.055272904,0.035143719,0.096011819,0.616354203,0.252881145,0.108711731,0.022052921,2832740.511,2378376.45,1.19103959,14.76536864,0,0,0.0065,baseline,0,0,0,0,581944.2225,989128.2955,IN,INR
M02455,P004,Hybrid,12/31/2025,Active,47,F,16,63,1401488.148,1281175.367,0.04590063,0.03536275,0.092285846,0.093360258,cash_balance,0.081714313,RP-2010,MP-2020,0.069531162,0.030890598,0.092545918,0.487320284,0.267364409,0.101996776,0.143318531,2675771.984,2738980.658,0.976922556,9.648939152,0,0,0.0056,high_inflation,150,-0.05,300,277570.5027,438144.9159,744713.1823,IN,INR
M02456,P001,DB,12/31/2025,Active,25,M,3,64,606790.766,532068.8901,0.067912201,0.061379896,0.128245166,0.022880469,final_average,0.115982998,RP-2014,MP-2021,0.074961392,0.034555055,0.071503045,0.323725683,0.607611331,0.050314389,0.018348597,529985.6457,470058.5551,1.127488565,12.87057403,0,0,0.0005,rate_up_100bps,100,0,-50,44397.97011,64993.53169,110469.249,IN,INR
M02457,P003,DC,12/31/2025,Active,40,F,6,63,2816132.377,2603742.767,0.039986004,0.118384814,0.103718731,,account_balance,0.032460857,RP-2010,MP-2020,0.089761038,0.046032874,0.064672548,0.354129817,0.379989268,0.140092667,0.125788248,4187482.31,4187482.31,1,9.099126911,0,0,0.0035,rate_down_100bps,-100,0,50,-301464.4129,525523.885,893230.8708,IN,INR
M02458,P004,Hybrid,12/31/2025,Active,22,M,6,60,548742.363,481394.7674,0.06766145,0.072303629,0.071924334,0.088618034,cash_balance,0.08552855,RP-2014,MP-2021,0.07170362,0.05447377,0.077229353,0.520495607,0.421740344,0.000689015,0.057075034,258997.4718,293984.289,0.880990861,17.46469686,0,0,0.0005,baseline,0,0,0,0,45643.69453,77580.40723,IN,INR
M02459,P003,DC,12/31/2025,Active,58,M,9,65,761603.7195,667512.8149,0.068156098,0.057858394,0.071775126,,account_balance,0.080220749,VBT-2015,None,0.067694818,0.040905651,0.073932317,0.324081069,0.328577467,0.024603324,0.322738141,1073533.335,1073533.335,1,15.27700942,0,0,0.0089,rate_down_100bps,-100,0,50,-146366.8455,119889.7453,203776.1263,IN,INR
M02460,P003,DC,12/31/2025,Active,33,M,13,65,1640212.121,1445332.7,0.065285693,0.045315667,0.106186816,,account_balance,0.065277218,VBT-2015,None,0.086891674,0.043019438,0.089143309,0.277827849,0.576221976,0.088381239,0.057568936,4958880.146,4958880.146,1,11.00822293,0,0,0.0014,rate_up_100bps,100,0,-50,403013.7956,540830.9927,919248.3012,IN,INR
M02461,P006,DC,12/31/2025,Deferred,57,M,27,65,1521777.068,1373625.263,0.052546722,0.061673729,0.179048586,,account_balance,0.02786706,IAM-2012,MP-2021,0.070255322,0.044198158,0.06271894,0.216498712,0.563614026,0.138029908,0.081857353,20295374.33,20295374.33,1,11.48538813,0,0,0.0086,rate_down_100bps,-100,0,50,-1759064.633,1915974.652,3256574.546,IN,INR
M02462,P006,DC,12/31/2025,Active,53,M,8,63,1462992.249,1312244.89,0.055877578,0.071818557,0.128273118,,account_balance,0.115647474,VBT-2015,MP-2021,0.087569104,0.030527292,0.097720405,0.603912966,0.336289944,0.044803034,0.014994056,3050007.064,3050007.064,1,11.9001947,0,0,0.0074,baseline,0,0,0,0,614987.9639,1045292.612,IN,INR
M02463,P004,Hybrid,12/31/2025,Active,35,M,26,64,723281.6613,637945.9225,0.06478468,0.066997135,0.144387804,0.084289582,cash_balance,0.004286233,VBT-2015,None,0.080016371,0.03531123,0.098286727,0.195956991,0.564836263,0.19471557,0.044491176,2902315.12,2724336.283,1.065329247,13.67170218,0,0,0.002,high_inflation,150,-0.05,300,407308.3056,271366.894,461241.2375,IN,INR
M02464,P003,DC,12/31/2025,Active,33,F,13,63,787763.1982,699738.1377,0.061035883,0.089504505,0.116522269,,account_balance,0.054330093,IAM-2012,MP-2020,0.05671559,0.045027264,0.06353379,0.377855581,0.289139182,0.130174203,0.202831034,2796958.111,2796958.111,1,14.68604021,0,0,0.0014,baseline,0,0,0,0,364034.0432,618747.2248,IN,INR
M02465,P004,Hybrid,12/31/2025,Active,48,M,5,60,669717.4541,601476.9135,0.055203754,0.038592954,0.088503291,0.119094466,cash_balance,0.026181263,RP-2014,MI-2012,0.056698627,0.038381803,0.077358546,0.652954759,0.202231091,0.133101316,0.011712833,346451.0498,392644.1406,0.882353801,9.689277214,0,0,0.0059,high_inflation,150,-0.05,300,40500.98775,75298.18636,127984.0298,IN,INR
M02466,P002,DB,12/31/2025,Active,36,M,10,64,852486.9168,745583.7023,0.069290376,0.062484124,0.077991704,0.018864394,final_average,0.105590692,VBT-2015,MP-2021,0.062718951,0.045699688,0.095965834,0.28634167,0.331151488,0.223161229,0.159345613,2418138.018,2101749.899,1.15053557,14.94313676,0,0,0.0023,baseline,0,0,0,0,263683.3535,448181.554,IN,INR
M02467,P003,DC,12/31/2025,Active,45,M,4,61,1169674.241,1046078.031,0.057427065,0.107998763,0.130643754,,account_balance,0.039908972,IALM_2012-14_Ultimate,None,0.052706641,0.033243003,0.067491252,0.146816335,0.796699756,0.017066666,0.039417243,1137890.689,1137890.689,1,9.66990799,0,0,0.005,rate_down_100bps,-100,0,50,-64705.12098,105082.5681,178608.4258,IN,INR
M02468,P001,DB,12/31/2025,Active,39,M,9,61,668256.3981,584752.4499,0.06901928,0.043697143,0.038626784,0.011001807,career_average,0.030208765,VBT-2015,MP-2021,0.071701634,0.054084459,0.087688556,0.402079178,0.258055287,0.056130866,0.283734669,946660.8905,997329.3831,0.949195829,17.22503109,0,0,0.0032,baseline,0,0,0,0,128035.1421,217620.8251,IN,INR
M02469,P003,DC,12/31/2025,Active,26,M,8,65,448343.7287,420729.5329,0.032295539,0.043349976,0.119146868,,account_balance,0.112602219,VBT-2015,None,0.084389694,0.053512333,0.088448566,0.494799289,0.356874977,0.135192723,0.01313301,767661.151,767661.151,1,13.47588364,0,0,0.0005,baseline,0,0,0,0,129489.6501,220093.0465,IN,INR
M02470,P003,DC,12/31/2025,Active,22,F,12,60,1666354.43,1553882.502,0.035558415,0.080323615,0.179130153,,account_balance,0.084077238,RP-2010,MP-2020,0.066000985,0.050095771,0.069343884,0.385870885,0.361848125,0.032065136,0.220215854,7233754.113,7233754.113,1,17.40309449,0,0,0.0005,baseline,0,0,0,0,955441.6044,1623960.32,IN,INR
M02471,P002,DB,12/31/2025,Active,46,M,15,67,907932.4066,826575.6163,0.048058354,0.087701656,0.148574109,0.022421953,final_average,0.046628754,VBT-2015,MP-2020,0.075932666,0.045943196,0.060246654,0.373724767,0.487441444,0.123806032,0.015027757,4674979.371,4109382.907,1.137635377,14.78186793,0,0,0.0053,rate_up_100bps,100,0,-50,493504.6192,627736.773,1066961.713,IN,INR
M02472,P006,DC,12/31/2025,Active,38,M,10,64,1378682.824,1261546.839,0.045395178,0.071399184,0.131265748,,account_balance,0.155555556,VBT-2015,MI-2012,0.089259292,0.041696508,0.086578757,0.561581525,0.304549958,0.105127711,0.028740807,3872469.8,3872469.8,1,12.61074847,0,0,0.0029,rate_down_100bps,-100,0,50,-429379.4003,729329.1081,1239637.803,IN,INR
M02473,P006,DC,12/31/2025,Active,38,F,5,68,856736.2856,760611.9506,0.061309394,0.111742249,0.072796412,,account_balance,0.069932227,IALM_2012-14_Ultimate,MI-2012,0.057749374,0.050479601,0.084690262,0.053987057,0.391468692,0.534678782,0.019865469,859973.1003,859973.1003,1,16.04546362,0,0,0.0029,baseline,0,0,0,0,97857.04188,166327.2274,IN,INR
M02474,P005,DB,12/31/2025,Deferred,51,M,23,61,1257024.694,1170222.427,0.036424561,0.005641437,0.079418922,0.018412775,final_average,0.010676723,IAM-2012,MI-2012,0.064322632,0.053454573,0.085988363,0.611747719,0.274377862,0.062584063,0.051290357,4163959.359,4763894.011,0.874066331,9.612726754,0,0,0.0068,rate_up_100bps,100,0,-50,400815.2008,847182.2829,1439952.379,IN,INR
M02475,P003,DC,12/31/2025,Deferred,56,F,28,64,2804638.121,2454063.684,0.069043807,0.096478062,0.164961774,,account_balance,0.008729899,IAM-2012,MP-2020,0.050999592,0.054257772,0.066257742,0.175466446,0.663154176,0.137013786,0.024365592,44104853.77,44104853.77,1,14.28324503,0,0,0.0083,high_inflation,150,-0.05,300,6868836.56,4029838.759,6849501.016,IN,INR
M02476,P006,DC,12/31/2025,Active,41,M,10,63,588611.1689,541490.5255,0.042602635,0.064189231,0.096041355,,account_balance,0.016612013,IAM-2012,MP-2020,0.05927576,0.040427422,0.08414937,0.209322331,0.498527175,0.129046282,0.163104212,1299516.789,1299516.789,1,11.31904653,0,0,0.0038,high_inflation,150,-0.05,300,158450.1384,114916.3514,195322.8685,IN,INR
M02477,P001,DB,12/31/2025,Active,41,M,13,66,693796.963,632716.029,0.047156948,0.012331401,0.118728692,0.015369299,career_average,0.042032012,RP-2010,MP-2021,0.08117678,0.035818464,0.081666984,0.493911153,0.436105146,0.044974673,0.025009028,2240599.769,2096572.602,1.068696484,16.58454887,0,0,0.0038,equity_down_20,0,-0.2,0,-221331.4433,377173.1298,641079.6784,IN,INR
M02478,P005,DB,12/31/2025,Active,49,M,9,63,656493.2583,605811.2321,0.040989801,0.025769052,0.128336108,0.016927819,career_average,0.056149161,VBT-2015,MP-2021,0.076263609,0.040254929,0.078102209,0.747194776,0.17962861,0.072194641,0.000981973,1724870.538,1570470.331,1.098314628,17.01566438,0,0,0.0062,baseline,0,0,0,0,425831.311,723783.7968,IN,INR
M02479,P001,DB,12/31/2025,Active,30,M,12,62,2537984.129,2288169.512,0.053174545,0.09440425,0.079991173,0.021186215,final_average,0.107578574,RP-2014,MP-2020,0.081352332,0.030231755,0.09107691,0.522459203,0.44582222,0.029280621,0.002437956,8092840.231,8300850.574,0.974941081,14.26920507,0,0,0.0005,baseline,0,0,0,0,1436689.962,2441936.251,IN,INR
M02480,P005,DB,12/31/2025,Active,46,M,12,66,976632.6272,916392.2066,0.032345148,0.08238558,0.11600502,0.012402193,career_average,0.075297096,RP-2014,MP-2021,0.067012541,0.04269682,0.075531925,0.587274754,0.32480673,0.085402716,0.0025158,1763095.933,1547659.573,1.139201388,11.34786912,0,0,0.0053,baseline,0,0,0,0,346587.9295,589094.1343,IN,INR
M02481,P002,DB,12/31/2025,Active,50,F,5,63,1467931.614,1367719.781,0.0359871,0.078182771,0.139946711,0.014056534,flat,0.177777778,IALM_2012-14_Ultimate,MP-2021,0.079425341,0.038204462,0.074130687,0.633510068,0.232247122,0.099146246,0.035096564,1270519.4,1201658.903,1.057304529,12.50074287,0,0,0.0065,equity_down_20,0,-0.2,0,-160977.3663,267563.4598,454776.5553,IN,INR
M02482,P006,DC,12/31/2025,Active,51,F,9,60,299622.4775,266747.5318,0.059831908,0.112001888,0.100986945,,account_balance,0.019046551,RP-2010,MP-2021,0.073982283,0.053701198,0.081640223,0.140811045,0.764057676,0.093104067,0.002027212,727901.2802,727901.2802,1,14.58438532,0,0,0.0068,baseline,0,0,0,0,65797.60087,111835.9222,IN,INR
M02483,P006,DC,12/31/2025,Active,25,F,19,63,1165320.207,1082686.036,0.037460023,0.103175561,0.161936163,,account_balance,0.039255936,RP-2010,MP-2021,0.063136732,0.05024437,0.097767691,0.320734811,0.561869049,0.082088072,0.035308068,13229221.71,13229221.71,1,12.82722113,0,0,0.0005,high_inflation,150,-0.05,300,1775776.921,1591534.97,2705125.7,IN,INR
M02484,P001,DB,12/31/2025,Active,36,F,18,65,837046.9431,774760.0055,0.039420578,0.012058622,0.106428263,0.020775893,final_average,0.006438798,VBT-2015,MP-2020,0.06649615,0.030779536,0.073770295,0.241166621,0.319997262,0.342088887,0.096747231,4131413.455,4633962.93,0.891550821,15.99385524,0,0,0.0023,rate_down_100bps,-100,0,50,-675047.2733,449842.1365,764594.9019,IN,INR
M02485,P003,DC,12/31/2025,Active,35,M,9,62,1839260.974,1631638.485,0.061719289,0.098670717,0.101840089,,account_balance,0.032668015,RP-2014,MP-2020,0.071653219,0.034328607,0.077813201,0.374339411,0.548453771,0.012093119,0.0651137,4125247.174,4125247.174,1,12.32041475,0,0,0.002,baseline,0,0,0,0,555071.4682,943452.7813,IN,INR
M02486,P006,DC,12/31/2025,Active,45,M,12,63,1324363.316,1239342.042,0.033732047,0.080151442,0.075522764,,account_balance,0.029130016,RP-2010,MP-2020,0.088257392,0.04626574,0.070652916,0.457931655,0.209365449,0.255603436,0.07709946,3487235.794,3487235.794,1,13.54929204,0,0,0.005,rate_up_100bps,100,0,-50,435990.4276,558749.7904,949704.8109,IN,INR
M02487,P003,DC,12/31/2025,Active,49,M,9,61,815152.0168,742901.803,0.047498953,0.099677345,0.07732506,,account_balance,0.108368119,IALM_2012-14_Ultimate,MP-2020,0.087254484,0.048542919,0.087184498,0.515386443,0.135050654,0.275557128,0.074005776,1723922.422,1723922.422,1,10.70120379,0,0,0.0062,baseline,0,0,0,0,307850.7001,523252.6186,IN,INR
M02488,P006,DC,12/31/2025,Active,59,F,16,64,2004526.959,1886078.807,0.030922535,0.079561244,0.151048907,,account_balance,0.073626674,RP-2014,MP-2020,0.089459097,0.053066386,0.074563408,0.199655296,0.693987989,0.044941159,0.061415556,12371279.42,12371279.42,1,15.28015392,0,0,0.0092,rate_up_100bps,100,0,-50,1461074.571,1179252.052,2004370.054,IN,INR
M02489,P004,Hybrid,12/31/2025,Active,39,M,3,65,2089076.805,1917165.758,0.043872296,0.04641392,0.049133299,0.100246044,cash_balance,0.046431453,RP-2010,MP-2020,0.050656469,0.059048572,0.08770787,0.334378532,0.577990535,0.067053969,0.020576963,655677.283,605771.5908,1.082383679,16.78701812,0,0,0.0032,rate_up_100bps,100,0,-50,82742.22352,81715.57573,138891.6412,IN,INR
M02490,P003,DC,12/31/2025,Active,39,M,15,63,1938761.611,1732154.102,0.057959256,0.085592756,0.091250588,,account_balance,0.074696549,VBT-2015,MP-2021,0.078687193,0.051057592,0.065828408,0.258840211,0.53861531,0.033169368,0.169375112,7411757.321,7411757.321,1,12.29962396,0,0,0.0032,baseline,0,0,0,0,745930.6767,1267855.424,IN,INR
M02491,P002,DB,12/31/2025,Deferred,55,F,24,63,1387649.436,1298886.761,0.033604131,0.027496558,0.107484328,0.023228663,final_average,0.045130726,VBT-2015,MP-2020,0.085786218,0.046346905,0.070550574,0.252693762,0.483946858,0.110386748,0.152972632,11502778.02,12738923.55,0.902963109,17.59243646,0,0,0.008,high_inflation,150,-0.05,300,2798791.539,1131392.527,1923023.407,IN,INR
M02492,P002,DB,12/31/2025,Active,47,M,7,61,869107.8501,765490.0494,0.065533385,0.022862106,0.093073872,0.015265237,career_average,0.100849453,VBT-2015,MP-2020,0.079571425,0.042432759,0.068252272,0.262755459,0.519603485,0.145957723,0.071683333,824789.9697,764441.6744,1.078944277,9.345514172,0,0,0.0056,baseline,0,0,0,0,86247.4301,146594.4162,IN,INR
M02493,P005,DB,12/31/2025,Deferred,57,M,22,62,1092997.291,961158.7725,0.066379962,0.088747888,0.034371206,0.01730195,final_average,0.097545509,VBT-2015,MP-2021,0.066656032,0.052145789,0.091096107,0.140637782,0.690693887,0.074445865,0.094222465,4266134.557,4018251.765,1.061689214,10.98308325,0,0,0.0086,baseline,0,0,0,0,357098.9646,606959.6992,IN,INR
M02494,P003,DC,12/31/2025,Active,47,M,13,62,816251.7754,763159.6416,0.034199615,0.111586964,0.162809098,,account_balance,0.074834434,RP-2014,None,0.078991669,0.058042542,0.063582711,0.305804447,0.46846271,0.223841607,0.001891235,4063964.159,4063964.159,1,12.71209912,0,0,0.0056,rate_up_100bps,100,0,-50,421424.369,484492.4107,823489.8361,IN,INR
M02495,P003,DC,12/31/2025,Active,32,M,10,64,1087712.258,950708.6448,0.069629297,0.076282969,0.163217557,,account_balance,0.089607903,RP-2014,None,0.067765331,0.042687277,0.070077839,0.385057192,0.345811667,0.202453585,0.066677556,3194705.018,3194705.018,1,12.82006702,0,0,0.0011,high_inflation,150,-0.05,300,469980.3094,438176.9122,744767.5662,IN,INR
M02496,P003,DC,12/31/2025,Active,31,F,9,64,753449.0156,694066.0607,0.041901182,0.076458563,0.109551948,,account_balance,0.030189768,RP-2010,MP-2020,0.078567826,0.047538983,0.080295611,0.622332831,0.352163776,0.01648688,0.009016513,1644835.826,1644835.826,1,16.14058802,0,0,0.0008,high_inflation,150,-0.05,300,303603.6249,341636.4437,580678.1134,IN,INR
M02497,P003,DC,12/31/2025,Active,28,F,22,67,912226.9412,854272.0213,0.033364067,0.081214957,0.133450508,,account_balance,0.027324889,IALM_2012-14_Ultimate,MP-2021,0.081214033,0.036211032,0.063513,0.463205302,0.435939238,0.027266137,0.073589322,7942402.195,7942402.195,1,16.98466303,0,0,0.0005,equity_down_20,0,-0.2,0,-735792.5622,1258460.34,2139000.068,IN,INR
M02498,P006,DC,12/31/2025,Active,51,M,9,61,2583348.394,2434095.566,0.030202685,0.081567142,0.137034189,,account_balance,0.088549842,IAM-2012,MP-2021,0.083727692,0.055724007,0.060442209,0.374127487,0.555510522,0.040842375,0.029519616,6236263.573,6236263.573,1,11.72768716,0,0,0.0068,equity_down_20,0,-0.2,0,-466631.5238,841828.2517,1430852.153,IN,INR
M02499,P006,DC,12/31/2025,Deferred,56,M,26,64,1132483.085,1034392.369,0.046340916,0.116030972,0.149910974,,account_balance,0.045594517,IAM-2012,MP-2021,0.079120976,0.051405802,0.087645697,0.282635828,0.331926378,0.27466925,0.110768544,21319759.17,21319759.17,1,14.74879663,0,0,0.0083,rate_down_100bps,-100,0,50,-2790578.399,2399112.986,4077762.863,IN,INR
M02500,P003,DC,12/31/2025,Retired,62,F,24,64,811433.1381,728768.2293,0.055192399,0.091952037,0.122482811,,account_balance,0.08401703,VBT-2015,MP-2021,0.056400754,0.040641217,0.084543164,0.385558636,0.451769097,0.038547238,0.124125028,9932489.905,9932489.905,1,13.96464272,662165.9937,0,0.0101,rate_down_100bps,-100,0,50,-1162677.128,1337789.461,2273835.461,IN,INR
